"id","programName","programDescription","programType","targetRace","workoutDay","workoutTitle","sessionType","garminSport","exerciseName","exerciseDetails","garminExerciseCategory","garminExerciseName","weightKg","restSeconds","sets","reps","runType","runDistance","runPaceZone","runDescription","runEffortLevel","noIntervals"
"","ATHX 2027 — Women's Pro Division","Twelve-week preparation plan for ATHX 2027 — Women's edition, Pro division loads. Starts Monday 2 November 2026 and runs to competition weekend, ATHX London on 23-24 January 2027. Four phases: Base (weeks 1-4), Development (5-8), Specific (9-11), then Taper and Competition (12). Six training days a week across 72 training days and 12 rest days, 24 of them doubled AM and PM. Trains all three competition zones — Strength, Endurance and MetCon X — and carries the plan's own fuelling, hydration, recovery, teaching and daily log prompts on each day.","hybrid","","1","AM — Aerobic Run","cardio","RUNNING","Aerobic Run","35 min easy","","","","","","","","","","","",""
"","ATHX 2027 — Women's Pro Division","Twelve-week preparation plan for ATHX 2027 — Women's edition, Pro division loads. Starts Monday 2 November 2026 and runs to competition weekend, ATHX London on 23-24 January 2027. Four phases: Base (weeks 1-4), Development (5-8), Specific (9-11), then Taper and Competition (12). Six training days a week across 72 training days and 12 rest days, 24 of them doubled AM and PM. Trains all three competition zones — Strength, Endurance and MetCon X — and carries the plan's own fuelling, hydration, recovery, teaching and daily log prompts on each day.","hybrid","","1","AM — Aerobic Run","cardio","RUNNING","Note","Warm-up 8 min easy. Main set at conversational. Cool-down 5 min easy. Full sentences throughout.","","","","","","","","","","","",""
"","ATHX 2027 — Women's Pro Division","Twelve-week preparation plan for ATHX 2027 — Women's edition, Pro division loads. Starts Monday 2 November 2026 and runs to competition weekend, ATHX London on 23-24 January 2027. Four phases: Base (weeks 1-4), Development (5-8), Specific (9-11), then Taper and Competition (12). Six training days a week across 72 training days and 12 rest days, 24 of them doubled AM and PM. Trains all three competition zones — Strength, Endurance and MetCon X — and carries the plan's own fuelling, hydration, recovery, teaching and daily log prompts on each day.","hybrid","","1","AM — Aerobic Run","cardio","RUNNING","Note · Week 1 of 12 — Base Phase","WEEK 1 OF 4, week commencing 2026-11-02.
What changes: You are building the platform, not testing it. Four weeks of aerobic volume, ski technique and strength accumulation. Nothing here should feel maximal.
One priority: Benchmark carefully in Week 1, since every number you record now is what the following eleven weeks are measured against.
If you miss a session: Drop it and move on. Nothing in this phase is irreplaceable, and doubling up usually costs more than the missed session was worth. If two are missed in a week, repeating the week is the better option.
Looking ahead: Week 2 adds roughly ten per cent across the board. Same shape, more of it.
Volume: run 1h55 · ski 25m · 2 lift sessions · 5h00 total","","","","","","","","","","","",""
"","ATHX 2027 — Women's Pro Division","Twelve-week preparation plan for ATHX 2027 — Women's edition, Pro division loads. Starts Monday 2 November 2026 and runs to competition weekend, ATHX London on 23-24 January 2027. Four phases: Base (weeks 1-4), Development (5-8), Specific (9-11), then Taper and Competition (12). Six training days a week across 72 training days and 12 rest days, 24 of them doubled AM and PM. Trains all three competition zones — Strength, Endurance and MetCon X — and carries the plan's own fuelling, hydration, recovery, teaching and daily log prompts on each day.","hybrid","","1","AM — Aerobic Run","cardio","RUNNING","Note · Why this session","Aerobic volume builds the base every later phase draws on. Upper work runs at accumulation loads. Run first, lift six hours later.","","","","","","","","","","","",""
"","ATHX 2027 — Women's Pro Division","Twelve-week preparation plan for ATHX 2027 — Women's edition, Pro division loads. Starts Monday 2 November 2026 and runs to competition weekend, ATHX London on 23-24 January 2027. Four phases: Base (weeks 1-4), Development (5-8), Specific (9-11), then Taper and Competition (12). Six training days a week across 72 training days and 12 rest days, 24 of them doubled AM and PM. Trains all three competition zones — Strength, Endurance and MetCon X — and carries the plan's own fuelling, hydration, recovery, teaching and daily log prompts on each day.","hybrid","","1","AM — Aerobic Run","cardio","RUNNING","Note · The push press","Shoulder to Overhead permits a dip and drive. That is worth twenty to thirty per cent over a strict press for most trained athletes, which is why every benchmark built on strict press understates this event. Dip shallow and vertical, drive through the whole foot, and move the head through as the bar passes. The legs start the lift and the arms finish it.","","","","","","","","","","","",""
"","ATHX 2027 — Women's Pro Division","Twelve-week preparation plan for ATHX 2027 — Women's edition, Pro division loads. Starts Monday 2 November 2026 and runs to competition weekend, ATHX London on 23-24 January 2027. Four phases: Base (weeks 1-4), Development (5-8), Specific (9-11), then Taper and Competition (12). Six training days a week across 72 training days and 12 rest days, 24 of them doubled AM and PM. Trains all three competition zones — Strength, Endurance and MetCon X — and carries the plan's own fuelling, hydration, recovery, teaching and daily log prompts on each day.","hybrid","","1","AM — Aerobic Run","cardio","RUNNING","Note · Plan overview","ATHX 2027 — Women's Edition — Pro division.
Assumed start: Monday 02 November 2026.
Assumed competition: Sunday 24 January 2027 (ATHX London, 23-24 Jan).
Racing Saturday 23 Jan? Shift Week 12 Sat and Sun by one day.

Twelve weeks in four phases: Base (weeks 1-4), Development (5-8), Specific (9-11), Taper and Competition (12). Seventy-two training days, twelve rest days, twenty-four of the training days doubled AM and PM with at least six hours between them.

Loads shown are the Pro division. Where a prescription is not tiered, all three divisions share the same value.
Standards are built from the 2027 workout specifications and the 2026 movement standards. Check athxgames.com before competing.","","","","","","","","","","","",""
"","ATHX 2027 — Women's Pro Division","Twelve-week preparation plan for ATHX 2027 — Women's edition, Pro division loads. Starts Monday 2 November 2026 and runs to competition weekend, ATHX London on 23-24 January 2027. Four phases: Base (weeks 1-4), Development (5-8), Specific (9-11), then Taper and Competition (12). Six training days a week across 72 training days and 12 rest days, 24 of them doubled AM and PM. Trains all three competition zones — Strength, Endurance and MetCon X — and carries the plan's own fuelling, hydration, recovery, teaching and daily log prompts on each day.","hybrid","","1","AM — Aerobic Run","cardio","RUNNING","Note · MetCon X — Pro division","Row, each end: 35 cal
DB Ground to Overhead: 30 dual @ 15 kg
DB Bench Press: 30 @ 15 kg
Sandbag Squats: 30 @ 50 kg
Sandbag Carry: 30 m @ 50 kg
Burpees over bench: 30","","","","","","","","","","","",""
"","ATHX 2027 — Women's Pro Division","Twelve-week preparation plan for ATHX 2027 — Women's edition, Pro division loads. Starts Monday 2 November 2026 and runs to competition weekend, ATHX London on 23-24 January 2027. Four phases: Base (weeks 1-4), Development (5-8), Specific (9-11), then Taper and Competition (12). Six training days a week across 72 training days and 12 rest days, 24 of them doubled AM and PM. Trains all three competition zones — Strength, Endurance and MetCon X — and carries the plan's own fuelling, hydration, recovery, teaching and daily log prompts on each day.","hybrid","","1","AM — Aerobic Run","cardio","RUNNING","Note · Endurance Zone — Pro division","Run buy-in: 3 km
Then: Max ski
Time cap: 24 min
Score: Ski metres","","","","","","","","","","","",""
"","ATHX 2027 — Women's Pro Division","Twelve-week preparation plan for ATHX 2027 — Women's edition, Pro division loads. Starts Monday 2 November 2026 and runs to competition weekend, ATHX London on 23-24 January 2027. Four phases: Base (weeks 1-4), Development (5-8), Specific (9-11), then Taper and Competition (12). Six training days a week across 72 training days and 12 rest days, 24 of them doubled AM and PM. Trains all three competition zones — Strength, Endurance and MetCon X — and carries the plan's own fuelling, hydration, recovery, teaching and daily log prompts on each day.","hybrid","","1","AM — Aerobic Run","cardio","RUNNING","Note · Strength Zone","Window · Scoring
1RM Shoulder to Overhead: 0-5 min · Heaviest single
2RM Back Squat: 5-10 min · Heaviest double
3RM Deadlift: 10-15 min · Average of two 1-minute windows","","","","","","","","","","","",""
"","ATHX 2027 — Women's Pro Division","Twelve-week preparation plan for ATHX 2027 — Women's edition, Pro division loads. Starts Monday 2 November 2026 and runs to competition weekend, ATHX London on 23-24 January 2027. Four phases: Base (weeks 1-4), Development (5-8), Specific (9-11), then Taper and Competition (12). Six training days a week across 72 training days and 12 rest days, 24 of them doubled AM and PM. Trains all three competition zones — Strength, Endurance and MetCon X — and carries the plan's own fuelling, hydration, recovery, teaching and daily log prompts on each day.","hybrid","","1","AM — Aerobic Run","cardio","RUNNING","Note · Benchmarks (% bodyweight)","Competitive · Advanced · Elite
1RM Shoulder to Overhead: 60-70% · 70-80% · >80%
2RM Back Squat: 110-130% · 130-155% · >155%
3RM Deadlift: 135-160% · 160-185% · >185%
Strength total (x BW): 3.1-3.6 · 3.6-4.2 · >4.2","","","","","","","","","","","",""
"","ATHX 2027 — Women's Pro Division","Twelve-week preparation plan for ATHX 2027 — Women's edition, Pro division loads. Starts Monday 2 November 2026 and runs to competition weekend, ATHX London on 23-24 January 2027. Four phases: Base (weeks 1-4), Development (5-8), Specific (9-11), then Taper and Competition (12). Six training days a week across 72 training days and 12 rest days, 24 of them doubled AM and PM. Trains all three competition zones — Strength, Endurance and MetCon X — and carries the plan's own fuelling, hydration, recovery, teaching and daily log prompts on each day.","hybrid","","1","AM — Aerobic Run","cardio","RUNNING","Note · Key figures","Endurance Zone cap: Twenty-four minutes, which is 1,440 seconds
Value of 15 s/km on the 3 km buy-in: 161 metres
Value of one second saved on the run: 4.17 metres
Reference ski pace used: 2:20 per 500 m
Total working time, all zones: Around sixty-nine minutes","","","","","","","","","","","",""
"","ATHX 2027 — Women's Pro Division","Twelve-week preparation plan for ATHX 2027 — Women's edition, Pro division loads. Starts Monday 2 November 2026 and runs to competition weekend, ATHX London on 23-24 January 2027. Four phases: Base (weeks 1-4), Development (5-8), Specific (9-11), then Taper and Competition (12). Six training days a week across 72 training days and 12 rest days, 24 of them doubled AM and PM. Trains all three competition zones — Strength, Endurance and MetCon X — and carries the plan's own fuelling, hydration, recovery, teaching and daily log prompts on each day.","hybrid","","1","PM — Upper Accumulation","strength","STRENGTH_TRAINING","Note · Upper Accumulation","Min 6 h after AM.","","","","","","","","","","","",""
"","ATHX 2027 — Women's Pro Division","Twelve-week preparation plan for ATHX 2027 — Women's edition, Pro division loads. Starts Monday 2 November 2026 and runs to competition weekend, ATHX London on 23-24 January 2027. Four phases: Base (weeks 1-4), Development (5-8), Specific (9-11), then Taper and Competition (12). Six training days a week across 72 training days and 12 rest days, 24 of them doubled AM and PM. Trains all three competition zones — Strength, Endurance and MetCon X — and carries the plan's own fuelling, hydration, recovery, teaching and daily log prompts on each day.","hybrid","","1","PM — Upper Accumulation","strength","STRENGTH_TRAINING","A1 Push Press","4 x 6 · 3 RIR","","","","","4","6","","","","","",""
"","ATHX 2027 — Women's Pro Division","Twelve-week preparation plan for ATHX 2027 — Women's edition, Pro division loads. Starts Monday 2 November 2026 and runs to competition weekend, ATHX London on 23-24 January 2027. Four phases: Base (weeks 1-4), Development (5-8), Specific (9-11), then Taper and Competition (12). Six training days a week across 72 training days and 12 rest days, 24 of them doubled AM and PM. Trains all three competition zones — Strength, Endurance and MetCon X — and carries the plan's own fuelling, hydration, recovery, teaching and daily log prompts on each day.","hybrid","","1","PM — Upper Accumulation","strength","STRENGTH_TRAINING","A2 Weighted Pull-Up or Heavy Row","4 x 8 · 3 RIR","","","","","4","8","","","","","",""
"","ATHX 2027 — Women's Pro Division","Twelve-week preparation plan for ATHX 2027 — Women's edition, Pro division loads. Starts Monday 2 November 2026 and runs to competition weekend, ATHX London on 23-24 January 2027. Four phases: Base (weeks 1-4), Development (5-8), Specific (9-11), then Taper and Competition (12). Six training days a week across 72 training days and 12 rest days, 24 of them doubled AM and PM. Trains all three competition zones — Strength, Endurance and MetCon X — and carries the plan's own fuelling, hydration, recovery, teaching and daily log prompts on each day.","hybrid","","1","PM — Upper Accumulation","strength","STRENGTH_TRAINING","B1 DB Bench Press (12.5 kg)","3 x 12","","","12.5","","3","12","","","","","",""
"","ATHX 2027 — Women's Pro Division","Twelve-week preparation plan for ATHX 2027 — Women's edition, Pro division loads. Starts Monday 2 November 2026 and runs to competition weekend, ATHX London on 23-24 January 2027. Four phases: Base (weeks 1-4), Development (5-8), Specific (9-11), then Taper and Competition (12). Six training days a week across 72 training days and 12 rest days, 24 of them doubled AM and PM. Trains all three competition zones — Strength, Endurance and MetCon X — and carries the plan's own fuelling, hydration, recovery, teaching and daily log prompts on each day.","hybrid","","1","PM — Upper Accumulation","strength","STRENGTH_TRAINING","B2 Barbell Bent-Over Row","3 x 12 · 3 RIR","","","","","3","12","","","","","",""
"","ATHX 2027 — Women's Pro Division","Twelve-week preparation plan for ATHX 2027 — Women's edition, Pro division loads. Starts Monday 2 November 2026 and runs to competition weekend, ATHX London on 23-24 January 2027. Four phases: Base (weeks 1-4), Development (5-8), Specific (9-11), then Taper and Competition (12). Six training days a week across 72 training days and 12 rest days, 24 of them doubled AM and PM. Trains all three competition zones — Strength, Endurance and MetCon X — and carries the plan's own fuelling, hydration, recovery, teaching and daily log prompts on each day.","hybrid","","1","PM — Upper Accumulation","strength","STRENGTH_TRAINING","C Half-Kneeling Z Press","3 x 10 · 3 RIR","","","","","3","10","","","","","",""
"","ATHX 2027 — Women's Pro Division","Twelve-week preparation plan for ATHX 2027 — Women's edition, Pro division loads. Starts Monday 2 November 2026 and runs to competition weekend, ATHX London on 23-24 January 2027. Four phases: Base (weeks 1-4), Development (5-8), Specific (9-11), then Taper and Competition (12). Six training days a week across 72 training days and 12 rest days, 24 of them doubled AM and PM. Trains all three competition zones — Strength, Endurance and MetCon X — and carries the plan's own fuelling, hydration, recovery, teaching and daily log prompts on each day.","hybrid","","1","PM — Upper Accumulation","strength","STRENGTH_TRAINING","Note","Push press, not strict press.","","","","","","","","","","","",""
"","ATHX 2027 — Women's Pro Division","Twelve-week preparation plan for ATHX 2027 — Women's edition, Pro division loads. Starts Monday 2 November 2026 and runs to competition weekend, ATHX London on 23-24 January 2027. Four phases: Base (weeks 1-4), Development (5-8), Specific (9-11), then Taper and Competition (12). Six training days a week across 72 training days and 12 rest days, 24 of them doubled AM and PM. Trains all three competition zones — Strength, Endurance and MetCon X — and carries the plan's own fuelling, hydration, recovery, teaching and daily log prompts on each day.","hybrid","","1","PM — Upper Accumulation","strength","STRENGTH_TRAINING","Note · Fuel and hydration","Pre-AM: 30-40 g carbohydrate, 60-90 min before.
Between: Inside 60 min: 1.0-1.5 g/kg carbs plus 30-40 g protein. Non-negotiable on a double day.
Post-PM: 30-40 g protein plus 0.5-1.0 g/kg carbs within two hours.
Daily macros: Day: carbs 5-6 g/kg protein 1.8-2.2 g/kg
Hydration: AM: sweat rate x 0.7 · PM: sweat rate x 0.9
Electrolytes: AM run if over 60 min or warm.","","","","","","","","","","","",""
"","ATHX 2027 — Women's Pro Division","Twelve-week preparation plan for ATHX 2027 — Women's edition, Pro division loads. Starts Monday 2 November 2026 and runs to competition weekend, ATHX London on 23-24 January 2027. Four phases: Base (weeks 1-4), Development (5-8), Specific (9-11), then Taper and Competition (12). Six training days a week across 72 training days and 12 rest days, 24 of them doubled AM and PM. Trains all three competition zones — Strength, Endurance and MetCon X — and carries the plan's own fuelling, hydration, recovery, teaching and daily log prompts on each day.","hybrid","","1","PM — Upper Accumulation","strength","STRENGTH_TRAINING","Note · Recovery","Moderate mechanical · moderate central
Sleep is the intervention. You have moved twice today, so more movement is not more recovery. Tomorrow is ski: trunk and lats, legs left alone.","","","","","","","","","","","",""
"","ATHX 2027 — Women's Pro Division","Twelve-week preparation plan for ATHX 2027 — Women's edition, Pro division loads. Starts Monday 2 November 2026 and runs to competition weekend, ATHX London on 23-24 January 2027. Four phases: Base (weeks 1-4), Development (5-8), Specific (9-11), then Taper and Competition (12). Six training days a week across 72 training days and 12 rest days, 24 of them doubled AM and PM. Trains all three competition zones — Strength, Endurance and MetCon X — and carries the plan's own fuelling, hydration, recovery, teaching and daily log prompts on each day.","hybrid","","1","PM — Upper Accumulation","strength","STRENGTH_TRAINING","Note · Log today","- Fastest and slowest interval pace, and the gap between them
- Push press top set and RIR
- How the legs felt in the PM session","","","","","","","","","","","",""
"","ATHX 2027 — Women's Pro Division","Twelve-week preparation plan for ATHX 2027 — Women's edition, Pro division loads. Starts Monday 2 November 2026 and runs to competition weekend, ATHX London on 23-24 January 2027. Four phases: Base (weeks 1-4), Development (5-8), Specific (9-11), then Taper and Competition (12). Six training days a week across 72 training days and 12 rest days, 24 of them doubled AM and PM. Trains all three competition zones — Strength, Endurance and MetCon X — and carries the plan's own fuelling, hydration, recovery, teaching and daily log prompts on each day.","hybrid","","1","PM — Upper Accumulation","strength","STRENGTH_TRAINING","Note · Day at a glance","Session: Aerobic Run + Upper Accumulation
Type: Run + Upper strength
Shape: Double — the AM and PM sessions need six hours between them
Relative load: Moderate","","","","","","","","","","","",""
"","ATHX 2027 — Women's Pro Division","Twelve-week preparation plan for ATHX 2027 — Women's edition, Pro division loads. Starts Monday 2 November 2026 and runs to competition weekend, ATHX London on 23-24 January 2027. Four phases: Base (weeks 1-4), Development (5-8), Specific (9-11), then Taper and Competition (12). Six training days a week across 72 training days and 12 rest days, 24 of them doubled AM and PM. Trains all three competition zones — Strength, Endurance and MetCon X — and carries the plan's own fuelling, hydration, recovery, teaching and daily log prompts on each day.","hybrid","","2","Ski Technique + Grip","cardio","CARDIO_TRAINING","Ski - Continuous · Warm-up","4 min easy","","","","","","","","","","","",""
"","ATHX 2027 — Women's Pro Division","Twelve-week preparation plan for ATHX 2027 — Women's edition, Pro division loads. Starts Monday 2 November 2026 and runs to competition weekend, ATHX London on 23-24 January 2027. Four phases: Base (weeks 1-4), Development (5-8), Specific (9-11), then Taper and Competition (12). Six training days a week across 72 training days and 12 rest days, 24 of them doubled AM and PM. Trains all three competition zones — Strength, Endurance and MetCon X — and carries the plan's own fuelling, hydration, recovery, teaching and daily log prompts on each day.","hybrid","","2","Ski Technique + Grip","cardio","CARDIO_TRAINING","Ski - Continuous · Main","18 min at steady, nasal-capable","","","","","","","","","","","",""
"","ATHX 2027 — Women's Pro Division","Twelve-week preparation plan for ATHX 2027 — Women's edition, Pro division loads. Starts Monday 2 November 2026 and runs to competition weekend, ATHX London on 23-24 January 2027. Four phases: Base (weeks 1-4), Development (5-8), Specific (9-11), then Taper and Competition (12). Six training days a week across 72 training days and 12 rest days, 24 of them doubled AM and PM. Trains all three competition zones — Strength, Endurance and MetCon X — and carries the plan's own fuelling, hydration, recovery, teaching and daily log prompts on each day.","hybrid","","2","Ski Technique + Grip","cardio","CARDIO_TRAINING","Ski - Continuous · Cool-down","4 min easy","","","","","","","","","","","",""
"","ATHX 2027 — Women's Pro Division","Twelve-week preparation plan for ATHX 2027 — Women's edition, Pro division loads. Starts Monday 2 November 2026 and runs to competition weekend, ATHX London on 23-24 January 2027. Four phases: Base (weeks 1-4), Development (5-8), Specific (9-11), then Taper and Competition (12). Six training days a week across 72 training days and 12 rest days, 24 of them doubled AM and PM. Trains all three competition zones — Strength, Endurance and MetCon X — and carries the plan's own fuelling, hydration, recovery, teaching and daily log prompts on each day.","hybrid","","2","Ski Technique + Grip","cardio","CARDIO_TRAINING","Note · Ski - Continuous","Damper between 5 and 8. Stroke rate 34-42. Drive from the hip hinge and let the arms follow. Film yourself once this phase.","","","","","","","","","","","",""
"","ATHX 2027 — Women's Pro Division","Twelve-week preparation plan for ATHX 2027 — Women's edition, Pro division loads. Starts Monday 2 November 2026 and runs to competition weekend, ATHX London on 23-24 January 2027. Four phases: Base (weeks 1-4), Development (5-8), Specific (9-11), then Taper and Competition (12). Six training days a week across 72 training days and 12 rest days, 24 of them doubled AM and PM. Trains all three competition zones — Strength, Endurance and MetCon X — and carries the plan's own fuelling, hydration, recovery, teaching and daily log prompts on each day.","hybrid","","2","Ski Technique + Grip","strength","STRENGTH_TRAINING","Note · Grip Block","12 min.","","","","","","","","","","","",""
"","ATHX 2027 — Women's Pro Division","Twelve-week preparation plan for ATHX 2027 — Women's edition, Pro division loads. Starts Monday 2 November 2026 and runs to competition weekend, ATHX London on 23-24 January 2027. Four phases: Base (weeks 1-4), Development (5-8), Specific (9-11), then Taper and Competition (12). Six training days a week across 72 training days and 12 rest days, 24 of them doubled AM and PM. Trains all three competition zones — Strength, Endurance and MetCon X — and carries the plan's own fuelling, hydration, recovery, teaching and daily log prompts on each day.","hybrid","","2","Ski Technique + Grip","strength","STRENGTH_TRAINING","Grip Block · Farmer Carry (heavy)","4 x 40 m","","","","","","","","","","","",""
"","ATHX 2027 — Women's Pro Division","Twelve-week preparation plan for ATHX 2027 — Women's edition, Pro division loads. Starts Monday 2 November 2026 and runs to competition weekend, ATHX London on 23-24 January 2027. Four phases: Base (weeks 1-4), Development (5-8), Specific (9-11), then Taper and Competition (12). Six training days a week across 72 training days and 12 rest days, 24 of them doubled AM and PM. Trains all three competition zones — Strength, Endurance and MetCon X — and carries the plan's own fuelling, hydration, recovery, teaching and daily log prompts on each day.","hybrid","","2","Ski Technique + Grip","strength","STRENGTH_TRAINING","Grip Block · Dead Hang","3 x max hold","","","","","","","","","","","",""
"","ATHX 2027 — Women's Pro Division","Twelve-week preparation plan for ATHX 2027 — Women's edition, Pro division loads. Starts Monday 2 November 2026 and runs to competition weekend, ATHX London on 23-24 January 2027. Four phases: Base (weeks 1-4), Development (5-8), Specific (9-11), then Taper and Competition (12). Six training days a week across 72 training days and 12 rest days, 24 of them doubled AM and PM. Trains all three competition zones — Strength, Endurance and MetCon X — and carries the plan's own fuelling, hydration, recovery, teaching and daily log prompts on each day.","hybrid","","2","Ski Technique + Grip","strength","STRENGTH_TRAINING","Grip Block · Sandbag Bear-Hug Hold (30 kg)","3 x 40 s","","","30","","","","","","","","",""
"","ATHX 2027 — Women's Pro Division","Twelve-week preparation plan for ATHX 2027 — Women's edition, Pro division loads. Starts Monday 2 November 2026 and runs to competition weekend, ATHX London on 23-24 January 2027. Four phases: Base (weeks 1-4), Development (5-8), Specific (9-11), then Taper and Competition (12). Six training days a week across 72 training days and 12 rest days, 24 of them doubled AM and PM. Trains all three competition zones — Strength, Endurance and MetCon X — and carries the plan's own fuelling, hydration, recovery, teaching and daily log prompts on each day.","hybrid","","2","Ski Technique + Grip","cardio","CARDIO_TRAINING","Note · Why this session","The Endurance Zone is scored on ski metres alone, so this phase is about learning to produce them efficiently before working on producing them quickly.","","","","","","","","","","","",""
"","ATHX 2027 — Women's Pro Division","Twelve-week preparation plan for ATHX 2027 — Women's edition, Pro division loads. Starts Monday 2 November 2026 and runs to competition weekend, ATHX London on 23-24 January 2027. Four phases: Base (weeks 1-4), Development (5-8), Specific (9-11), then Taper and Competition (12). Six training days a week across 72 training days and 12 rest days, 24 of them doubled AM and PM. Trains all three competition zones — Strength, Endurance and MetCon X — and carries the plan's own fuelling, hydration, recovery, teaching and daily log prompts on each day.","hybrid","","2","Ski Technique + Grip","cardio","CARDIO_TRAINING","Note · The standard - SkiErg","The damper may be adjusted before and during the workout. Find your setting in training and write it down, since venue machines vary and it saves a decision on the day. Most athletes settle between 5 and 8 at a stroke rate of 34 to 42.","","","","","","","","","","","",""
"","ATHX 2027 — Women's Pro Division","Twelve-week preparation plan for ATHX 2027 — Women's edition, Pro division loads. Starts Monday 2 November 2026 and runs to competition weekend, ATHX London on 23-24 January 2027. Four phases: Base (weeks 1-4), Development (5-8), Specific (9-11), then Taper and Competition (12). Six training days a week across 72 training days and 12 rest days, 24 of them doubled AM and PM. Trains all three competition zones — Strength, Endurance and MetCon X — and carries the plan's own fuelling, hydration, recovery, teaching and daily log prompts on each day.","hybrid","","2","Ski Technique + Grip","cardio","CARDIO_TRAINING","Note · Fuel and hydration","Pre: 30-50 g carbohydrate, 60-90 min before.
Post: 30-40 g protein plus 0.5 g/kg carbohydrate.
Daily macros: Day: carbs 4-5 g/kg protein 1.8-2.2 g/kg
Hydration: Session: sweat rate x 1.0
Electrolytes: if total session exceeds 60 min.","","","","","","","","","","","",""
"","ATHX 2027 — Women's Pro Division","Twelve-week preparation plan for ATHX 2027 — Women's edition, Pro division loads. Starts Monday 2 November 2026 and runs to competition weekend, ATHX London on 23-24 January 2027. Four phases: Base (weeks 1-4), Development (5-8), Specific (9-11), then Taper and Competition (12). Six training days a week across 72 training days and 12 rest days, 24 of them doubled AM and PM. Trains all three competition zones — Strength, Endurance and MetCon X — and carries the plan's own fuelling, hydration, recovery, teaching and daily log prompts on each day.","hybrid","","2","Ski Technique + Grip","cardio","CARDIO_TRAINING","Note · Recovery","High metabolic · low mechanical
Hard work, little muscle damage. Active recovery helps here: twenty to thirty minutes of easy walking tonight. Legs should be fresh tomorrow.","","","","","","","","","","","",""
"","ATHX 2027 — Women's Pro Division","Twelve-week preparation plan for ATHX 2027 — Women's edition, Pro division loads. Starts Monday 2 November 2026 and runs to competition weekend, ATHX London on 23-24 January 2027. Four phases: Base (weeks 1-4), Development (5-8), Specific (9-11), then Taper and Competition (12). Six training days a week across 72 training days and 12 rest days, 24 of them doubled AM and PM. Trains all three competition zones — Strength, Endurance and MetCon X — and carries the plan's own fuelling, hydration, recovery, teaching and daily log prompts on each day.","hybrid","","2","Ski Technique + Grip","cardio","CARDIO_TRAINING","Note · Log today","- Metres for each ski interval
- Drop from first interval to last, target under 3%
- Grip: farmer carry load, dead hang time","","","","","","","","","","","",""
"","ATHX 2027 — Women's Pro Division","Twelve-week preparation plan for ATHX 2027 — Women's edition, Pro division loads. Starts Monday 2 November 2026 and runs to competition weekend, ATHX London on 23-24 January 2027. Four phases: Base (weeks 1-4), Development (5-8), Specific (9-11), then Taper and Competition (12). Six training days a week across 72 training days and 12 rest days, 24 of them doubled AM and PM. Trains all three competition zones — Strength, Endurance and MetCon X — and carries the plan's own fuelling, hydration, recovery, teaching and daily log prompts on each day.","hybrid","","2","Ski Technique + Grip","cardio","CARDIO_TRAINING","Note · Day at a glance","Session: Ski Technique + Grip
Type: Ski erg + Grip
Shape: Single
Relative load: Moderate","","","","","","","","","","","",""
"","ATHX 2027 — Women's Pro Division","Twelve-week preparation plan for ATHX 2027 — Women's edition, Pro division loads. Starts Monday 2 November 2026 and runs to competition weekend, ATHX London on 23-24 January 2027. Four phases: Base (weeks 1-4), Development (5-8), Specific (9-11), then Taper and Competition (12). Six training days a week across 72 training days and 12 rest days, 24 of them doubled AM and PM. Trains all three competition zones — Strength, Endurance and MetCon X — and carries the plan's own fuelling, hydration, recovery, teaching and daily log prompts on each day.","hybrid","","3","AM — Easy Aerobic","cardio","RUNNING","Easy Aerobic","35 min","","","","","","","","","","","",""
"","ATHX 2027 — Women's Pro Division","Twelve-week preparation plan for ATHX 2027 — Women's edition, Pro division loads. Starts Monday 2 November 2026 and runs to competition weekend, ATHX London on 23-24 January 2027. Four phases: Base (weeks 1-4), Development (5-8), Specific (9-11), then Taper and Competition (12). Six training days a week across 72 training days and 12 rest days, 24 of them doubled AM and PM. Trains all three competition zones — Strength, Endurance and MetCon X — and carries the plan's own fuelling, hydration, recovery, teaching and daily log prompts on each day.","hybrid","","3","AM — Easy Aerobic","cardio","RUNNING","Note","Zone 2 run or bike. Conversational throughout. If in doubt, go slower.","","","","","","","","","","","",""
"","ATHX 2027 — Women's Pro Division","Twelve-week preparation plan for ATHX 2027 — Women's edition, Pro division loads. Starts Monday 2 November 2026 and runs to competition weekend, ATHX London on 23-24 January 2027. Four phases: Base (weeks 1-4), Development (5-8), Specific (9-11), then Taper and Competition (12). Six training days a week across 72 training days and 12 rest days, 24 of them doubled AM and PM. Trains all three competition zones — Strength, Endurance and MetCon X — and carries the plan's own fuelling, hydration, recovery, teaching and daily log prompts on each day.","hybrid","","3","AM — Easy Aerobic","cardio","RUNNING","Note · Why this session","Endurance first, the lift six hours later, so the metabolic signalling from the run has returned to baseline before you load. Refuelling in between is what makes that true.","","","","","","","","","","","",""
"","ATHX 2027 — Women's Pro Division","Twelve-week preparation plan for ATHX 2027 — Women's edition, Pro division loads. Starts Monday 2 November 2026 and runs to competition weekend, ATHX London on 23-24 January 2027. Four phases: Base (weeks 1-4), Development (5-8), Specific (9-11), then Taper and Competition (12). Six training days a week across 72 training days and 12 rest days, 24 of them doubled AM and PM. Trains all three competition zones — Strength, Endurance and MetCon X — and carries the plan's own fuelling, hydration, recovery, teaching and daily log prompts on each day.","hybrid","","3","AM — Easy Aerobic","cardio","RUNNING","Note · Score impact","Your score is the sum of three placings, and the lowest total wins. The best available result in a zone is one point; the worst is the size of the field. Strong results are capped at one point, while weak ones are not, which is why consistency matters.","","","","","","","","","","","",""
"","ATHX 2027 — Women's Pro Division","Twelve-week preparation plan for ATHX 2027 — Women's edition, Pro division loads. Starts Monday 2 November 2026 and runs to competition weekend, ATHX London on 23-24 January 2027. Four phases: Base (weeks 1-4), Development (5-8), Specific (9-11), then Taper and Competition (12). Six training days a week across 72 training days and 12 rest days, 24 of them doubled AM and PM. Trains all three competition zones — Strength, Endurance and MetCon X — and carries the plan's own fuelling, hydration, recovery, teaching and daily log prompts on each day.","hybrid","","3","PM — Lower Accumulation","strength","STRENGTH_TRAINING","Note · Lower Accumulation","Min 6 h after AM.","","","","","","","","","","","",""
"","ATHX 2027 — Women's Pro Division","Twelve-week preparation plan for ATHX 2027 — Women's edition, Pro division loads. Starts Monday 2 November 2026 and runs to competition weekend, ATHX London on 23-24 January 2027. Four phases: Base (weeks 1-4), Development (5-8), Specific (9-11), then Taper and Competition (12). Six training days a week across 72 training days and 12 rest days, 24 of them doubled AM and PM. Trains all three competition zones — Strength, Endurance and MetCon X — and carries the plan's own fuelling, hydration, recovery, teaching and daily log prompts on each day.","hybrid","","3","PM — Lower Accumulation","strength","STRENGTH_TRAINING","A Back Squat","4 x 6 · 3 RIR","","","","","4","6","","","","","",""
"","ATHX 2027 — Women's Pro Division","Twelve-week preparation plan for ATHX 2027 — Women's edition, Pro division loads. Starts Monday 2 November 2026 and runs to competition weekend, ATHX London on 23-24 January 2027. Four phases: Base (weeks 1-4), Development (5-8), Specific (9-11), then Taper and Competition (12). Six training days a week across 72 training days and 12 rest days, 24 of them doubled AM and PM. Trains all three competition zones — Strength, Endurance and MetCon X — and carries the plan's own fuelling, hydration, recovery, teaching and daily log prompts on each day.","hybrid","","3","PM — Lower Accumulation","strength","STRENGTH_TRAINING","B Deadlift","4 x 5 · 3 RIR","","","","","4","5","","","","","",""
"","ATHX 2027 — Women's Pro Division","Twelve-week preparation plan for ATHX 2027 — Women's edition, Pro division loads. Starts Monday 2 November 2026 and runs to competition weekend, ATHX London on 23-24 January 2027. Four phases: Base (weeks 1-4), Development (5-8), Specific (9-11), then Taper and Competition (12). Six training days a week across 72 training days and 12 rest days, 24 of them doubled AM and PM. Trains all three competition zones — Strength, Endurance and MetCon X — and carries the plan's own fuelling, hydration, recovery, teaching and daily log prompts on each day.","hybrid","","3","PM — Lower Accumulation","strength","STRENGTH_TRAINING","C Bulgarian Split Squat","3 x 10 each leg · 3 RIR","","","","","","","","","","","",""
"","ATHX 2027 — Women's Pro Division","Twelve-week preparation plan for ATHX 2027 — Women's edition, Pro division loads. Starts Monday 2 November 2026 and runs to competition weekend, ATHX London on 23-24 January 2027. Four phases: Base (weeks 1-4), Development (5-8), Specific (9-11), then Taper and Competition (12). Six training days a week across 72 training days and 12 rest days, 24 of them doubled AM and PM. Trains all three competition zones — Strength, Endurance and MetCon X — and carries the plan's own fuelling, hydration, recovery, teaching and daily log prompts on each day.","hybrid","","3","PM — Lower Accumulation","strength","STRENGTH_TRAINING","D Copenhagen Plank","3 x 25 s each side","","","","","","","","","","","",""
"","ATHX 2027 — Women's Pro Division","Twelve-week preparation plan for ATHX 2027 — Women's edition, Pro division loads. Starts Monday 2 November 2026 and runs to competition weekend, ATHX London on 23-24 January 2027. Four phases: Base (weeks 1-4), Development (5-8), Specific (9-11), then Taper and Competition (12). Six training days a week across 72 training days and 12 rest days, 24 of them doubled AM and PM. Trains all three competition zones — Strength, Endurance and MetCon X — and carries the plan's own fuelling, hydration, recovery, teaching and daily log prompts on each day.","hybrid","","3","PM — Lower Accumulation","strength","STRENGTH_TRAINING","Note","No sumo. Hands outside the knees, as competition requires. Build the habit now.","","","","","","","","","","","",""
"","ATHX 2027 — Women's Pro Division","Twelve-week preparation plan for ATHX 2027 — Women's edition, Pro division loads. Starts Monday 2 November 2026 and runs to competition weekend, ATHX London on 23-24 January 2027. Four phases: Base (weeks 1-4), Development (5-8), Specific (9-11), then Taper and Competition (12). Six training days a week across 72 training days and 12 rest days, 24 of them doubled AM and PM. Trains all three competition zones — Strength, Endurance and MetCon X — and carries the plan's own fuelling, hydration, recovery, teaching and daily log prompts on each day.","hybrid","","3","PM — Lower Accumulation","strength","STRENGTH_TRAINING","Note · Fuel and hydration","Pre-AM: 20-30 g carbohydrate, or fasted if you tolerate it.
Between: Inside 60 min: 1.0-1.5 g/kg carbs plus 30-40 g protein.
Post-PM: 40 g protein plus 1.0 g/kg carbs within two hours.
Daily macros: Day: carbs 5-6 g/kg protein 2.0-2.2 g/kg
Hydration: AM: sweat rate x 0.8 · PM: sweat rate x 1.0
Electrolytes: PM session. Dehydration cuts force and spinal stability.","","","","","","","","","","","",""
"","ATHX 2027 — Women's Pro Division","Twelve-week preparation plan for ATHX 2027 — Women's edition, Pro division loads. Starts Monday 2 November 2026 and runs to competition weekend, ATHX London on 23-24 January 2027. Four phases: Base (weeks 1-4), Development (5-8), Specific (9-11), then Taper and Competition (12). Six training days a week across 72 training days and 12 rest days, 24 of them doubled AM and PM. Trains all three competition zones — Strength, Endurance and MetCon X — and carries the plan's own fuelling, hydration, recovery, teaching and daily log prompts on each day.","hybrid","","3","PM — Lower Accumulation","strength","STRENGTH_TRAINING","Note · Recovery","Highest central load of the week
Complete rest tonight. After high central load, light cardio does not speed neural recovery; sleep, downregulation and food do. Tomorrow is rest for the same reason.","","","","","","","","","","","",""
"","ATHX 2027 — Women's Pro Division","Twelve-week preparation plan for ATHX 2027 — Women's edition, Pro division loads. Starts Monday 2 November 2026 and runs to competition weekend, ATHX London on 23-24 January 2027. Four phases: Base (weeks 1-4), Development (5-8), Specific (9-11), then Taper and Competition (12). Six training days a week across 72 training days and 12 rest days, 24 of them doubled AM and PM. Trains all three competition zones — Strength, Endurance and MetCon X — and carries the plan's own fuelling, hydration, recovery, teaching and daily log prompts on each day.","hybrid","","3","PM — Lower Accumulation","strength","STRENGTH_TRAINING","Note · Log today","- Back squat top set and RIR
- Deadlift - triple 1 / triple 2, each round
- The gap between the two triples","","","","","","","","","","","",""
"","ATHX 2027 — Women's Pro Division","Twelve-week preparation plan for ATHX 2027 — Women's edition, Pro division loads. Starts Monday 2 November 2026 and runs to competition weekend, ATHX London on 23-24 January 2027. Four phases: Base (weeks 1-4), Development (5-8), Specific (9-11), then Taper and Competition (12). Six training days a week across 72 training days and 12 rest days, 24 of them doubled AM and PM. Trains all three competition zones — Strength, Endurance and MetCon X — and carries the plan's own fuelling, hydration, recovery, teaching and daily log prompts on each day.","hybrid","","3","PM — Lower Accumulation","strength","STRENGTH_TRAINING","Note · Day at a glance","Session: Easy Aerobic + Lower Accumulation
Type: Aerobic + Lower strength
Shape: Double — the AM and PM sessions need six hours between them
Relative load: High","","","","","","","","","","","",""
"","ATHX 2027 — Women's Pro Division","Twelve-week preparation plan for ATHX 2027 — Women's edition, Pro division loads. Starts Monday 2 November 2026 and runs to competition weekend, ATHX London on 23-24 January 2027. Four phases: Base (weeks 1-4), Development (5-8), Specific (9-11), then Taper and Competition (12). Six training days a week across 72 training days and 12 rest days, 24 of them doubled AM and PM. Trains all three competition zones — Strength, Endurance and MetCon X — and carries the plan's own fuelling, hydration, recovery, teaching and daily log prompts on each day.","hybrid","","4","Complete Rest","cardio","GENERIC","Note","Optional, ten to fifteen minutes: thoracic rotation, hip flexor lengthening, ankle dorsiflexion. Nothing that raises the heart rate. If it starts to feel like a session, stop.

Feeling good on a rest day is a sign the rest day is doing its job rather than a reason to add a session.

More progress tends to be lost to training through fatigue than to taking a day off.","","","","","","","","","","","",""
"","ATHX 2027 — Women's Pro Division","Twelve-week preparation plan for ATHX 2027 — Women's edition, Pro division loads. Starts Monday 2 November 2026 and runs to competition weekend, ATHX London on 23-24 January 2027. Four phases: Base (weeks 1-4), Development (5-8), Specific (9-11), then Taper and Competition (12). Six training days a week across 72 training days and 12 rest days, 24 of them doubled AM and PM. Trains all three competition zones — Strength, Endurance and MetCon X — and carries the plan's own fuelling, hydration, recovery, teaching and daily log prompts on each day.","hybrid","","4","Complete Rest","cardio","GENERIC","Note · Why this session","Yesterday carried the heaviest central nervous system load of the week, and the weekend holds the most specific sessions. This day is part of the programme rather than a gap in it, and it is what allows Friday and Saturday to be productive.","","","","","","","","","","","",""
"","ATHX 2027 — Women's Pro Division","Twelve-week preparation plan for ATHX 2027 — Women's edition, Pro division loads. Starts Monday 2 November 2026 and runs to competition weekend, ATHX London on 23-24 January 2027. Four phases: Base (weeks 1-4), Development (5-8), Specific (9-11), then Taper and Competition (12). Six training days a week across 72 training days and 12 rest days, 24 of them doubled AM and PM. Trains all three competition zones — Strength, Endurance and MetCon X — and carries the plan's own fuelling, hydration, recovery, teaching and daily log prompts on each day.","hybrid","","4","Complete Rest","cardio","GENERIC","Note · Kit - What you may use","Permitted on the strength floor: chalk (bring your own), knee sleeves, elbow sleeves, weightlifting belt, weightlifting shoes, wrist wraps. Banned: lifting straps, hand grips, knee wraps, elbow wraps, and any supportive suit or briefs.","","","","","","","","","","","",""
"","ATHX 2027 — Women's Pro Division","Twelve-week preparation plan for ATHX 2027 — Women's edition, Pro division loads. Starts Monday 2 November 2026 and runs to competition weekend, ATHX London on 23-24 January 2027. Four phases: Base (weeks 1-4), Development (5-8), Specific (9-11), then Taper and Competition (12). Six training days a week across 72 training days and 12 rest days, 24 of them doubled AM and PM. Trains all three competition zones — Strength, Endurance and MetCon X — and carries the plan's own fuelling, hydration, recovery, teaching and daily log prompts on each day.","hybrid","","4","Complete Rest","cardio","GENERIC","Note · Fuel and hydration","All day: Carbs come down because you are not training. Protein does not - rest days are when repair happens.
Intake: Eat at roughly maintenance. A build block is not the place for a deficit.
Daily macros: Day: carbs 3-4 g/kg protein 1.8-2.2 g/kg
Hydration: Session: none - baseline only, and still drink it
Electrolytes: not required today.","","","","","","","","","","","",""
"","ATHX 2027 — Women's Pro Division","Twelve-week preparation plan for ATHX 2027 — Women's edition, Pro division loads. Starts Monday 2 November 2026 and runs to competition weekend, ATHX London on 23-24 January 2027. Four phases: Base (weeks 1-4), Development (5-8), Specific (9-11), then Taper and Competition (12). Six training days a week across 72 training days and 12 rest days, 24 of them doubled AM and PM. Trains all three competition zones — Strength, Endurance and MetCon X — and carries the plan's own fuelling, hydration, recovery, teaching and daily log prompts on each day.","hybrid","","4","Complete Rest","cardio","GENERIC","Note · Recovery","Clearing central nervous system load
A working day for your nervous system even though it does not look like one. Sleep, downregulation and nutrition do the work. Get to bed thirty minutes earlier.","","","","","","","","","","","",""
"","ATHX 2027 — Women's Pro Division","Twelve-week preparation plan for ATHX 2027 — Women's edition, Pro division loads. Starts Monday 2 November 2026 and runs to competition weekend, ATHX London on 23-24 January 2027. Four phases: Base (weeks 1-4), Development (5-8), Specific (9-11), then Taper and Competition (12). Six training days a week across 72 training days and 12 rest days, 24 of them doubled AM and PM. Trains all three competition zones — Strength, Endurance and MetCon X — and carries the plan's own fuelling, hydration, recovery, teaching and daily log prompts on each day.","hybrid","","4","Complete Rest","cardio","GENERIC","Note · Log today","- Morning resting heart rate
- HRV if you track it
- If elevated two days running, reduce Friday volume by a third","","","","","","","","","","","",""
"","ATHX 2027 — Women's Pro Division","Twelve-week preparation plan for ATHX 2027 — Women's edition, Pro division loads. Starts Monday 2 November 2026 and runs to competition weekend, ATHX London on 23-24 January 2027. Four phases: Base (weeks 1-4), Development (5-8), Specific (9-11), then Taper and Competition (12). Six training days a week across 72 training days and 12 rest days, 24 of them doubled AM and PM. Trains all three competition zones — Strength, Endurance and MetCon X — and carries the plan's own fuelling, hydration, recovery, teaching and daily log prompts on each day.","hybrid","","4","Complete Rest","cardio","GENERIC","Note · Day at a glance","Session: Complete Rest
Type: Rest
Shape: Rest
Relative load: not rated","","","","","","","","","","","",""
"","ATHX 2027 — Women's Pro Division","Twelve-week preparation plan for ATHX 2027 — Women's edition, Pro division loads. Starts Monday 2 November 2026 and runs to competition weekend, ATHX London on 23-24 January 2027. Four phases: Base (weeks 1-4), Development (5-8), Specific (9-11), then Taper and Competition (12). Six training days a week across 72 training days and 12 rest days, 24 of them doubled AM and PM. Trains all three competition zones — Strength, Endurance and MetCon X — and carries the plan's own fuelling, hydration, recovery, teaching and daily log prompts on each day.","hybrid","","5","MetCon Movement Work","cardio","CARDIO_TRAINING","Note · Circuit","3 rounds. Rest 3 min between rounds.","","","","","","","","","","","",""
"","ATHX 2027 — Women's Pro Division","Twelve-week preparation plan for ATHX 2027 — Women's edition, Pro division loads. Starts Monday 2 November 2026 and runs to competition weekend, ATHX London on 23-24 January 2027. Four phases: Base (weeks 1-4), Development (5-8), Specific (9-11), then Taper and Competition (12). Six training days a week across 72 training days and 12 rest days, 24 of them doubled AM and PM. Trains all three competition zones — Strength, Endurance and MetCon X — and carries the plan's own fuelling, hydration, recovery, teaching and daily log prompts on each day.","hybrid","","5","MetCon Movement Work","cardio","CARDIO_TRAINING","Circuit · DB Bench Press","12 @ 15 kg","","","15","","","12","","","","","",""
"","ATHX 2027 — Women's Pro Division","Twelve-week preparation plan for ATHX 2027 — Women's edition, Pro division loads. Starts Monday 2 November 2026 and runs to competition weekend, ATHX London on 23-24 January 2027. Four phases: Base (weeks 1-4), Development (5-8), Specific (9-11), then Taper and Competition (12). Six training days a week across 72 training days and 12 rest days, 24 of them doubled AM and PM. Trains all three competition zones — Strength, Endurance and MetCon X — and carries the plan's own fuelling, hydration, recovery, teaching and daily log prompts on each day.","hybrid","","5","MetCon Movement Work","cardio","CARDIO_TRAINING","Circuit · DB Ground to Overhead","12 dual @ 15 kg","","","15","","","12","","","","","",""
"","ATHX 2027 — Women's Pro Division","Twelve-week preparation plan for ATHX 2027 — Women's edition, Pro division loads. Starts Monday 2 November 2026 and runs to competition weekend, ATHX London on 23-24 January 2027. Four phases: Base (weeks 1-4), Development (5-8), Specific (9-11), then Taper and Competition (12). Six training days a week across 72 training days and 12 rest days, 24 of them doubled AM and PM. Trains all three competition zones — Strength, Endurance and MetCon X — and carries the plan's own fuelling, hydration, recovery, teaching and daily log prompts on each day.","hybrid","","5","MetCon Movement Work","cardio","CARDIO_TRAINING","Circuit · Sandbag Squats","12 @ 50 kg","","","50","","","12","","","","","",""
"","ATHX 2027 — Women's Pro Division","Twelve-week preparation plan for ATHX 2027 — Women's edition, Pro division loads. Starts Monday 2 November 2026 and runs to competition weekend, ATHX London on 23-24 January 2027. Four phases: Base (weeks 1-4), Development (5-8), Specific (9-11), then Taper and Competition (12). Six training days a week across 72 training days and 12 rest days, 24 of them doubled AM and PM. Trains all three competition zones — Strength, Endurance and MetCon X — and carries the plan's own fuelling, hydration, recovery, teaching and daily log prompts on each day.","hybrid","","5","MetCon Movement Work","cardio","CARDIO_TRAINING","Circuit · Sandbag Carry (no rest)","30 m @ 50 kg","","","50","","","","","","","","",""
"","ATHX 2027 — Women's Pro Division","Twelve-week preparation plan for ATHX 2027 — Women's edition, Pro division loads. Starts Monday 2 November 2026 and runs to competition weekend, ATHX London on 23-24 January 2027. Four phases: Base (weeks 1-4), Development (5-8), Specific (9-11), then Taper and Competition (12). Six training days a week across 72 training days and 12 rest days, 24 of them doubled AM and PM. Trains all three competition zones — Strength, Endurance and MetCon X — and carries the plan's own fuelling, hydration, recovery, teaching and daily log prompts on each day.","hybrid","","5","MetCon Movement Work","cardio","CARDIO_TRAINING","Note · Circuit","The carry follows the squats with no break. Do not set the bag down between them. That is the sequence you will meet in competition.","","","","","","","","","","","",""
"","ATHX 2027 — Women's Pro Division","Twelve-week preparation plan for ATHX 2027 — Women's edition, Pro division loads. Starts Monday 2 November 2026 and runs to competition weekend, ATHX London on 23-24 January 2027. Four phases: Base (weeks 1-4), Development (5-8), Specific (9-11), then Taper and Competition (12). Six training days a week across 72 training days and 12 rest days, 24 of them doubled AM and PM. Trains all three competition zones — Strength, Endurance and MetCon X — and carries the plan's own fuelling, hydration, recovery, teaching and daily log prompts on each day.","hybrid","","5","MetCon Movement Work","cardio","CARDIO_TRAINING","Note · Finisher","300 m row, controlled. Not a time trial this phase.","","","","","","","","","","","",""
"","ATHX 2027 — Women's Pro Division","Twelve-week preparation plan for ATHX 2027 — Women's edition, Pro division loads. Starts Monday 2 November 2026 and runs to competition weekend, ATHX London on 23-24 January 2027. Four phases: Base (weeks 1-4), Development (5-8), Specific (9-11), then Taper and Competition (12). Six training days a week across 72 training days and 12 rest days, 24 of them doubled AM and PM. Trains all three competition zones — Strength, Endurance and MetCon X — and carries the plan's own fuelling, hydration, recovery, teaching and daily log prompts on each day.","hybrid","","5","MetCon Movement Work","cardio","CARDIO_TRAINING","Note · Why this session","Learn the movements at manageable load before you meet them at competition weight. Bench press and the sandbag squat-to-carry sequence are the two elements that most often need extra work.","","","","","","","","","","","",""
"","ATHX 2027 — Women's Pro Division","Twelve-week preparation plan for ATHX 2027 — Women's edition, Pro division loads. Starts Monday 2 November 2026 and runs to competition weekend, ATHX London on 23-24 January 2027. Four phases: Base (weeks 1-4), Development (5-8), Specific (9-11), then Taper and Competition (12). Six training days a week across 72 training days and 12 rest days, 24 of them doubled AM and PM. Trains all three competition zones — Strength, Endurance and MetCon X — and carries the plan's own fuelling, hydration, recovery, teaching and daily log prompts on each day.","hybrid","","5","MetCon Movement Work","cardio","CARDIO_TRAINING","Note · No rep - Dumbbells","Dumbbells must be placed on the floor once your reps are complete, and dropping them is a no rep. Letting go is a natural reaction at the end of a hard set, so it is worth practising the controlled finish in training.","","","","","","","","","","","",""
"","ATHX 2027 — Women's Pro Division","Twelve-week preparation plan for ATHX 2027 — Women's edition, Pro division loads. Starts Monday 2 November 2026 and runs to competition weekend, ATHX London on 23-24 January 2027. Four phases: Base (weeks 1-4), Development (5-8), Specific (9-11), then Taper and Competition (12). Six training days a week across 72 training days and 12 rest days, 24 of them doubled AM and PM. Trains all three competition zones — Strength, Endurance and MetCon X — and carries the plan's own fuelling, hydration, recovery, teaching and daily log prompts on each day.","hybrid","","5","MetCon Movement Work","cardio","CARDIO_TRAINING","Note · Fuel and hydration","Pre: 40-50 g carbohydrate, 90 min before.
Intra: Electrolyte drink between rounds, not during them.
Post: 40 g protein plus 1.0 g/kg carbs within two hours.
Daily macros: Day: carbs 5-6 g/kg protein 1.8-2.2 g/kg
Hydration: Session: sweat rate x 1.2
Electrolytes: required. Highest sweat rate of your week.","","","","","","","","","","","",""
"","ATHX 2027 — Women's Pro Division","Twelve-week preparation plan for ATHX 2027 — Women's edition, Pro division loads. Starts Monday 2 November 2026 and runs to competition weekend, ATHX London on 23-24 January 2027. Four phases: Base (weeks 1-4), Development (5-8), Specific (9-11), then Taper and Competition (12). Six training days a week across 72 training days and 12 rest days, 24 of them doubled AM and PM. Trains all three competition zones — Strength, Endurance and MetCon X — and carries the plan's own fuelling, hydration, recovery, teaching and daily log prompts on each day.","hybrid","","5","MetCon Movement Work","cardio","CARDIO_TRAINING","Note · Recovery","High metabolic · moderate mechanical
Loaded squatting and grip, no heavy eccentrics. Twenty minutes of easy walking or light cycling tonight. Not running - tomorrow needs your legs.","","","","","","","","","","","",""
"","ATHX 2027 — Women's Pro Division","Twelve-week preparation plan for ATHX 2027 — Women's edition, Pro division loads. Starts Monday 2 November 2026 and runs to competition weekend, ATHX London on 23-24 January 2027. Four phases: Base (weeks 1-4), Development (5-8), Specific (9-11), then Taper and Competition (12). Six training days a week across 72 training days and 12 rest days, 24 of them doubled AM and PM. Trains all three competition zones — Strength, Endurance and MetCon X — and carries the plan's own fuelling, hydration, recovery, teaching and daily log prompts on each day.","hybrid","","5","MetCon Movement Work","cardio","CARDIO_TRAINING","Note · Log today","- Time for each round
- Drop from round one to the final round, target within 10%
- Where the sandbag block broke down","","","","","","","","","","","",""
"","ATHX 2027 — Women's Pro Division","Twelve-week preparation plan for ATHX 2027 — Women's edition, Pro division loads. Starts Monday 2 November 2026 and runs to competition weekend, ATHX London on 23-24 January 2027. Four phases: Base (weeks 1-4), Development (5-8), Specific (9-11), then Taper and Competition (12). Six training days a week across 72 training days and 12 rest days, 24 of them doubled AM and PM. Trains all three competition zones — Strength, Endurance and MetCon X — and carries the plan's own fuelling, hydration, recovery, teaching and daily log prompts on each day.","hybrid","","5","MetCon Movement Work","cardio","CARDIO_TRAINING","Note · Day at a glance","Session: MetCon Movement Work
Type: MetCon circuit
Shape: Single
Relative load: Moderate","","","","","","","","","","","",""
"","ATHX 2027 — Women's Pro Division","Twelve-week preparation plan for ATHX 2027 — Women's edition, Pro division loads. Starts Monday 2 November 2026 and runs to competition weekend, ATHX London on 23-24 January 2027. Four phases: Base (weeks 1-4), Development (5-8), Specific (9-11), then Taper and Competition (12). Six training days a week across 72 training days and 12 rest days, 24 of them doubled AM and PM. Trains all three competition zones — Strength, Endurance and MetCon X — and carries the plan's own fuelling, hydration, recovery, teaching and daily log prompts on each day.","hybrid","","6","Long Aerobic + Ski Introduction","cardio","RUNNING","Run","60 min at easy aerobic","","","","","","","","","","","",""
"","ATHX 2027 — Women's Pro Division","Twelve-week preparation plan for ATHX 2027 — Women's edition, Pro division loads. Starts Monday 2 November 2026 and runs to competition weekend, ATHX London on 23-24 January 2027. Four phases: Base (weeks 1-4), Development (5-8), Specific (9-11), then Taper and Competition (12). Six training days a week across 72 training days and 12 rest days, 24 of them doubled AM and PM. Trains all three competition zones — Strength, Endurance and MetCon X — and carries the plan's own fuelling, hydration, recovery, teaching and daily log prompts on each day.","hybrid","","6","Long Aerobic + Ski Introduction","cardio","CARDIO_TRAINING","Ski - Immediately After","8 min at steady","","","","","","","","","","","",""
"","ATHX 2027 — Women's Pro Division","Twelve-week preparation plan for ATHX 2027 — Women's edition, Pro division loads. Starts Monday 2 November 2026 and runs to competition weekend, ATHX London on 23-24 January 2027. Four phases: Base (weeks 1-4), Development (5-8), Specific (9-11), then Taper and Competition (12). Six training days a week across 72 training days and 12 rest days, 24 of them doubled AM and PM. Trains all three competition zones — Strength, Endurance and MetCon X — and carries the plan's own fuelling, hydration, recovery, teaching and daily log prompts on each day.","hybrid","","6","Long Aerobic + Ski Introduction","cardio","CARDIO_TRAINING","Note · Ski - Immediately After","Transition without pausing. Note how the first ninety seconds feel. That sensation is what the Development phase trains away.","","","","","","","","","","","",""
"","ATHX 2027 — Women's Pro Division","Twelve-week preparation plan for ATHX 2027 — Women's edition, Pro division loads. Starts Monday 2 November 2026 and runs to competition weekend, ATHX London on 23-24 January 2027. Four phases: Base (weeks 1-4), Development (5-8), Specific (9-11), then Taper and Competition (12). Six training days a week across 72 training days and 12 rest days, 24 of them doubled AM and PM. Trains all three competition zones — Strength, Endurance and MetCon X — and carries the plan's own fuelling, hydration, recovery, teaching and daily log prompts on each day.","hybrid","","6","Long Aerobic + Ski Introduction","cardio","RUNNING","Note · Why this session","Time on feet plus a first exposure to skiing on tired legs. In the Development phase this becomes the most specific session in the book, so build the habit now.","","","","","","","","","","","",""
"","ATHX 2027 — Women's Pro Division","Twelve-week preparation plan for ATHX 2027 — Women's edition, Pro division loads. Starts Monday 2 November 2026 and runs to competition weekend, ATHX London on 23-24 January 2027. Four phases: Base (weeks 1-4), Development (5-8), Specific (9-11), then Taper and Competition (12). Six training days a week across 72 training days and 12 rest days, 24 of them doubled AM and PM. Trains all three competition zones — Strength, Endurance and MetCon X — and carries the plan's own fuelling, hydration, recovery, teaching and daily log prompts on each day.","hybrid","","6","Long Aerobic + Ski Introduction","cardio","RUNNING","Note · The number — 24 min","The Endurance Zone cap is fixed. Whatever time the run takes is subtracted from your ski time, and only the ski scores. That single fact is why the zone is one continuous effort, not two events.","","","","","","","","","","","",""
"","ATHX 2027 — Women's Pro Division","Twelve-week preparation plan for ATHX 2027 — Women's edition, Pro division loads. Starts Monday 2 November 2026 and runs to competition weekend, ATHX London on 23-24 January 2027. Four phases: Base (weeks 1-4), Development (5-8), Specific (9-11), then Taper and Competition (12). Six training days a week across 72 training days and 12 rest days, 24 of them doubled AM and PM. Trains all three competition zones — Strength, Endurance and MetCon X — and carries the plan's own fuelling, hydration, recovery, teaching and daily log prompts on each day.","hybrid","","6","Long Aerobic + Ski Introduction","cardio","RUNNING","Note · Fuel and hydration","Pre: 40-50 g carbohydrate, 90 min before. Under-fuel this and the data is meaningless.
Post: 30-40 g protein plus 1.0 g/kg carbohydrate.
Daily macros: Day: carbs 5-6 g/kg protein 1.8-2.2 g/kg
Hydration: Session: sweat rate x 1.1
Electrolytes: yes. Sip between rounds.","","","","","","","","","","","",""
"","ATHX 2027 — Women's Pro Division","Twelve-week preparation plan for ATHX 2027 — Women's edition, Pro division loads. Starts Monday 2 November 2026 and runs to competition weekend, ATHX London on 23-24 January 2027. Four phases: Base (weeks 1-4), Development (5-8), Specific (9-11), then Taper and Competition (12). Six training days a week across 72 training days and 12 rest days, 24 of them doubled AM and PM. Trains all three competition zones — Strength, Endurance and MetCon X — and carries the plan's own fuelling, hydration, recovery, teaching and daily log prompts on each day.","hybrid","","6","Long Aerobic + Ski Introduction","cardio","RUNNING","Note · Recovery","High metabolic · moderate mechanical
Tomorrow's easy aerobic is your recovery, which is why it sits there. Sleep is tonight's priority. Legs beaten up in the morning? Take Sunday as a walk.","","","","","","","","","","","",""
"","ATHX 2027 — Women's Pro Division","Twelve-week preparation plan for ATHX 2027 — Women's edition, Pro division loads. Starts Monday 2 November 2026 and runs to competition weekend, ATHX London on 23-24 January 2027. Four phases: Base (weeks 1-4), Development (5-8), Specific (9-11), then Taper and Competition (12). Six training days a week across 72 training days and 12 rest days, 24 of them doubled AM and PM. Trains all three competition zones — Strength, Endurance and MetCon X — and carries the plan's own fuelling, hydration, recovery, teaching and daily log prompts on each day.","hybrid","","6","Long Aerobic + Ski Introduction","cardio","RUNNING","Note · Log today","- Ski metres per round, or 500 m splits if rehearsing the full zone
- Final round as a percentage of the first, target within 5%
- How the first thirty seconds of each ski felt","","","","","","","","","","","",""
"","ATHX 2027 — Women's Pro Division","Twelve-week preparation plan for ATHX 2027 — Women's edition, Pro division loads. Starts Monday 2 November 2026 and runs to competition weekend, ATHX London on 23-24 January 2027. Four phases: Base (weeks 1-4), Development (5-8), Specific (9-11), then Taper and Competition (12). Six training days a week across 72 training days and 12 rest days, 24 of them doubled AM and PM. Trains all three competition zones — Strength, Endurance and MetCon X — and carries the plan's own fuelling, hydration, recovery, teaching and daily log prompts on each day.","hybrid","","6","Long Aerobic + Ski Introduction","cardio","RUNNING","Note · Day at a glance","Session: Long Aerobic + Ski Introduction
Type: Run to ski transition
Shape: Single
Relative load: Moderate","","","","","","","","","","","",""
"","ATHX 2027 — Women's Pro Division","Twelve-week preparation plan for ATHX 2027 — Women's edition, Pro division loads. Starts Monday 2 November 2026 and runs to competition weekend, ATHX London on 23-24 January 2027. Four phases: Base (weeks 1-4), Development (5-8), Specific (9-11), then Taper and Competition (12). Six training days a week across 72 training days and 12 rest days, 24 of them doubled AM and PM. Trains all three competition zones — Strength, Endurance and MetCon X — and carries the plan's own fuelling, hydration, recovery, teaching and daily log prompts on each day.","hybrid","","7","Easy Aerobic","cardio","RUNNING","Easy Aerobic","50 min — run / bike / hike","","","","","","","","","","","",""
"","ATHX 2027 — Women's Pro Division","Twelve-week preparation plan for ATHX 2027 — Women's edition, Pro division loads. Starts Monday 2 November 2026 and runs to competition weekend, ATHX London on 23-24 January 2027. Four phases: Base (weeks 1-4), Development (5-8), Specific (9-11), then Taper and Competition (12). Six training days a week across 72 training days and 12 rest days, 24 of them doubled AM and PM. Trains all three competition zones — Strength, Endurance and MetCon X — and carries the plan's own fuelling, hydration, recovery, teaching and daily log prompts on each day.","hybrid","","7","Easy Aerobic","cardio","RUNNING","Note","Conversational the entire time. If your legs are sore from yesterday, walking or riding instead of running is the better choice.","","","","","","","","","","","",""
"","ATHX 2027 — Women's Pro Division","Twelve-week preparation plan for ATHX 2027 — Women's edition, Pro division loads. Starts Monday 2 November 2026 and runs to competition weekend, ATHX London on 23-24 January 2027. Four phases: Base (weeks 1-4), Development (5-8), Specific (9-11), then Taper and Competition (12). Six training days a week across 72 training days and 12 rest days, 24 of them doubled AM and PM. Trains all three competition zones — Strength, Endurance and MetCon X — and carries the plan's own fuelling, hydration, recovery, teaching and daily log prompts on each day.","hybrid","","7","Easy Aerobic","cardio","RUNNING","Note · Why this session","Aerobic maintenance and active clearance of yesterday. The only way to get this day wrong is to go too hard.","","","","","","","","","","","",""
"","ATHX 2027 — Women's Pro Division","Twelve-week preparation plan for ATHX 2027 — Women's edition, Pro division loads. Starts Monday 2 November 2026 and runs to competition weekend, ATHX London on 23-24 January 2027. Four phases: Base (weeks 1-4), Development (5-8), Specific (9-11), then Taper and Competition (12). Six training days a week across 72 training days and 12 rest days, 24 of them doubled AM and PM. Trains all three competition zones — Strength, Endurance and MetCon X — and carries the plan's own fuelling, hydration, recovery, teaching and daily log prompts on each day.","hybrid","","7","Easy Aerobic","cardio","RUNNING","Note · Easy means easy","Running easy sessions too quickly turns a recovery day into a moderate one, which tends to leave you flat for the sessions that matter later in the week. The test is full sentences without pausing for breath. If in doubt, slow down.","","","","","","","","","","","",""
"","ATHX 2027 — Women's Pro Division","Twelve-week preparation plan for ATHX 2027 — Women's edition, Pro division loads. Starts Monday 2 November 2026 and runs to competition weekend, ATHX London on 23-24 January 2027. Four phases: Base (weeks 1-4), Development (5-8), Specific (9-11), then Taper and Competition (12). Six training days a week across 72 training days and 12 rest days, 24 of them doubled AM and PM. Trains all three competition zones — Strength, Endurance and MetCon X — and carries the plan's own fuelling, hydration, recovery, teaching and daily log prompts on each day.","hybrid","","7","Easy Aerobic","cardio","RUNNING","Note · Fuel and hydration","Pre: Optional. Small carbohydrate serving if you prefer not to train empty.
Post: Normal meal within a couple of hours.
Daily macros: Day: carbs 4-5 g/kg protein 1.8-2.2 g/kg
Hydration: Session: sweat rate x 0.8
Electrolytes: only if over 60 min or hot.","","","","","","","","","","","",""
"","ATHX 2027 — Women's Pro Division","Twelve-week preparation plan for ATHX 2027 — Women's edition, Pro division loads. Starts Monday 2 November 2026 and runs to competition weekend, ATHX London on 23-24 January 2027. Four phases: Base (weeks 1-4), Development (5-8), Specific (9-11), then Taper and Competition (12). Six training days a week across 72 training days and 12 rest days, 24 of them doubled AM and PM. Trains all three competition zones — Strength, Endurance and MetCon X — and carries the plan's own fuelling, hydration, recovery, teaching and daily log prompts on each day.","hybrid","","7","Easy Aerobic","cardio","RUNNING","Note · Recovery","Minimal · this session is the recovery
Low mechanical load, sustained blood flow, negligible metabolic cost. After it, take the rest of the day genuinely off.","","","","","","","","","","","",""
"","ATHX 2027 — Women's Pro Division","Twelve-week preparation plan for ATHX 2027 — Women's edition, Pro division loads. Starts Monday 2 November 2026 and runs to competition weekend, ATHX London on 23-24 January 2027. Four phases: Base (weeks 1-4), Development (5-8), Specific (9-11), then Taper and Competition (12). Six training days a week across 72 training days and 12 rest days, 24 of them doubled AM and PM. Trains all three competition zones — Strength, Endurance and MetCon X — and carries the plan's own fuelling, hydration, recovery, teaching and daily log prompts on each day.","hybrid","","7","Easy Aerobic","cardio","RUNNING","Note · Log today","- Average heart rate
- Compare to the same session in Week 1
- How the week felt overall","","","","","","","","","","","",""
"","ATHX 2027 — Women's Pro Division","Twelve-week preparation plan for ATHX 2027 — Women's edition, Pro division loads. Starts Monday 2 November 2026 and runs to competition weekend, ATHX London on 23-24 January 2027. Four phases: Base (weeks 1-4), Development (5-8), Specific (9-11), then Taper and Competition (12). Six training days a week across 72 training days and 12 rest days, 24 of them doubled AM and PM. Trains all three competition zones — Strength, Endurance and MetCon X — and carries the plan's own fuelling, hydration, recovery, teaching and daily log prompts on each day.","hybrid","","7","Easy Aerobic","cardio","RUNNING","Note · Day at a glance","Session: Easy Aerobic
Type: Easy aerobic
Shape: Single
Relative load: Low","","","","","","","","","","","",""
"","ATHX 2027 — Women's Pro Division","Twelve-week preparation plan for ATHX 2027 — Women's edition, Pro division loads. Starts Monday 2 November 2026 and runs to competition weekend, ATHX London on 23-24 January 2027. Four phases: Base (weeks 1-4), Development (5-8), Specific (9-11), then Taper and Competition (12). Six training days a week across 72 training days and 12 rest days, 24 of them doubled AM and PM. Trains all three competition zones — Strength, Endurance and MetCon X — and carries the plan's own fuelling, hydration, recovery, teaching and daily log prompts on each day.","hybrid","","8","AM — Aerobic Run","cardio","RUNNING","Aerobic Run","40 min easy","","","","","","","","","","","",""
"","ATHX 2027 — Women's Pro Division","Twelve-week preparation plan for ATHX 2027 — Women's edition, Pro division loads. Starts Monday 2 November 2026 and runs to competition weekend, ATHX London on 23-24 January 2027. Four phases: Base (weeks 1-4), Development (5-8), Specific (9-11), then Taper and Competition (12). Six training days a week across 72 training days and 12 rest days, 24 of them doubled AM and PM. Trains all three competition zones — Strength, Endurance and MetCon X — and carries the plan's own fuelling, hydration, recovery, teaching and daily log prompts on each day.","hybrid","","8","AM — Aerobic Run","cardio","RUNNING","Note","Warm-up 8 min easy. Main set at conversational. Cool-down 5 min easy. Full sentences throughout.","","","","","","","","","","","",""
"","ATHX 2027 — Women's Pro Division","Twelve-week preparation plan for ATHX 2027 — Women's edition, Pro division loads. Starts Monday 2 November 2026 and runs to competition weekend, ATHX London on 23-24 January 2027. Four phases: Base (weeks 1-4), Development (5-8), Specific (9-11), then Taper and Competition (12). Six training days a week across 72 training days and 12 rest days, 24 of them doubled AM and PM. Trains all three competition zones — Strength, Endurance and MetCon X — and carries the plan's own fuelling, hydration, recovery, teaching and daily log prompts on each day.","hybrid","","8","AM — Aerobic Run","cardio","RUNNING","Note · Week 2 of 12 — Base Phase","WEEK 2 OF 4, week commencing 2026-11-09.
What changes: Volume climbs again. The ski work stays continuous rather than intervalled - you are learning to move efficiently before you learn to move fast.
One priority: Ski stroke rate. Hold 34-42 and drive from the hip. If your arms burn before your trunk does, you are pulling with your arms.
If you miss a session: Drop it and move on. Nothing in this phase is irreplaceable, and doubling up usually costs more than the missed session was worth. If two are missed in a week, repeating the week is the better option.
Looking ahead: Week 3 is the biggest week of the Base phase. Ski reaches twenty-five minutes continuous.
Volume: run 2h15 · ski 30m · 2 lift sessions · 5h30 total","","","","","","","","","","","",""
"","ATHX 2027 — Women's Pro Division","Twelve-week preparation plan for ATHX 2027 — Women's edition, Pro division loads. Starts Monday 2 November 2026 and runs to competition weekend, ATHX London on 23-24 January 2027. Four phases: Base (weeks 1-4), Development (5-8), Specific (9-11), then Taper and Competition (12). Six training days a week across 72 training days and 12 rest days, 24 of them doubled AM and PM. Trains all three competition zones — Strength, Endurance and MetCon X — and carries the plan's own fuelling, hydration, recovery, teaching and daily log prompts on each day.","hybrid","","8","AM — Aerobic Run","cardio","RUNNING","Note · Why this session","Aerobic volume builds the base every later phase draws on. Upper work runs at accumulation loads. Run first, lift six hours later.","","","","","","","","","","","",""
"","ATHX 2027 — Women's Pro Division","Twelve-week preparation plan for ATHX 2027 — Women's edition, Pro division loads. Starts Monday 2 November 2026 and runs to competition weekend, ATHX London on 23-24 January 2027. Four phases: Base (weeks 1-4), Development (5-8), Specific (9-11), then Taper and Competition (12). Six training days a week across 72 training days and 12 rest days, 24 of them doubled AM and PM. Trains all three competition zones — Strength, Endurance and MetCon X — and carries the plan's own fuelling, hydration, recovery, teaching and daily log prompts on each day.","hybrid","","8","AM — Aerobic Run","cardio","RUNNING","Note · The standard - Deadlift","Hands must be outside the knees. Sumo deadlifts are not permitted. Double overhand, mixed and hook grip are all allowed. The Base phase is a good time to settle into a conventional stance, rather than adjusting to it later in the plan.","","","","","","","","","","","",""
"","ATHX 2027 — Women's Pro Division","Twelve-week preparation plan for ATHX 2027 — Women's edition, Pro division loads. Starts Monday 2 November 2026 and runs to competition weekend, ATHX London on 23-24 January 2027. Four phases: Base (weeks 1-4), Development (5-8), Specific (9-11), then Taper and Competition (12). Six training days a week across 72 training days and 12 rest days, 24 of them doubled AM and PM. Trains all three competition zones — Strength, Endurance and MetCon X — and carries the plan's own fuelling, hydration, recovery, teaching and daily log prompts on each day.","hybrid","","8","PM — Upper Accumulation","strength","STRENGTH_TRAINING","Note · Upper Accumulation","Min 6 h after AM.","","","","","","","","","","","",""
"","ATHX 2027 — Women's Pro Division","Twelve-week preparation plan for ATHX 2027 — Women's edition, Pro division loads. Starts Monday 2 November 2026 and runs to competition weekend, ATHX London on 23-24 January 2027. Four phases: Base (weeks 1-4), Development (5-8), Specific (9-11), then Taper and Competition (12). Six training days a week across 72 training days and 12 rest days, 24 of them doubled AM and PM. Trains all three competition zones — Strength, Endurance and MetCon X — and carries the plan's own fuelling, hydration, recovery, teaching and daily log prompts on each day.","hybrid","","8","PM — Upper Accumulation","strength","STRENGTH_TRAINING","A1 Push Press","4 x 6 · 2 RIR","","","","","4","6","","","","","",""
"","ATHX 2027 — Women's Pro Division","Twelve-week preparation plan for ATHX 2027 — Women's edition, Pro division loads. Starts Monday 2 November 2026 and runs to competition weekend, ATHX London on 23-24 January 2027. Four phases: Base (weeks 1-4), Development (5-8), Specific (9-11), then Taper and Competition (12). Six training days a week across 72 training days and 12 rest days, 24 of them doubled AM and PM. Trains all three competition zones — Strength, Endurance and MetCon X — and carries the plan's own fuelling, hydration, recovery, teaching and daily log prompts on each day.","hybrid","","8","PM — Upper Accumulation","strength","STRENGTH_TRAINING","A2 Weighted Pull-Up or Heavy Row","4 x 8 · 3 RIR","","","","","4","8","","","","","",""
"","ATHX 2027 — Women's Pro Division","Twelve-week preparation plan for ATHX 2027 — Women's edition, Pro division loads. Starts Monday 2 November 2026 and runs to competition weekend, ATHX London on 23-24 January 2027. Four phases: Base (weeks 1-4), Development (5-8), Specific (9-11), then Taper and Competition (12). Six training days a week across 72 training days and 12 rest days, 24 of them doubled AM and PM. Trains all three competition zones — Strength, Endurance and MetCon X — and carries the plan's own fuelling, hydration, recovery, teaching and daily log prompts on each day.","hybrid","","8","PM — Upper Accumulation","strength","STRENGTH_TRAINING","B1 DB Bench Press (12.5 kg)","3 x 15","","","12.5","","3","15","","","","","",""
"","ATHX 2027 — Women's Pro Division","Twelve-week preparation plan for ATHX 2027 — Women's edition, Pro division loads. Starts Monday 2 November 2026 and runs to competition weekend, ATHX London on 23-24 January 2027. Four phases: Base (weeks 1-4), Development (5-8), Specific (9-11), then Taper and Competition (12). Six training days a week across 72 training days and 12 rest days, 24 of them doubled AM and PM. Trains all three competition zones — Strength, Endurance and MetCon X — and carries the plan's own fuelling, hydration, recovery, teaching and daily log prompts on each day.","hybrid","","8","PM — Upper Accumulation","strength","STRENGTH_TRAINING","B2 Barbell Bent-Over Row","3 x 12 · 3 RIR","","","","","3","12","","","","","",""
"","ATHX 2027 — Women's Pro Division","Twelve-week preparation plan for ATHX 2027 — Women's edition, Pro division loads. Starts Monday 2 November 2026 and runs to competition weekend, ATHX London on 23-24 January 2027. Four phases: Base (weeks 1-4), Development (5-8), Specific (9-11), then Taper and Competition (12). Six training days a week across 72 training days and 12 rest days, 24 of them doubled AM and PM. Trains all three competition zones — Strength, Endurance and MetCon X — and carries the plan's own fuelling, hydration, recovery, teaching and daily log prompts on each day.","hybrid","","8","PM — Upper Accumulation","strength","STRENGTH_TRAINING","C Half-Kneeling Z Press","3 x 10 · 3 RIR","","","","","3","10","","","","","",""
"","ATHX 2027 — Women's Pro Division","Twelve-week preparation plan for ATHX 2027 — Women's edition, Pro division loads. Starts Monday 2 November 2026 and runs to competition weekend, ATHX London on 23-24 January 2027. Four phases: Base (weeks 1-4), Development (5-8), Specific (9-11), then Taper and Competition (12). Six training days a week across 72 training days and 12 rest days, 24 of them doubled AM and PM. Trains all three competition zones — Strength, Endurance and MetCon X — and carries the plan's own fuelling, hydration, recovery, teaching and daily log prompts on each day.","hybrid","","8","PM — Upper Accumulation","strength","STRENGTH_TRAINING","Note","Push press, not strict press.","","","","","","","","","","","",""
"","ATHX 2027 — Women's Pro Division","Twelve-week preparation plan for ATHX 2027 — Women's edition, Pro division loads. Starts Monday 2 November 2026 and runs to competition weekend, ATHX London on 23-24 January 2027. Four phases: Base (weeks 1-4), Development (5-8), Specific (9-11), then Taper and Competition (12). Six training days a week across 72 training days and 12 rest days, 24 of them doubled AM and PM. Trains all three competition zones — Strength, Endurance and MetCon X — and carries the plan's own fuelling, hydration, recovery, teaching and daily log prompts on each day.","hybrid","","8","PM — Upper Accumulation","strength","STRENGTH_TRAINING","Note · Fuel and hydration","Pre-AM: 30-40 g carbohydrate, 60-90 min before.
Between: Inside 60 min: 1.0-1.5 g/kg carbs plus 30-40 g protein. Non-negotiable on a double day.
Post-PM: 30-40 g protein plus 0.5-1.0 g/kg carbs within two hours.
Daily macros: Day: carbs 5-6 g/kg protein 1.8-2.2 g/kg
Hydration: AM: sweat rate x 0.7 · PM: sweat rate x 0.9
Electrolytes: AM run if over 60 min or warm.","","","","","","","","","","","",""
"","ATHX 2027 — Women's Pro Division","Twelve-week preparation plan for ATHX 2027 — Women's edition, Pro division loads. Starts Monday 2 November 2026 and runs to competition weekend, ATHX London on 23-24 January 2027. Four phases: Base (weeks 1-4), Development (5-8), Specific (9-11), then Taper and Competition (12). Six training days a week across 72 training days and 12 rest days, 24 of them doubled AM and PM. Trains all three competition zones — Strength, Endurance and MetCon X — and carries the plan's own fuelling, hydration, recovery, teaching and daily log prompts on each day.","hybrid","","8","PM — Upper Accumulation","strength","STRENGTH_TRAINING","Note · Recovery","Moderate mechanical · moderate central
Sleep is the intervention. You have moved twice today, so more movement is not more recovery. Tomorrow is ski: trunk and lats, legs left alone.","","","","","","","","","","","",""
"","ATHX 2027 — Women's Pro Division","Twelve-week preparation plan for ATHX 2027 — Women's edition, Pro division loads. Starts Monday 2 November 2026 and runs to competition weekend, ATHX London on 23-24 January 2027. Four phases: Base (weeks 1-4), Development (5-8), Specific (9-11), then Taper and Competition (12). Six training days a week across 72 training days and 12 rest days, 24 of them doubled AM and PM. Trains all three competition zones — Strength, Endurance and MetCon X — and carries the plan's own fuelling, hydration, recovery, teaching and daily log prompts on each day.","hybrid","","8","PM — Upper Accumulation","strength","STRENGTH_TRAINING","Note · Log today","- Fastest and slowest interval pace, and the gap between them
- Push press top set and RIR
- How the legs felt in the PM session","","","","","","","","","","","",""
"","ATHX 2027 — Women's Pro Division","Twelve-week preparation plan for ATHX 2027 — Women's edition, Pro division loads. Starts Monday 2 November 2026 and runs to competition weekend, ATHX London on 23-24 January 2027. Four phases: Base (weeks 1-4), Development (5-8), Specific (9-11), then Taper and Competition (12). Six training days a week across 72 training days and 12 rest days, 24 of them doubled AM and PM. Trains all three competition zones — Strength, Endurance and MetCon X — and carries the plan's own fuelling, hydration, recovery, teaching and daily log prompts on each day.","hybrid","","8","PM — Upper Accumulation","strength","STRENGTH_TRAINING","Note · Day at a glance","Session: Aerobic Run + Upper Accumulation
Type: Run + Upper strength
Shape: Double — the AM and PM sessions need six hours between them
Relative load: Moderate","","","","","","","","","","","",""
"","ATHX 2027 — Women's Pro Division","Twelve-week preparation plan for ATHX 2027 — Women's edition, Pro division loads. Starts Monday 2 November 2026 and runs to competition weekend, ATHX London on 23-24 January 2027. Four phases: Base (weeks 1-4), Development (5-8), Specific (9-11), then Taper and Competition (12). Six training days a week across 72 training days and 12 rest days, 24 of them doubled AM and PM. Trains all three competition zones — Strength, Endurance and MetCon X — and carries the plan's own fuelling, hydration, recovery, teaching and daily log prompts on each day.","hybrid","","9","Ski Technique + Grip","cardio","CARDIO_TRAINING","Ski - Continuous · Warm-up","4 min easy","","","","","","","","","","","",""
"","ATHX 2027 — Women's Pro Division","Twelve-week preparation plan for ATHX 2027 — Women's edition, Pro division loads. Starts Monday 2 November 2026 and runs to competition weekend, ATHX London on 23-24 January 2027. Four phases: Base (weeks 1-4), Development (5-8), Specific (9-11), then Taper and Competition (12). Six training days a week across 72 training days and 12 rest days, 24 of them doubled AM and PM. Trains all three competition zones — Strength, Endurance and MetCon X — and carries the plan's own fuelling, hydration, recovery, teaching and daily log prompts on each day.","hybrid","","9","Ski Technique + Grip","cardio","CARDIO_TRAINING","Ski - Continuous · Main","22 min at steady, nasal-capable","","","","","","","","","","","",""
"","ATHX 2027 — Women's Pro Division","Twelve-week preparation plan for ATHX 2027 — Women's edition, Pro division loads. Starts Monday 2 November 2026 and runs to competition weekend, ATHX London on 23-24 January 2027. Four phases: Base (weeks 1-4), Development (5-8), Specific (9-11), then Taper and Competition (12). Six training days a week across 72 training days and 12 rest days, 24 of them doubled AM and PM. Trains all three competition zones — Strength, Endurance and MetCon X — and carries the plan's own fuelling, hydration, recovery, teaching and daily log prompts on each day.","hybrid","","9","Ski Technique + Grip","cardio","CARDIO_TRAINING","Ski - Continuous · Cool-down","4 min easy","","","","","","","","","","","",""
"","ATHX 2027 — Women's Pro Division","Twelve-week preparation plan for ATHX 2027 — Women's edition, Pro division loads. Starts Monday 2 November 2026 and runs to competition weekend, ATHX London on 23-24 January 2027. Four phases: Base (weeks 1-4), Development (5-8), Specific (9-11), then Taper and Competition (12). Six training days a week across 72 training days and 12 rest days, 24 of them doubled AM and PM. Trains all three competition zones — Strength, Endurance and MetCon X — and carries the plan's own fuelling, hydration, recovery, teaching and daily log prompts on each day.","hybrid","","9","Ski Technique + Grip","cardio","CARDIO_TRAINING","Note · Ski - Continuous","Damper between 5 and 8. Stroke rate 34-42. Drive from the hip hinge and let the arms follow. Film yourself once this phase.","","","","","","","","","","","",""
"","ATHX 2027 — Women's Pro Division","Twelve-week preparation plan for ATHX 2027 — Women's edition, Pro division loads. Starts Monday 2 November 2026 and runs to competition weekend, ATHX London on 23-24 January 2027. Four phases: Base (weeks 1-4), Development (5-8), Specific (9-11), then Taper and Competition (12). Six training days a week across 72 training days and 12 rest days, 24 of them doubled AM and PM. Trains all three competition zones — Strength, Endurance and MetCon X — and carries the plan's own fuelling, hydration, recovery, teaching and daily log prompts on each day.","hybrid","","9","Ski Technique + Grip","strength","STRENGTH_TRAINING","Note · Grip Block","12 min.","","","","","","","","","","","",""
"","ATHX 2027 — Women's Pro Division","Twelve-week preparation plan for ATHX 2027 — Women's edition, Pro division loads. Starts Monday 2 November 2026 and runs to competition weekend, ATHX London on 23-24 January 2027. Four phases: Base (weeks 1-4), Development (5-8), Specific (9-11), then Taper and Competition (12). Six training days a week across 72 training days and 12 rest days, 24 of them doubled AM and PM. Trains all three competition zones — Strength, Endurance and MetCon X — and carries the plan's own fuelling, hydration, recovery, teaching and daily log prompts on each day.","hybrid","","9","Ski Technique + Grip","strength","STRENGTH_TRAINING","Grip Block · Farmer Carry (heavy)","4 x 40 m","","","","","","","","","","","",""
"","ATHX 2027 — Women's Pro Division","Twelve-week preparation plan for ATHX 2027 — Women's edition, Pro division loads. Starts Monday 2 November 2026 and runs to competition weekend, ATHX London on 23-24 January 2027. Four phases: Base (weeks 1-4), Development (5-8), Specific (9-11), then Taper and Competition (12). Six training days a week across 72 training days and 12 rest days, 24 of them doubled AM and PM. Trains all three competition zones — Strength, Endurance and MetCon X — and carries the plan's own fuelling, hydration, recovery, teaching and daily log prompts on each day.","hybrid","","9","Ski Technique + Grip","strength","STRENGTH_TRAINING","Grip Block · Dead Hang","3 x max hold","","","","","","","","","","","",""
"","ATHX 2027 — Women's Pro Division","Twelve-week preparation plan for ATHX 2027 — Women's edition, Pro division loads. Starts Monday 2 November 2026 and runs to competition weekend, ATHX London on 23-24 January 2027. Four phases: Base (weeks 1-4), Development (5-8), Specific (9-11), then Taper and Competition (12). Six training days a week across 72 training days and 12 rest days, 24 of them doubled AM and PM. Trains all three competition zones — Strength, Endurance and MetCon X — and carries the plan's own fuelling, hydration, recovery, teaching and daily log prompts on each day.","hybrid","","9","Ski Technique + Grip","strength","STRENGTH_TRAINING","Grip Block · Sandbag Bear-Hug Hold (30 kg)","3 x 40 s","","","30","","","","","","","","",""
"","ATHX 2027 — Women's Pro Division","Twelve-week preparation plan for ATHX 2027 — Women's edition, Pro division loads. Starts Monday 2 November 2026 and runs to competition weekend, ATHX London on 23-24 January 2027. Four phases: Base (weeks 1-4), Development (5-8), Specific (9-11), then Taper and Competition (12). Six training days a week across 72 training days and 12 rest days, 24 of them doubled AM and PM. Trains all three competition zones — Strength, Endurance and MetCon X — and carries the plan's own fuelling, hydration, recovery, teaching and daily log prompts on each day.","hybrid","","9","Ski Technique + Grip","cardio","CARDIO_TRAINING","Note · Why this session","The Endurance Zone is scored on ski metres alone, so this phase is about learning to produce them efficiently before working on producing them quickly.","","","","","","","","","","","",""
"","ATHX 2027 — Women's Pro Division","Twelve-week preparation plan for ATHX 2027 — Women's edition, Pro division loads. Starts Monday 2 November 2026 and runs to competition weekend, ATHX London on 23-24 January 2027. Four phases: Base (weeks 1-4), Development (5-8), Specific (9-11), then Taper and Competition (12). Six training days a week across 72 training days and 12 rest days, 24 of them doubled AM and PM. Trains all three competition zones — Strength, Endurance and MetCon X — and carries the plan's own fuelling, hydration, recovery, teaching and daily log prompts on each day.","hybrid","","9","Ski Technique + Grip","cardio","CARDIO_TRAINING","Note · Hip hinge, not arm pull","The SkiErg is driven by the hips. Load the hinge, snap it closed, and let the arms follow through. If your arms fatigue before your trunk does, the pull is coming from the arms, which is difficult to sustain for twelve minutes.","","","","","","","","","","","",""
"","ATHX 2027 — Women's Pro Division","Twelve-week preparation plan for ATHX 2027 — Women's edition, Pro division loads. Starts Monday 2 November 2026 and runs to competition weekend, ATHX London on 23-24 January 2027. Four phases: Base (weeks 1-4), Development (5-8), Specific (9-11), then Taper and Competition (12). Six training days a week across 72 training days and 12 rest days, 24 of them doubled AM and PM. Trains all three competition zones — Strength, Endurance and MetCon X — and carries the plan's own fuelling, hydration, recovery, teaching and daily log prompts on each day.","hybrid","","9","Ski Technique + Grip","cardio","CARDIO_TRAINING","Note · Fuel and hydration","Pre: 30-50 g carbohydrate, 60-90 min before.
Post: 30-40 g protein plus 0.5 g/kg carbohydrate.
Daily macros: Day: carbs 4-5 g/kg protein 1.8-2.2 g/kg
Hydration: Session: sweat rate x 1.0
Electrolytes: if total session exceeds 60 min.","","","","","","","","","","","",""
"","ATHX 2027 — Women's Pro Division","Twelve-week preparation plan for ATHX 2027 — Women's edition, Pro division loads. Starts Monday 2 November 2026 and runs to competition weekend, ATHX London on 23-24 January 2027. Four phases: Base (weeks 1-4), Development (5-8), Specific (9-11), then Taper and Competition (12). Six training days a week across 72 training days and 12 rest days, 24 of them doubled AM and PM. Trains all three competition zones — Strength, Endurance and MetCon X — and carries the plan's own fuelling, hydration, recovery, teaching and daily log prompts on each day.","hybrid","","9","Ski Technique + Grip","cardio","CARDIO_TRAINING","Note · Recovery","High metabolic · low mechanical
Hard work, little muscle damage. Active recovery helps here: twenty to thirty minutes of easy walking tonight. Legs should be fresh tomorrow.","","","","","","","","","","","",""
"","ATHX 2027 — Women's Pro Division","Twelve-week preparation plan for ATHX 2027 — Women's edition, Pro division loads. Starts Monday 2 November 2026 and runs to competition weekend, ATHX London on 23-24 January 2027. Four phases: Base (weeks 1-4), Development (5-8), Specific (9-11), then Taper and Competition (12). Six training days a week across 72 training days and 12 rest days, 24 of them doubled AM and PM. Trains all three competition zones — Strength, Endurance and MetCon X — and carries the plan's own fuelling, hydration, recovery, teaching and daily log prompts on each day.","hybrid","","9","Ski Technique + Grip","cardio","CARDIO_TRAINING","Note · Log today","- Metres for each ski interval
- Drop from first interval to last, target under 3%
- Grip: farmer carry load, dead hang time","","","","","","","","","","","",""
"","ATHX 2027 — Women's Pro Division","Twelve-week preparation plan for ATHX 2027 — Women's edition, Pro division loads. Starts Monday 2 November 2026 and runs to competition weekend, ATHX London on 23-24 January 2027. Four phases: Base (weeks 1-4), Development (5-8), Specific (9-11), then Taper and Competition (12). Six training days a week across 72 training days and 12 rest days, 24 of them doubled AM and PM. Trains all three competition zones — Strength, Endurance and MetCon X — and carries the plan's own fuelling, hydration, recovery, teaching and daily log prompts on each day.","hybrid","","9","Ski Technique + Grip","cardio","CARDIO_TRAINING","Note · Day at a glance","Session: Ski Technique + Grip
Type: Ski erg + Grip
Shape: Single
Relative load: Moderate","","","","","","","","","","","",""
"","ATHX 2027 — Women's Pro Division","Twelve-week preparation plan for ATHX 2027 — Women's edition, Pro division loads. Starts Monday 2 November 2026 and runs to competition weekend, ATHX London on 23-24 January 2027. Four phases: Base (weeks 1-4), Development (5-8), Specific (9-11), then Taper and Competition (12). Six training days a week across 72 training days and 12 rest days, 24 of them doubled AM and PM. Trains all three competition zones — Strength, Endurance and MetCon X — and carries the plan's own fuelling, hydration, recovery, teaching and daily log prompts on each day.","hybrid","","10","AM — Easy Aerobic","cardio","RUNNING","Easy Aerobic","40 min","","","","","","","","","","","",""
"","ATHX 2027 — Women's Pro Division","Twelve-week preparation plan for ATHX 2027 — Women's edition, Pro division loads. Starts Monday 2 November 2026 and runs to competition weekend, ATHX London on 23-24 January 2027. Four phases: Base (weeks 1-4), Development (5-8), Specific (9-11), then Taper and Competition (12). Six training days a week across 72 training days and 12 rest days, 24 of them doubled AM and PM. Trains all three competition zones — Strength, Endurance and MetCon X — and carries the plan's own fuelling, hydration, recovery, teaching and daily log prompts on each day.","hybrid","","10","AM — Easy Aerobic","cardio","RUNNING","Note","Zone 2 run or bike. Conversational throughout. If in doubt, go slower.","","","","","","","","","","","",""
"","ATHX 2027 — Women's Pro Division","Twelve-week preparation plan for ATHX 2027 — Women's edition, Pro division loads. Starts Monday 2 November 2026 and runs to competition weekend, ATHX London on 23-24 January 2027. Four phases: Base (weeks 1-4), Development (5-8), Specific (9-11), then Taper and Competition (12). Six training days a week across 72 training days and 12 rest days, 24 of them doubled AM and PM. Trains all three competition zones — Strength, Endurance and MetCon X — and carries the plan's own fuelling, hydration, recovery, teaching and daily log prompts on each day.","hybrid","","10","AM — Easy Aerobic","cardio","RUNNING","Note · Why this session","Endurance first, the lift six hours later, so the metabolic signalling from the run has returned to baseline before you load. Refuelling in between is what makes that true.","","","","","","","","","","","",""
"","ATHX 2027 — Women's Pro Division","Twelve-week preparation plan for ATHX 2027 — Women's edition, Pro division loads. Starts Monday 2 November 2026 and runs to competition weekend, ATHX London on 23-24 January 2027. Four phases: Base (weeks 1-4), Development (5-8), Specific (9-11), then Taper and Competition (12). Six training days a week across 72 training days and 12 rest days, 24 of them doubled AM and PM. Trains all three competition zones — Strength, Endurance and MetCon X — and carries the plan's own fuelling, hydration, recovery, teaching and daily log prompts on each day.","hybrid","","10","AM — Easy Aerobic","cardio","RUNNING","Note · The number — 4.17 m","What one second of run time is worth on the ski, at a 2:00 per 500 m pace. Save forty-five seconds on the buy-in and you gain roughly 187 metres of score. Nothing else in this sport converts so directly.","","","","","","","","","","","",""
"","ATHX 2027 — Women's Pro Division","Twelve-week preparation plan for ATHX 2027 — Women's edition, Pro division loads. Starts Monday 2 November 2026 and runs to competition weekend, ATHX London on 23-24 January 2027. Four phases: Base (weeks 1-4), Development (5-8), Specific (9-11), then Taper and Competition (12). Six training days a week across 72 training days and 12 rest days, 24 of them doubled AM and PM. Trains all three competition zones — Strength, Endurance and MetCon X — and carries the plan's own fuelling, hydration, recovery, teaching and daily log prompts on each day.","hybrid","","10","PM — Lower Accumulation","strength","STRENGTH_TRAINING","Note · Lower Accumulation","Min 6 h after AM.","","","","","","","","","","","",""
"","ATHX 2027 — Women's Pro Division","Twelve-week preparation plan for ATHX 2027 — Women's edition, Pro division loads. Starts Monday 2 November 2026 and runs to competition weekend, ATHX London on 23-24 January 2027. Four phases: Base (weeks 1-4), Development (5-8), Specific (9-11), then Taper and Competition (12). Six training days a week across 72 training days and 12 rest days, 24 of them doubled AM and PM. Trains all three competition zones — Strength, Endurance and MetCon X — and carries the plan's own fuelling, hydration, recovery, teaching and daily log prompts on each day.","hybrid","","10","PM — Lower Accumulation","strength","STRENGTH_TRAINING","A Back Squat","4 x 6 · 2 RIR","","","","","4","6","","","","","",""
"","ATHX 2027 — Women's Pro Division","Twelve-week preparation plan for ATHX 2027 — Women's edition, Pro division loads. Starts Monday 2 November 2026 and runs to competition weekend, ATHX London on 23-24 January 2027. Four phases: Base (weeks 1-4), Development (5-8), Specific (9-11), then Taper and Competition (12). Six training days a week across 72 training days and 12 rest days, 24 of them doubled AM and PM. Trains all three competition zones — Strength, Endurance and MetCon X — and carries the plan's own fuelling, hydration, recovery, teaching and daily log prompts on each day.","hybrid","","10","PM — Lower Accumulation","strength","STRENGTH_TRAINING","B Deadlift","4 x 5 · 3 RIR","","","","","4","5","","","","","",""
"","ATHX 2027 — Women's Pro Division","Twelve-week preparation plan for ATHX 2027 — Women's edition, Pro division loads. Starts Monday 2 November 2026 and runs to competition weekend, ATHX London on 23-24 January 2027. Four phases: Base (weeks 1-4), Development (5-8), Specific (9-11), then Taper and Competition (12). Six training days a week across 72 training days and 12 rest days, 24 of them doubled AM and PM. Trains all three competition zones — Strength, Endurance and MetCon X — and carries the plan's own fuelling, hydration, recovery, teaching and daily log prompts on each day.","hybrid","","10","PM — Lower Accumulation","strength","STRENGTH_TRAINING","C Bulgarian Split Squat","3 x 10 each leg · 3 RIR","","","","","","","","","","","",""
"","ATHX 2027 — Women's Pro Division","Twelve-week preparation plan for ATHX 2027 — Women's edition, Pro division loads. Starts Monday 2 November 2026 and runs to competition weekend, ATHX London on 23-24 January 2027. Four phases: Base (weeks 1-4), Development (5-8), Specific (9-11), then Taper and Competition (12). Six training days a week across 72 training days and 12 rest days, 24 of them doubled AM and PM. Trains all three competition zones — Strength, Endurance and MetCon X — and carries the plan's own fuelling, hydration, recovery, teaching and daily log prompts on each day.","hybrid","","10","PM — Lower Accumulation","strength","STRENGTH_TRAINING","D Copenhagen Plank","3 x 25 s each side","","","","","","","","","","","",""
"","ATHX 2027 — Women's Pro Division","Twelve-week preparation plan for ATHX 2027 — Women's edition, Pro division loads. Starts Monday 2 November 2026 and runs to competition weekend, ATHX London on 23-24 January 2027. Four phases: Base (weeks 1-4), Development (5-8), Specific (9-11), then Taper and Competition (12). Six training days a week across 72 training days and 12 rest days, 24 of them doubled AM and PM. Trains all three competition zones — Strength, Endurance and MetCon X — and carries the plan's own fuelling, hydration, recovery, teaching and daily log prompts on each day.","hybrid","","10","PM — Lower Accumulation","strength","STRENGTH_TRAINING","Note","No sumo. Hands outside the knees, as competition requires. Build the habit now.","","","","","","","","","","","",""
"","ATHX 2027 — Women's Pro Division","Twelve-week preparation plan for ATHX 2027 — Women's edition, Pro division loads. Starts Monday 2 November 2026 and runs to competition weekend, ATHX London on 23-24 January 2027. Four phases: Base (weeks 1-4), Development (5-8), Specific (9-11), then Taper and Competition (12). Six training days a week across 72 training days and 12 rest days, 24 of them doubled AM and PM. Trains all three competition zones — Strength, Endurance and MetCon X — and carries the plan's own fuelling, hydration, recovery, teaching and daily log prompts on each day.","hybrid","","10","PM — Lower Accumulation","strength","STRENGTH_TRAINING","Note · Fuel and hydration","Pre-AM: 20-30 g carbohydrate, or fasted if you tolerate it.
Between: Inside 60 min: 1.0-1.5 g/kg carbs plus 30-40 g protein.
Post-PM: 40 g protein plus 1.0 g/kg carbs within two hours.
Daily macros: Day: carbs 5-6 g/kg protein 2.0-2.2 g/kg
Hydration: AM: sweat rate x 0.8 · PM: sweat rate x 1.0
Electrolytes: PM session. Dehydration cuts force and spinal stability.","","","","","","","","","","","",""
"","ATHX 2027 — Women's Pro Division","Twelve-week preparation plan for ATHX 2027 — Women's edition, Pro division loads. Starts Monday 2 November 2026 and runs to competition weekend, ATHX London on 23-24 January 2027. Four phases: Base (weeks 1-4), Development (5-8), Specific (9-11), then Taper and Competition (12). Six training days a week across 72 training days and 12 rest days, 24 of them doubled AM and PM. Trains all three competition zones — Strength, Endurance and MetCon X — and carries the plan's own fuelling, hydration, recovery, teaching and daily log prompts on each day.","hybrid","","10","PM — Lower Accumulation","strength","STRENGTH_TRAINING","Note · Recovery","Highest central load of the week
Complete rest tonight. After high central load, light cardio does not speed neural recovery; sleep, downregulation and food do. Tomorrow is rest for the same reason.","","","","","","","","","","","",""
"","ATHX 2027 — Women's Pro Division","Twelve-week preparation plan for ATHX 2027 — Women's edition, Pro division loads. Starts Monday 2 November 2026 and runs to competition weekend, ATHX London on 23-24 January 2027. Four phases: Base (weeks 1-4), Development (5-8), Specific (9-11), then Taper and Competition (12). Six training days a week across 72 training days and 12 rest days, 24 of them doubled AM and PM. Trains all three competition zones — Strength, Endurance and MetCon X — and carries the plan's own fuelling, hydration, recovery, teaching and daily log prompts on each day.","hybrid","","10","PM — Lower Accumulation","strength","STRENGTH_TRAINING","Note · Log today","- Back squat top set and RIR
- Deadlift - triple 1 / triple 2, each round
- The gap between the two triples","","","","","","","","","","","",""
"","ATHX 2027 — Women's Pro Division","Twelve-week preparation plan for ATHX 2027 — Women's edition, Pro division loads. Starts Monday 2 November 2026 and runs to competition weekend, ATHX London on 23-24 January 2027. Four phases: Base (weeks 1-4), Development (5-8), Specific (9-11), then Taper and Competition (12). Six training days a week across 72 training days and 12 rest days, 24 of them doubled AM and PM. Trains all three competition zones — Strength, Endurance and MetCon X — and carries the plan's own fuelling, hydration, recovery, teaching and daily log prompts on each day.","hybrid","","10","PM — Lower Accumulation","strength","STRENGTH_TRAINING","Note · Day at a glance","Session: Easy Aerobic + Lower Accumulation
Type: Aerobic + Lower strength
Shape: Double — the AM and PM sessions need six hours between them
Relative load: High","","","","","","","","","","","",""
"","ATHX 2027 — Women's Pro Division","Twelve-week preparation plan for ATHX 2027 — Women's edition, Pro division loads. Starts Monday 2 November 2026 and runs to competition weekend, ATHX London on 23-24 January 2027. Four phases: Base (weeks 1-4), Development (5-8), Specific (9-11), then Taper and Competition (12). Six training days a week across 72 training days and 12 rest days, 24 of them doubled AM and PM. Trains all three competition zones — Strength, Endurance and MetCon X — and carries the plan's own fuelling, hydration, recovery, teaching and daily log prompts on each day.","hybrid","","11","Complete Rest","cardio","GENERIC","Note","Optional, ten to fifteen minutes: thoracic rotation, hip flexor lengthening, ankle dorsiflexion. Nothing that raises the heart rate. If it starts to feel like a session, stop.

Feeling good on a rest day is a sign the rest day is doing its job rather than a reason to add a session.

More progress tends to be lost to training through fatigue than to taking a day off.","","","","","","","","","","","",""
"","ATHX 2027 — Women's Pro Division","Twelve-week preparation plan for ATHX 2027 — Women's edition, Pro division loads. Starts Monday 2 November 2026 and runs to competition weekend, ATHX London on 23-24 January 2027. Four phases: Base (weeks 1-4), Development (5-8), Specific (9-11), then Taper and Competition (12). Six training days a week across 72 training days and 12 rest days, 24 of them doubled AM and PM. Trains all three competition zones — Strength, Endurance and MetCon X — and carries the plan's own fuelling, hydration, recovery, teaching and daily log prompts on each day.","hybrid","","11","Complete Rest","cardio","GENERIC","Note · Why this session","Yesterday carried the heaviest central nervous system load of the week, and the weekend holds the most specific sessions. This day is part of the programme rather than a gap in it, and it is what allows Friday and Saturday to be productive.","","","","","","","","","","","",""
"","ATHX 2027 — Women's Pro Division","Twelve-week preparation plan for ATHX 2027 — Women's edition, Pro division loads. Starts Monday 2 November 2026 and runs to competition weekend, ATHX London on 23-24 January 2027. Four phases: Base (weeks 1-4), Development (5-8), Specific (9-11), then Taper and Competition (12). Six training days a week across 72 training days and 12 rest days, 24 of them doubled AM and PM. Trains all three competition zones — Strength, Endurance and MetCon X — and carries the plan's own fuelling, hydration, recovery, teaching and daily log prompts on each day.","hybrid","","11","Complete Rest","cardio","GENERIC","Note · Kit - Lifting straps are banned","You may not use straps or hand grips. That makes grip a genuine limiter on your deadlift and on the sandbag carry. That is why Tuesday carries a grip block every week, as competition preparation rather than general accessory work.","","","","","","","","","","","",""
"","ATHX 2027 — Women's Pro Division","Twelve-week preparation plan for ATHX 2027 — Women's edition, Pro division loads. Starts Monday 2 November 2026 and runs to competition weekend, ATHX London on 23-24 January 2027. Four phases: Base (weeks 1-4), Development (5-8), Specific (9-11), then Taper and Competition (12). Six training days a week across 72 training days and 12 rest days, 24 of them doubled AM and PM. Trains all three competition zones — Strength, Endurance and MetCon X — and carries the plan's own fuelling, hydration, recovery, teaching and daily log prompts on each day.","hybrid","","11","Complete Rest","cardio","GENERIC","Note · Fuel and hydration","All day: Carbs come down because you are not training. Protein does not - rest days are when repair happens.
Intake: Eat at roughly maintenance. A build block is not the place for a deficit.
Daily macros: Day: carbs 3-4 g/kg protein 1.8-2.2 g/kg
Hydration: Session: none - baseline only, and still drink it
Electrolytes: not required today.","","","","","","","","","","","",""
"","ATHX 2027 — Women's Pro Division","Twelve-week preparation plan for ATHX 2027 — Women's edition, Pro division loads. Starts Monday 2 November 2026 and runs to competition weekend, ATHX London on 23-24 January 2027. Four phases: Base (weeks 1-4), Development (5-8), Specific (9-11), then Taper and Competition (12). Six training days a week across 72 training days and 12 rest days, 24 of them doubled AM and PM. Trains all three competition zones — Strength, Endurance and MetCon X — and carries the plan's own fuelling, hydration, recovery, teaching and daily log prompts on each day.","hybrid","","11","Complete Rest","cardio","GENERIC","Note · Recovery","Clearing central nervous system load
A working day for your nervous system even though it does not look like one. Sleep, downregulation and nutrition do the work. Get to bed thirty minutes earlier.","","","","","","","","","","","",""
"","ATHX 2027 — Women's Pro Division","Twelve-week preparation plan for ATHX 2027 — Women's edition, Pro division loads. Starts Monday 2 November 2026 and runs to competition weekend, ATHX London on 23-24 January 2027. Four phases: Base (weeks 1-4), Development (5-8), Specific (9-11), then Taper and Competition (12). Six training days a week across 72 training days and 12 rest days, 24 of them doubled AM and PM. Trains all three competition zones — Strength, Endurance and MetCon X — and carries the plan's own fuelling, hydration, recovery, teaching and daily log prompts on each day.","hybrid","","11","Complete Rest","cardio","GENERIC","Note · Log today","- Morning resting heart rate
- HRV if you track it
- If elevated two days running, reduce Friday volume by a third","","","","","","","","","","","",""
"","ATHX 2027 — Women's Pro Division","Twelve-week preparation plan for ATHX 2027 — Women's edition, Pro division loads. Starts Monday 2 November 2026 and runs to competition weekend, ATHX London on 23-24 January 2027. Four phases: Base (weeks 1-4), Development (5-8), Specific (9-11), then Taper and Competition (12). Six training days a week across 72 training days and 12 rest days, 24 of them doubled AM and PM. Trains all three competition zones — Strength, Endurance and MetCon X — and carries the plan's own fuelling, hydration, recovery, teaching and daily log prompts on each day.","hybrid","","11","Complete Rest","cardio","GENERIC","Note · Day at a glance","Session: Complete Rest
Type: Rest
Shape: Rest
Relative load: not rated","","","","","","","","","","","",""
"","ATHX 2027 — Women's Pro Division","Twelve-week preparation plan for ATHX 2027 — Women's edition, Pro division loads. Starts Monday 2 November 2026 and runs to competition weekend, ATHX London on 23-24 January 2027. Four phases: Base (weeks 1-4), Development (5-8), Specific (9-11), then Taper and Competition (12). Six training days a week across 72 training days and 12 rest days, 24 of them doubled AM and PM. Trains all three competition zones — Strength, Endurance and MetCon X — and carries the plan's own fuelling, hydration, recovery, teaching and daily log prompts on each day.","hybrid","","12","MetCon Movement Work","cardio","CARDIO_TRAINING","Note · Circuit","4 rounds. Rest 3 min between rounds.","","","","","","","","","","","",""
"","ATHX 2027 — Women's Pro Division","Twelve-week preparation plan for ATHX 2027 — Women's edition, Pro division loads. Starts Monday 2 November 2026 and runs to competition weekend, ATHX London on 23-24 January 2027. Four phases: Base (weeks 1-4), Development (5-8), Specific (9-11), then Taper and Competition (12). Six training days a week across 72 training days and 12 rest days, 24 of them doubled AM and PM. Trains all three competition zones — Strength, Endurance and MetCon X — and carries the plan's own fuelling, hydration, recovery, teaching and daily log prompts on each day.","hybrid","","12","MetCon Movement Work","cardio","CARDIO_TRAINING","Circuit · DB Bench Press","12 @ 15 kg","","","15","","","12","","","","","",""
"","ATHX 2027 — Women's Pro Division","Twelve-week preparation plan for ATHX 2027 — Women's edition, Pro division loads. Starts Monday 2 November 2026 and runs to competition weekend, ATHX London on 23-24 January 2027. Four phases: Base (weeks 1-4), Development (5-8), Specific (9-11), then Taper and Competition (12). Six training days a week across 72 training days and 12 rest days, 24 of them doubled AM and PM. Trains all three competition zones — Strength, Endurance and MetCon X — and carries the plan's own fuelling, hydration, recovery, teaching and daily log prompts on each day.","hybrid","","12","MetCon Movement Work","cardio","CARDIO_TRAINING","Circuit · DB Ground to Overhead","12 dual @ 15 kg","","","15","","","12","","","","","",""
"","ATHX 2027 — Women's Pro Division","Twelve-week preparation plan for ATHX 2027 — Women's edition, Pro division loads. Starts Monday 2 November 2026 and runs to competition weekend, ATHX London on 23-24 January 2027. Four phases: Base (weeks 1-4), Development (5-8), Specific (9-11), then Taper and Competition (12). Six training days a week across 72 training days and 12 rest days, 24 of them doubled AM and PM. Trains all three competition zones — Strength, Endurance and MetCon X — and carries the plan's own fuelling, hydration, recovery, teaching and daily log prompts on each day.","hybrid","","12","MetCon Movement Work","cardio","CARDIO_TRAINING","Circuit · Sandbag Squats","12 @ 50 kg","","","50","","","12","","","","","",""
"","ATHX 2027 — Women's Pro Division","Twelve-week preparation plan for ATHX 2027 — Women's edition, Pro division loads. Starts Monday 2 November 2026 and runs to competition weekend, ATHX London on 23-24 January 2027. Four phases: Base (weeks 1-4), Development (5-8), Specific (9-11), then Taper and Competition (12). Six training days a week across 72 training days and 12 rest days, 24 of them doubled AM and PM. Trains all three competition zones — Strength, Endurance and MetCon X — and carries the plan's own fuelling, hydration, recovery, teaching and daily log prompts on each day.","hybrid","","12","MetCon Movement Work","cardio","CARDIO_TRAINING","Circuit · Sandbag Carry (no rest)","30 m @ 50 kg","","","50","","","","","","","","",""
"","ATHX 2027 — Women's Pro Division","Twelve-week preparation plan for ATHX 2027 — Women's edition, Pro division loads. Starts Monday 2 November 2026 and runs to competition weekend, ATHX London on 23-24 January 2027. Four phases: Base (weeks 1-4), Development (5-8), Specific (9-11), then Taper and Competition (12). Six training days a week across 72 training days and 12 rest days, 24 of them doubled AM and PM. Trains all three competition zones — Strength, Endurance and MetCon X — and carries the plan's own fuelling, hydration, recovery, teaching and daily log prompts on each day.","hybrid","","12","MetCon Movement Work","cardio","CARDIO_TRAINING","Note · Circuit","The carry follows the squats with no break. Do not set the bag down between them. That is the sequence you will meet in competition.","","","","","","","","","","","",""
"","ATHX 2027 — Women's Pro Division","Twelve-week preparation plan for ATHX 2027 — Women's edition, Pro division loads. Starts Monday 2 November 2026 and runs to competition weekend, ATHX London on 23-24 January 2027. Four phases: Base (weeks 1-4), Development (5-8), Specific (9-11), then Taper and Competition (12). Six training days a week across 72 training days and 12 rest days, 24 of them doubled AM and PM. Trains all three competition zones — Strength, Endurance and MetCon X — and carries the plan's own fuelling, hydration, recovery, teaching and daily log prompts on each day.","hybrid","","12","MetCon Movement Work","cardio","CARDIO_TRAINING","Note · Finisher","300 m row, controlled. Not a time trial this phase.","","","","","","","","","","","",""
"","ATHX 2027 — Women's Pro Division","Twelve-week preparation plan for ATHX 2027 — Women's edition, Pro division loads. Starts Monday 2 November 2026 and runs to competition weekend, ATHX London on 23-24 January 2027. Four phases: Base (weeks 1-4), Development (5-8), Specific (9-11), then Taper and Competition (12). Six training days a week across 72 training days and 12 rest days, 24 of them doubled AM and PM. Trains all three competition zones — Strength, Endurance and MetCon X — and carries the plan's own fuelling, hydration, recovery, teaching and daily log prompts on each day.","hybrid","","12","MetCon Movement Work","cardio","CARDIO_TRAINING","Note · Why this session","Learn the movements at manageable load before you meet them at competition weight. Bench press and the sandbag squat-to-carry sequence are the two elements that most often need extra work.","","","","","","","","","","","",""
"","ATHX 2027 — Women's Pro Division","Twelve-week preparation plan for ATHX 2027 — Women's edition, Pro division loads. Starts Monday 2 November 2026 and runs to competition weekend, ATHX London on 23-24 January 2027. Four phases: Base (weeks 1-4), Development (5-8), Specific (9-11), then Taper and Competition (12). Six training days a week across 72 training days and 12 rest days, 24 of them doubled AM and PM. Trains all three competition zones — Strength, Endurance and MetCon X — and carries the plan's own fuelling, hydration, recovery, teaching and daily log prompts on each day.","hybrid","","12","MetCon Movement Work","cardio","CARDIO_TRAINING","Note · No rep - Sandbag carry","Both feet must clearly pass the turn line and the finish line. Touching the line does not count. Turning early is easy to do when breathing hard, so it is worth running through the line rather than to it.","","","","","","","","","","","",""
"","ATHX 2027 — Women's Pro Division","Twelve-week preparation plan for ATHX 2027 — Women's edition, Pro division loads. Starts Monday 2 November 2026 and runs to competition weekend, ATHX London on 23-24 January 2027. Four phases: Base (weeks 1-4), Development (5-8), Specific (9-11), then Taper and Competition (12). Six training days a week across 72 training days and 12 rest days, 24 of them doubled AM and PM. Trains all three competition zones — Strength, Endurance and MetCon X — and carries the plan's own fuelling, hydration, recovery, teaching and daily log prompts on each day.","hybrid","","12","MetCon Movement Work","cardio","CARDIO_TRAINING","Note · Fuel and hydration","Pre: 40-50 g carbohydrate, 90 min before.
Intra: Electrolyte drink between rounds, not during them.
Post: 40 g protein plus 1.0 g/kg carbs within two hours.
Daily macros: Day: carbs 5-6 g/kg protein 1.8-2.2 g/kg
Hydration: Session: sweat rate x 1.2
Electrolytes: required. Highest sweat rate of your week.","","","","","","","","","","","",""
"","ATHX 2027 — Women's Pro Division","Twelve-week preparation plan for ATHX 2027 — Women's edition, Pro division loads. Starts Monday 2 November 2026 and runs to competition weekend, ATHX London on 23-24 January 2027. Four phases: Base (weeks 1-4), Development (5-8), Specific (9-11), then Taper and Competition (12). Six training days a week across 72 training days and 12 rest days, 24 of them doubled AM and PM. Trains all three competition zones — Strength, Endurance and MetCon X — and carries the plan's own fuelling, hydration, recovery, teaching and daily log prompts on each day.","hybrid","","12","MetCon Movement Work","cardio","CARDIO_TRAINING","Note · Recovery","High metabolic · moderate mechanical
Loaded squatting and grip, no heavy eccentrics. Twenty minutes of easy walking or light cycling tonight. Not running - tomorrow needs your legs.","","","","","","","","","","","",""
"","ATHX 2027 — Women's Pro Division","Twelve-week preparation plan for ATHX 2027 — Women's edition, Pro division loads. Starts Monday 2 November 2026 and runs to competition weekend, ATHX London on 23-24 January 2027. Four phases: Base (weeks 1-4), Development (5-8), Specific (9-11), then Taper and Competition (12). Six training days a week across 72 training days and 12 rest days, 24 of them doubled AM and PM. Trains all three competition zones — Strength, Endurance and MetCon X — and carries the plan's own fuelling, hydration, recovery, teaching and daily log prompts on each day.","hybrid","","12","MetCon Movement Work","cardio","CARDIO_TRAINING","Note · Log today","- Time for each round
- Drop from round one to the final round, target within 10%
- Where the sandbag block broke down","","","","","","","","","","","",""
"","ATHX 2027 — Women's Pro Division","Twelve-week preparation plan for ATHX 2027 — Women's edition, Pro division loads. Starts Monday 2 November 2026 and runs to competition weekend, ATHX London on 23-24 January 2027. Four phases: Base (weeks 1-4), Development (5-8), Specific (9-11), then Taper and Competition (12). Six training days a week across 72 training days and 12 rest days, 24 of them doubled AM and PM. Trains all three competition zones — Strength, Endurance and MetCon X — and carries the plan's own fuelling, hydration, recovery, teaching and daily log prompts on each day.","hybrid","","12","MetCon Movement Work","cardio","CARDIO_TRAINING","Note · Day at a glance","Session: MetCon Movement Work
Type: MetCon circuit
Shape: Single
Relative load: Moderate","","","","","","","","","","","",""
"","ATHX 2027 — Women's Pro Division","Twelve-week preparation plan for ATHX 2027 — Women's edition, Pro division loads. Starts Monday 2 November 2026 and runs to competition weekend, ATHX London on 23-24 January 2027. Four phases: Base (weeks 1-4), Development (5-8), Specific (9-11), then Taper and Competition (12). Six training days a week across 72 training days and 12 rest days, 24 of them doubled AM and PM. Trains all three competition zones — Strength, Endurance and MetCon X — and carries the plan's own fuelling, hydration, recovery, teaching and daily log prompts on each day.","hybrid","","13","Long Aerobic + Ski Introduction","cardio","RUNNING","Run","70 min at easy aerobic","","","","","","","","","","","",""
"","ATHX 2027 — Women's Pro Division","Twelve-week preparation plan for ATHX 2027 — Women's edition, Pro division loads. Starts Monday 2 November 2026 and runs to competition weekend, ATHX London on 23-24 January 2027. Four phases: Base (weeks 1-4), Development (5-8), Specific (9-11), then Taper and Competition (12). Six training days a week across 72 training days and 12 rest days, 24 of them doubled AM and PM. Trains all three competition zones — Strength, Endurance and MetCon X — and carries the plan's own fuelling, hydration, recovery, teaching and daily log prompts on each day.","hybrid","","13","Long Aerobic + Ski Introduction","cardio","CARDIO_TRAINING","Ski - Immediately After","10 min at steady","","","","","","","","","","","",""
"","ATHX 2027 — Women's Pro Division","Twelve-week preparation plan for ATHX 2027 — Women's edition, Pro division loads. Starts Monday 2 November 2026 and runs to competition weekend, ATHX London on 23-24 January 2027. Four phases: Base (weeks 1-4), Development (5-8), Specific (9-11), then Taper and Competition (12). Six training days a week across 72 training days and 12 rest days, 24 of them doubled AM and PM. Trains all three competition zones — Strength, Endurance and MetCon X — and carries the plan's own fuelling, hydration, recovery, teaching and daily log prompts on each day.","hybrid","","13","Long Aerobic + Ski Introduction","cardio","CARDIO_TRAINING","Note · Ski - Immediately After","Transition without pausing. Note how the first ninety seconds feel. That sensation is what the Development phase trains away.","","","","","","","","","","","",""
"","ATHX 2027 — Women's Pro Division","Twelve-week preparation plan for ATHX 2027 — Women's edition, Pro division loads. Starts Monday 2 November 2026 and runs to competition weekend, ATHX London on 23-24 January 2027. Four phases: Base (weeks 1-4), Development (5-8), Specific (9-11), then Taper and Competition (12). Six training days a week across 72 training days and 12 rest days, 24 of them doubled AM and PM. Trains all three competition zones — Strength, Endurance and MetCon X — and carries the plan's own fuelling, hydration, recovery, teaching and daily log prompts on each day.","hybrid","","13","Long Aerobic + Ski Introduction","cardio","RUNNING","Note · Why this session","Time on feet plus a first exposure to skiing on tired legs. In the Development phase this becomes the most specific session in the book, so build the habit now.","","","","","","","","","","","",""
"","ATHX 2027 — Women's Pro Division","Twelve-week preparation plan for ATHX 2027 — Women's edition, Pro division loads. Starts Monday 2 November 2026 and runs to competition weekend, ATHX London on 23-24 January 2027. Four phases: Base (weeks 1-4), Development (5-8), Specific (9-11), then Taper and Competition (12). Six training days a week across 72 training days and 12 rest days, 24 of them doubled AM and PM. Trains all three competition zones — Strength, Endurance and MetCon X — and carries the plan's own fuelling, hydration, recovery, teaching and daily log prompts on each day.","hybrid","","13","Long Aerobic + Ski Introduction","cardio","RUNNING","Note · From the floor - Transition habit","The first thirty seconds off the run is where the time gained on the buy-in is most easily given back. Reset posture within three strides of reaching the machine, take one deliberate breath, and start at pace rather than pausing to gather yourself.","","","","","","","","","","","",""
"","ATHX 2027 — Women's Pro Division","Twelve-week preparation plan for ATHX 2027 — Women's edition, Pro division loads. Starts Monday 2 November 2026 and runs to competition weekend, ATHX London on 23-24 January 2027. Four phases: Base (weeks 1-4), Development (5-8), Specific (9-11), then Taper and Competition (12). Six training days a week across 72 training days and 12 rest days, 24 of them doubled AM and PM. Trains all three competition zones — Strength, Endurance and MetCon X — and carries the plan's own fuelling, hydration, recovery, teaching and daily log prompts on each day.","hybrid","","13","Long Aerobic + Ski Introduction","cardio","RUNNING","Note · Fuel and hydration","Pre: 40-50 g carbohydrate, 90 min before. Under-fuel this and the data is meaningless.
Post: 30-40 g protein plus 1.0 g/kg carbohydrate.
Daily macros: Day: carbs 5-6 g/kg protein 1.8-2.2 g/kg
Hydration: Session: sweat rate x 1.1
Electrolytes: yes. Sip between rounds.","","","","","","","","","","","",""
"","ATHX 2027 — Women's Pro Division","Twelve-week preparation plan for ATHX 2027 — Women's edition, Pro division loads. Starts Monday 2 November 2026 and runs to competition weekend, ATHX London on 23-24 January 2027. Four phases: Base (weeks 1-4), Development (5-8), Specific (9-11), then Taper and Competition (12). Six training days a week across 72 training days and 12 rest days, 24 of them doubled AM and PM. Trains all three competition zones — Strength, Endurance and MetCon X — and carries the plan's own fuelling, hydration, recovery, teaching and daily log prompts on each day.","hybrid","","13","Long Aerobic + Ski Introduction","cardio","RUNNING","Note · Recovery","High metabolic · moderate mechanical
Tomorrow's easy aerobic is your recovery, which is why it sits there. Sleep is tonight's priority. Legs beaten up in the morning? Take Sunday as a walk.","","","","","","","","","","","",""
"","ATHX 2027 — Women's Pro Division","Twelve-week preparation plan for ATHX 2027 — Women's edition, Pro division loads. Starts Monday 2 November 2026 and runs to competition weekend, ATHX London on 23-24 January 2027. Four phases: Base (weeks 1-4), Development (5-8), Specific (9-11), then Taper and Competition (12). Six training days a week across 72 training days and 12 rest days, 24 of them doubled AM and PM. Trains all three competition zones — Strength, Endurance and MetCon X — and carries the plan's own fuelling, hydration, recovery, teaching and daily log prompts on each day.","hybrid","","13","Long Aerobic + Ski Introduction","cardio","RUNNING","Note · Log today","- Ski metres per round, or 500 m splits if rehearsing the full zone
- Final round as a percentage of the first, target within 5%
- How the first thirty seconds of each ski felt","","","","","","","","","","","",""
"","ATHX 2027 — Women's Pro Division","Twelve-week preparation plan for ATHX 2027 — Women's edition, Pro division loads. Starts Monday 2 November 2026 and runs to competition weekend, ATHX London on 23-24 January 2027. Four phases: Base (weeks 1-4), Development (5-8), Specific (9-11), then Taper and Competition (12). Six training days a week across 72 training days and 12 rest days, 24 of them doubled AM and PM. Trains all three competition zones — Strength, Endurance and MetCon X — and carries the plan's own fuelling, hydration, recovery, teaching and daily log prompts on each day.","hybrid","","13","Long Aerobic + Ski Introduction","cardio","RUNNING","Note · Day at a glance","Session: Long Aerobic + Ski Introduction
Type: Run to ski transition
Shape: Single
Relative load: Moderate","","","","","","","","","","","",""
"","ATHX 2027 — Women's Pro Division","Twelve-week preparation plan for ATHX 2027 — Women's edition, Pro division loads. Starts Monday 2 November 2026 and runs to competition weekend, ATHX London on 23-24 January 2027. Four phases: Base (weeks 1-4), Development (5-8), Specific (9-11), then Taper and Competition (12). Six training days a week across 72 training days and 12 rest days, 24 of them doubled AM and PM. Trains all three competition zones — Strength, Endurance and MetCon X — and carries the plan's own fuelling, hydration, recovery, teaching and daily log prompts on each day.","hybrid","","14","Easy Aerobic","cardio","RUNNING","Easy Aerobic","55 min — run / bike / hike","","","","","","","","","","","",""
"","ATHX 2027 — Women's Pro Division","Twelve-week preparation plan for ATHX 2027 — Women's edition, Pro division loads. Starts Monday 2 November 2026 and runs to competition weekend, ATHX London on 23-24 January 2027. Four phases: Base (weeks 1-4), Development (5-8), Specific (9-11), then Taper and Competition (12). Six training days a week across 72 training days and 12 rest days, 24 of them doubled AM and PM. Trains all three competition zones — Strength, Endurance and MetCon X — and carries the plan's own fuelling, hydration, recovery, teaching and daily log prompts on each day.","hybrid","","14","Easy Aerobic","cardio","RUNNING","Note","Conversational the entire time. If your legs are sore from yesterday, walking or riding instead of running is the better choice.","","","","","","","","","","","",""
"","ATHX 2027 — Women's Pro Division","Twelve-week preparation plan for ATHX 2027 — Women's edition, Pro division loads. Starts Monday 2 November 2026 and runs to competition weekend, ATHX London on 23-24 January 2027. Four phases: Base (weeks 1-4), Development (5-8), Specific (9-11), then Taper and Competition (12). Six training days a week across 72 training days and 12 rest days, 24 of them doubled AM and PM. Trains all three competition zones — Strength, Endurance and MetCon X — and carries the plan's own fuelling, hydration, recovery, teaching and daily log prompts on each day.","hybrid","","14","Easy Aerobic","cardio","RUNNING","Note · Why this session","Aerobic maintenance and active clearance of yesterday. The only way to get this day wrong is to go too hard.","","","","","","","","","","","",""
"","ATHX 2027 — Women's Pro Division","Twelve-week preparation plan for ATHX 2027 — Women's edition, Pro division loads. Starts Monday 2 November 2026 and runs to competition weekend, ATHX London on 23-24 January 2027. Four phases: Base (weeks 1-4), Development (5-8), Specific (9-11), then Taper and Competition (12). Six training days a week across 72 training days and 12 rest days, 24 of them doubled AM and PM. Trains all three competition zones — Strength, Endurance and MetCon X — and carries the plan's own fuelling, hydration, recovery, teaching and daily log prompts on each day.","hybrid","","14","Easy Aerobic","cardio","RUNNING","Note · Score impact","Rank points are cheapest where the field is densest. The same improvement is worth roughly three times as many placings from mid-pack as it is from the top seven per cent. Placings are easiest to gain where you currently sit furthest back.","","","","","","","","","","","",""
"","ATHX 2027 — Women's Pro Division","Twelve-week preparation plan for ATHX 2027 — Women's edition, Pro division loads. Starts Monday 2 November 2026 and runs to competition weekend, ATHX London on 23-24 January 2027. Four phases: Base (weeks 1-4), Development (5-8), Specific (9-11), then Taper and Competition (12). Six training days a week across 72 training days and 12 rest days, 24 of them doubled AM and PM. Trains all three competition zones — Strength, Endurance and MetCon X — and carries the plan's own fuelling, hydration, recovery, teaching and daily log prompts on each day.","hybrid","","14","Easy Aerobic","cardio","RUNNING","Note · Fuel and hydration","Pre: Optional. Small carbohydrate serving if you prefer not to train empty.
Post: Normal meal within a couple of hours.
Daily macros: Day: carbs 4-5 g/kg protein 1.8-2.2 g/kg
Hydration: Session: sweat rate x 0.8
Electrolytes: only if over 60 min or hot.","","","","","","","","","","","",""
"","ATHX 2027 — Women's Pro Division","Twelve-week preparation plan for ATHX 2027 — Women's edition, Pro division loads. Starts Monday 2 November 2026 and runs to competition weekend, ATHX London on 23-24 January 2027. Four phases: Base (weeks 1-4), Development (5-8), Specific (9-11), then Taper and Competition (12). Six training days a week across 72 training days and 12 rest days, 24 of them doubled AM and PM. Trains all three competition zones — Strength, Endurance and MetCon X — and carries the plan's own fuelling, hydration, recovery, teaching and daily log prompts on each day.","hybrid","","14","Easy Aerobic","cardio","RUNNING","Note · Recovery","Minimal · this session is the recovery
Low mechanical load, sustained blood flow, negligible metabolic cost. After it, take the rest of the day genuinely off.","","","","","","","","","","","",""
"","ATHX 2027 — Women's Pro Division","Twelve-week preparation plan for ATHX 2027 — Women's edition, Pro division loads. Starts Monday 2 November 2026 and runs to competition weekend, ATHX London on 23-24 January 2027. Four phases: Base (weeks 1-4), Development (5-8), Specific (9-11), then Taper and Competition (12). Six training days a week across 72 training days and 12 rest days, 24 of them doubled AM and PM. Trains all three competition zones — Strength, Endurance and MetCon X — and carries the plan's own fuelling, hydration, recovery, teaching and daily log prompts on each day.","hybrid","","14","Easy Aerobic","cardio","RUNNING","Note · Log today","- Average heart rate
- Compare to the same session in Week 1
- How the week felt overall","","","","","","","","","","","",""
"","ATHX 2027 — Women's Pro Division","Twelve-week preparation plan for ATHX 2027 — Women's edition, Pro division loads. Starts Monday 2 November 2026 and runs to competition weekend, ATHX London on 23-24 January 2027. Four phases: Base (weeks 1-4), Development (5-8), Specific (9-11), then Taper and Competition (12). Six training days a week across 72 training days and 12 rest days, 24 of them doubled AM and PM. Trains all three competition zones — Strength, Endurance and MetCon X — and carries the plan's own fuelling, hydration, recovery, teaching and daily log prompts on each day.","hybrid","","14","Easy Aerobic","cardio","RUNNING","Note · Day at a glance","Session: Easy Aerobic
Type: Easy aerobic
Shape: Single
Relative load: Low","","","","","","","","","","","",""
"","ATHX 2027 — Women's Pro Division","Twelve-week preparation plan for ATHX 2027 — Women's edition, Pro division loads. Starts Monday 2 November 2026 and runs to competition weekend, ATHX London on 23-24 January 2027. Four phases: Base (weeks 1-4), Development (5-8), Specific (9-11), then Taper and Competition (12). Six training days a week across 72 training days and 12 rest days, 24 of them doubled AM and PM. Trains all three competition zones — Strength, Endurance and MetCon X — and carries the plan's own fuelling, hydration, recovery, teaching and daily log prompts on each day.","hybrid","","15","AM — Aerobic Run","cardio","RUNNING","Aerobic Run","45 min easy","","","","","","","","","","","",""
"","ATHX 2027 — Women's Pro Division","Twelve-week preparation plan for ATHX 2027 — Women's edition, Pro division loads. Starts Monday 2 November 2026 and runs to competition weekend, ATHX London on 23-24 January 2027. Four phases: Base (weeks 1-4), Development (5-8), Specific (9-11), then Taper and Competition (12). Six training days a week across 72 training days and 12 rest days, 24 of them doubled AM and PM. Trains all three competition zones — Strength, Endurance and MetCon X — and carries the plan's own fuelling, hydration, recovery, teaching and daily log prompts on each day.","hybrid","","15","AM — Aerobic Run","cardio","RUNNING","Note","Warm-up 8 min easy. Main set at conversational. Cool-down 5 min easy. Full sentences throughout.","","","","","","","","","","","",""
"","ATHX 2027 — Women's Pro Division","Twelve-week preparation plan for ATHX 2027 — Women's edition, Pro division loads. Starts Monday 2 November 2026 and runs to competition weekend, ATHX London on 23-24 January 2027. Four phases: Base (weeks 1-4), Development (5-8), Specific (9-11), then Taper and Competition (12). Six training days a week across 72 training days and 12 rest days, 24 of them doubled AM and PM. Trains all three competition zones — Strength, Endurance and MetCon X — and carries the plan's own fuelling, hydration, recovery, teaching and daily log prompts on each day.","hybrid","","15","AM — Aerobic Run","cardio","RUNNING","Note · Week 3 of 12 — Base Phase","WEEK 3 OF 4, week commencing 2026-11-16.
What changes: The biggest week of the phase. Strength volume peaks and ski time reaches twenty-five minutes continuous. Hold technique as fatigue arrives.
One priority: Technique under fatigue. The last five minutes of every ski and the last set of every lift are where the phase is won.
If you miss a session: Drop it and move on. Nothing in this phase is irreplaceable, and doubling up usually costs more than the missed session was worth. If two are missed in a week, repeating the week is the better option.
Looking ahead: Week 4 is a deload. Volume drops by about forty per cent and the shape of the week stays intact.
Volume: run 2h35 · ski 35m · 2 lift sessions · 6h00 total","","","","","","","","","","","",""
"","ATHX 2027 — Women's Pro Division","Twelve-week preparation plan for ATHX 2027 — Women's edition, Pro division loads. Starts Monday 2 November 2026 and runs to competition weekend, ATHX London on 23-24 January 2027. Four phases: Base (weeks 1-4), Development (5-8), Specific (9-11), then Taper and Competition (12). Six training days a week across 72 training days and 12 rest days, 24 of them doubled AM and PM. Trains all three competition zones — Strength, Endurance and MetCon X — and carries the plan's own fuelling, hydration, recovery, teaching and daily log prompts on each day.","hybrid","","15","AM — Aerobic Run","cardio","RUNNING","Note · Why this session","Aerobic volume builds the base every later phase draws on. Upper work runs at accumulation loads. Run first, lift six hours later.","","","","","","","","","","","",""
"","ATHX 2027 — Women's Pro Division","Twelve-week preparation plan for ATHX 2027 — Women's edition, Pro division loads. Starts Monday 2 November 2026 and runs to competition weekend, ATHX London on 23-24 January 2027. Four phases: Base (weeks 1-4), Development (5-8), Specific (9-11), then Taper and Competition (12). Six training days a week across 72 training days and 12 rest days, 24 of them doubled AM and PM. Trains all three competition zones — Strength, Endurance and MetCon X — and carries the plan's own fuelling, hydration, recovery, teaching and daily log prompts on each day.","hybrid","","15","AM — Aerobic Run","cardio","RUNNING","Note · The standard - Back squat","The hip crease must pass below the top of the knee. A rep only counts when you return to full extension of hips and knees. Depth is judged rather than estimated, so it is worth filming a set this week to check.","","","","","","","","","","","",""
"","ATHX 2027 — Women's Pro Division","Twelve-week preparation plan for ATHX 2027 — Women's edition, Pro division loads. Starts Monday 2 November 2026 and runs to competition weekend, ATHX London on 23-24 January 2027. Four phases: Base (weeks 1-4), Development (5-8), Specific (9-11), then Taper and Competition (12). Six training days a week across 72 training days and 12 rest days, 24 of them doubled AM and PM. Trains all three competition zones — Strength, Endurance and MetCon X — and carries the plan's own fuelling, hydration, recovery, teaching and daily log prompts on each day.","hybrid","","15","PM — Upper Accumulation","strength","STRENGTH_TRAINING","Note · Upper Accumulation","Min 6 h after AM.","","","","","","","","","","","",""
"","ATHX 2027 — Women's Pro Division","Twelve-week preparation plan for ATHX 2027 — Women's edition, Pro division loads. Starts Monday 2 November 2026 and runs to competition weekend, ATHX London on 23-24 January 2027. Four phases: Base (weeks 1-4), Development (5-8), Specific (9-11), then Taper and Competition (12). Six training days a week across 72 training days and 12 rest days, 24 of them doubled AM and PM. Trains all three competition zones — Strength, Endurance and MetCon X — and carries the plan's own fuelling, hydration, recovery, teaching and daily log prompts on each day.","hybrid","","15","PM — Upper Accumulation","strength","STRENGTH_TRAINING","A1 Push Press","5 x 5 · 2 RIR","","","","","5","5","","","","","",""
"","ATHX 2027 — Women's Pro Division","Twelve-week preparation plan for ATHX 2027 — Women's edition, Pro division loads. Starts Monday 2 November 2026 and runs to competition weekend, ATHX London on 23-24 January 2027. Four phases: Base (weeks 1-4), Development (5-8), Specific (9-11), then Taper and Competition (12). Six training days a week across 72 training days and 12 rest days, 24 of them doubled AM and PM. Trains all three competition zones — Strength, Endurance and MetCon X — and carries the plan's own fuelling, hydration, recovery, teaching and daily log prompts on each day.","hybrid","","15","PM — Upper Accumulation","strength","STRENGTH_TRAINING","A2 Weighted Pull-Up or Heavy Row","4 x 6 · 3 RIR","","","","","4","6","","","","","",""
"","ATHX 2027 — Women's Pro Division","Twelve-week preparation plan for ATHX 2027 — Women's edition, Pro division loads. Starts Monday 2 November 2026 and runs to competition weekend, ATHX London on 23-24 January 2027. Four phases: Base (weeks 1-4), Development (5-8), Specific (9-11), then Taper and Competition (12). Six training days a week across 72 training days and 12 rest days, 24 of them doubled AM and PM. Trains all three competition zones — Strength, Endurance and MetCon X — and carries the plan's own fuelling, hydration, recovery, teaching and daily log prompts on each day.","hybrid","","15","PM — Upper Accumulation","strength","STRENGTH_TRAINING","B1 DB Bench Press (12.5 kg)","4 x 15","","","12.5","","4","15","","","","","",""
"","ATHX 2027 — Women's Pro Division","Twelve-week preparation plan for ATHX 2027 — Women's edition, Pro division loads. Starts Monday 2 November 2026 and runs to competition weekend, ATHX London on 23-24 January 2027. Four phases: Base (weeks 1-4), Development (5-8), Specific (9-11), then Taper and Competition (12). Six training days a week across 72 training days and 12 rest days, 24 of them doubled AM and PM. Trains all three competition zones — Strength, Endurance and MetCon X — and carries the plan's own fuelling, hydration, recovery, teaching and daily log prompts on each day.","hybrid","","15","PM — Upper Accumulation","strength","STRENGTH_TRAINING","B2 Barbell Bent-Over Row","3 x 12 · 3 RIR","","","","","3","12","","","","","",""
"","ATHX 2027 — Women's Pro Division","Twelve-week preparation plan for ATHX 2027 — Women's edition, Pro division loads. Starts Monday 2 November 2026 and runs to competition weekend, ATHX London on 23-24 January 2027. Four phases: Base (weeks 1-4), Development (5-8), Specific (9-11), then Taper and Competition (12). Six training days a week across 72 training days and 12 rest days, 24 of them doubled AM and PM. Trains all three competition zones — Strength, Endurance and MetCon X — and carries the plan's own fuelling, hydration, recovery, teaching and daily log prompts on each day.","hybrid","","15","PM — Upper Accumulation","strength","STRENGTH_TRAINING","C Half-Kneeling Z Press","3 x 10 · 3 RIR","","","","","3","10","","","","","",""
"","ATHX 2027 — Women's Pro Division","Twelve-week preparation plan for ATHX 2027 — Women's edition, Pro division loads. Starts Monday 2 November 2026 and runs to competition weekend, ATHX London on 23-24 January 2027. Four phases: Base (weeks 1-4), Development (5-8), Specific (9-11), then Taper and Competition (12). Six training days a week across 72 training days and 12 rest days, 24 of them doubled AM and PM. Trains all three competition zones — Strength, Endurance and MetCon X — and carries the plan's own fuelling, hydration, recovery, teaching and daily log prompts on each day.","hybrid","","15","PM — Upper Accumulation","strength","STRENGTH_TRAINING","Note","Push press, not strict press.","","","","","","","","","","","",""
"","ATHX 2027 — Women's Pro Division","Twelve-week preparation plan for ATHX 2027 — Women's edition, Pro division loads. Starts Monday 2 November 2026 and runs to competition weekend, ATHX London on 23-24 January 2027. Four phases: Base (weeks 1-4), Development (5-8), Specific (9-11), then Taper and Competition (12). Six training days a week across 72 training days and 12 rest days, 24 of them doubled AM and PM. Trains all three competition zones — Strength, Endurance and MetCon X — and carries the plan's own fuelling, hydration, recovery, teaching and daily log prompts on each day.","hybrid","","15","PM — Upper Accumulation","strength","STRENGTH_TRAINING","Note · Fuel and hydration","Pre-AM: 30-40 g carbohydrate, 60-90 min before.
Between: Inside 60 min: 1.0-1.5 g/kg carbs plus 30-40 g protein. Non-negotiable on a double day.
Post-PM: 30-40 g protein plus 0.5-1.0 g/kg carbs within two hours.
Daily macros: Day: carbs 5-6 g/kg protein 1.8-2.2 g/kg
Hydration: AM: sweat rate x 0.7 · PM: sweat rate x 0.9
Electrolytes: AM run if over 60 min or warm.","","","","","","","","","","","",""
"","ATHX 2027 — Women's Pro Division","Twelve-week preparation plan for ATHX 2027 — Women's edition, Pro division loads. Starts Monday 2 November 2026 and runs to competition weekend, ATHX London on 23-24 January 2027. Four phases: Base (weeks 1-4), Development (5-8), Specific (9-11), then Taper and Competition (12). Six training days a week across 72 training days and 12 rest days, 24 of them doubled AM and PM. Trains all three competition zones — Strength, Endurance and MetCon X — and carries the plan's own fuelling, hydration, recovery, teaching and daily log prompts on each day.","hybrid","","15","PM — Upper Accumulation","strength","STRENGTH_TRAINING","Note · Recovery","Moderate mechanical · moderate central
Sleep is the intervention. You have moved twice today, so more movement is not more recovery. Tomorrow is ski: trunk and lats, legs left alone.","","","","","","","","","","","",""
"","ATHX 2027 — Women's Pro Division","Twelve-week preparation plan for ATHX 2027 — Women's edition, Pro division loads. Starts Monday 2 November 2026 and runs to competition weekend, ATHX London on 23-24 January 2027. Four phases: Base (weeks 1-4), Development (5-8), Specific (9-11), then Taper and Competition (12). Six training days a week across 72 training days and 12 rest days, 24 of them doubled AM and PM. Trains all three competition zones — Strength, Endurance and MetCon X — and carries the plan's own fuelling, hydration, recovery, teaching and daily log prompts on each day.","hybrid","","15","PM — Upper Accumulation","strength","STRENGTH_TRAINING","Note · Log today","- Fastest and slowest interval pace, and the gap between them
- Push press top set and RIR
- How the legs felt in the PM session","","","","","","","","","","","",""
"","ATHX 2027 — Women's Pro Division","Twelve-week preparation plan for ATHX 2027 — Women's edition, Pro division loads. Starts Monday 2 November 2026 and runs to competition weekend, ATHX London on 23-24 January 2027. Four phases: Base (weeks 1-4), Development (5-8), Specific (9-11), then Taper and Competition (12). Six training days a week across 72 training days and 12 rest days, 24 of them doubled AM and PM. Trains all three competition zones — Strength, Endurance and MetCon X — and carries the plan's own fuelling, hydration, recovery, teaching and daily log prompts on each day.","hybrid","","15","PM — Upper Accumulation","strength","STRENGTH_TRAINING","Note · Day at a glance","Session: Aerobic Run + Upper Accumulation
Type: Run + Upper strength
Shape: Double — the AM and PM sessions need six hours between them
Relative load: Moderate","","","","","","","","","","","",""
"","ATHX 2027 — Women's Pro Division","Twelve-week preparation plan for ATHX 2027 — Women's edition, Pro division loads. Starts Monday 2 November 2026 and runs to competition weekend, ATHX London on 23-24 January 2027. Four phases: Base (weeks 1-4), Development (5-8), Specific (9-11), then Taper and Competition (12). Six training days a week across 72 training days and 12 rest days, 24 of them doubled AM and PM. Trains all three competition zones — Strength, Endurance and MetCon X — and carries the plan's own fuelling, hydration, recovery, teaching and daily log prompts on each day.","hybrid","","16","Ski Technique + Grip","cardio","CARDIO_TRAINING","Ski - Continuous · Warm-up","4 min easy","","","","","","","","","","","",""
"","ATHX 2027 — Women's Pro Division","Twelve-week preparation plan for ATHX 2027 — Women's edition, Pro division loads. Starts Monday 2 November 2026 and runs to competition weekend, ATHX London on 23-24 January 2027. Four phases: Base (weeks 1-4), Development (5-8), Specific (9-11), then Taper and Competition (12). Six training days a week across 72 training days and 12 rest days, 24 of them doubled AM and PM. Trains all three competition zones — Strength, Endurance and MetCon X — and carries the plan's own fuelling, hydration, recovery, teaching and daily log prompts on each day.","hybrid","","16","Ski Technique + Grip","cardio","CARDIO_TRAINING","Ski - Continuous · Main","28 min at steady, nasal-capable","","","","","","","","","","","",""
"","ATHX 2027 — Women's Pro Division","Twelve-week preparation plan for ATHX 2027 — Women's edition, Pro division loads. Starts Monday 2 November 2026 and runs to competition weekend, ATHX London on 23-24 January 2027. Four phases: Base (weeks 1-4), Development (5-8), Specific (9-11), then Taper and Competition (12). Six training days a week across 72 training days and 12 rest days, 24 of them doubled AM and PM. Trains all three competition zones — Strength, Endurance and MetCon X — and carries the plan's own fuelling, hydration, recovery, teaching and daily log prompts on each day.","hybrid","","16","Ski Technique + Grip","cardio","CARDIO_TRAINING","Ski - Continuous · Cool-down","4 min easy","","","","","","","","","","","",""
"","ATHX 2027 — Women's Pro Division","Twelve-week preparation plan for ATHX 2027 — Women's edition, Pro division loads. Starts Monday 2 November 2026 and runs to competition weekend, ATHX London on 23-24 January 2027. Four phases: Base (weeks 1-4), Development (5-8), Specific (9-11), then Taper and Competition (12). Six training days a week across 72 training days and 12 rest days, 24 of them doubled AM and PM. Trains all three competition zones — Strength, Endurance and MetCon X — and carries the plan's own fuelling, hydration, recovery, teaching and daily log prompts on each day.","hybrid","","16","Ski Technique + Grip","cardio","CARDIO_TRAINING","Note · Ski - Continuous","Damper between 5 and 8. Stroke rate 34-42. Drive from the hip hinge and let the arms follow. Film yourself once this phase.","","","","","","","","","","","",""
"","ATHX 2027 — Women's Pro Division","Twelve-week preparation plan for ATHX 2027 — Women's edition, Pro division loads. Starts Monday 2 November 2026 and runs to competition weekend, ATHX London on 23-24 January 2027. Four phases: Base (weeks 1-4), Development (5-8), Specific (9-11), then Taper and Competition (12). Six training days a week across 72 training days and 12 rest days, 24 of them doubled AM and PM. Trains all three competition zones — Strength, Endurance and MetCon X — and carries the plan's own fuelling, hydration, recovery, teaching and daily log prompts on each day.","hybrid","","16","Ski Technique + Grip","strength","STRENGTH_TRAINING","Note · Grip Block","12 min.","","","","","","","","","","","",""
"","ATHX 2027 — Women's Pro Division","Twelve-week preparation plan for ATHX 2027 — Women's edition, Pro division loads. Starts Monday 2 November 2026 and runs to competition weekend, ATHX London on 23-24 January 2027. Four phases: Base (weeks 1-4), Development (5-8), Specific (9-11), then Taper and Competition (12). Six training days a week across 72 training days and 12 rest days, 24 of them doubled AM and PM. Trains all three competition zones — Strength, Endurance and MetCon X — and carries the plan's own fuelling, hydration, recovery, teaching and daily log prompts on each day.","hybrid","","16","Ski Technique + Grip","strength","STRENGTH_TRAINING","Grip Block · Farmer Carry (heavy)","4 x 40 m","","","","","","","","","","","",""
"","ATHX 2027 — Women's Pro Division","Twelve-week preparation plan for ATHX 2027 — Women's edition, Pro division loads. Starts Monday 2 November 2026 and runs to competition weekend, ATHX London on 23-24 January 2027. Four phases: Base (weeks 1-4), Development (5-8), Specific (9-11), then Taper and Competition (12). Six training days a week across 72 training days and 12 rest days, 24 of them doubled AM and PM. Trains all three competition zones — Strength, Endurance and MetCon X — and carries the plan's own fuelling, hydration, recovery, teaching and daily log prompts on each day.","hybrid","","16","Ski Technique + Grip","strength","STRENGTH_TRAINING","Grip Block · Dead Hang","3 x max hold","","","","","","","","","","","",""
"","ATHX 2027 — Women's Pro Division","Twelve-week preparation plan for ATHX 2027 — Women's edition, Pro division loads. Starts Monday 2 November 2026 and runs to competition weekend, ATHX London on 23-24 January 2027. Four phases: Base (weeks 1-4), Development (5-8), Specific (9-11), then Taper and Competition (12). Six training days a week across 72 training days and 12 rest days, 24 of them doubled AM and PM. Trains all three competition zones — Strength, Endurance and MetCon X — and carries the plan's own fuelling, hydration, recovery, teaching and daily log prompts on each day.","hybrid","","16","Ski Technique + Grip","strength","STRENGTH_TRAINING","Grip Block · Sandbag Bear-Hug Hold (30 kg)","3 x 40 s","","","30","","","","","","","","",""
"","ATHX 2027 — Women's Pro Division","Twelve-week preparation plan for ATHX 2027 — Women's edition, Pro division loads. Starts Monday 2 November 2026 and runs to competition weekend, ATHX London on 23-24 January 2027. Four phases: Base (weeks 1-4), Development (5-8), Specific (9-11), then Taper and Competition (12). Six training days a week across 72 training days and 12 rest days, 24 of them doubled AM and PM. Trains all three competition zones — Strength, Endurance and MetCon X — and carries the plan's own fuelling, hydration, recovery, teaching and daily log prompts on each day.","hybrid","","16","Ski Technique + Grip","cardio","CARDIO_TRAINING","Note · Why this session","The Endurance Zone is scored on ski metres alone, so this phase is about learning to produce them efficiently before working on producing them quickly.","","","","","","","","","","","",""
"","ATHX 2027 — Women's Pro Division","Twelve-week preparation plan for ATHX 2027 — Women's edition, Pro division loads. Starts Monday 2 November 2026 and runs to competition weekend, ATHX London on 23-24 January 2027. Four phases: Base (weeks 1-4), Development (5-8), Specific (9-11), then Taper and Competition (12). Six training days a week across 72 training days and 12 rest days, 24 of them doubled AM and PM. Trains all three competition zones — Strength, Endurance and MetCon X — and carries the plan's own fuelling, hydration, recovery, teaching and daily log prompts on each day.","hybrid","","16","Ski Technique + Grip","cardio","CARDIO_TRAINING","Note · No rep - Back squat - the walk-in","On your final rep you must be fully extended and given the rep verbally before you walk the bar back to the rack. Walk early and the rep does not count. Re-rack it and you start again from zero. This is one of the more costly errors available in the Strength Zone, and it is entirely avoidable.","","","","","","","","","","","",""
"","ATHX 2027 — Women's Pro Division","Twelve-week preparation plan for ATHX 2027 — Women's edition, Pro division loads. Starts Monday 2 November 2026 and runs to competition weekend, ATHX London on 23-24 January 2027. Four phases: Base (weeks 1-4), Development (5-8), Specific (9-11), then Taper and Competition (12). Six training days a week across 72 training days and 12 rest days, 24 of them doubled AM and PM. Trains all three competition zones — Strength, Endurance and MetCon X — and carries the plan's own fuelling, hydration, recovery, teaching and daily log prompts on each day.","hybrid","","16","Ski Technique + Grip","cardio","CARDIO_TRAINING","Note · Fuel and hydration","Pre: 30-50 g carbohydrate, 60-90 min before.
Post: 30-40 g protein plus 0.5 g/kg carbohydrate.
Daily macros: Day: carbs 4-5 g/kg protein 1.8-2.2 g/kg
Hydration: Session: sweat rate x 1.0
Electrolytes: if total session exceeds 60 min.","","","","","","","","","","","",""
"","ATHX 2027 — Women's Pro Division","Twelve-week preparation plan for ATHX 2027 — Women's edition, Pro division loads. Starts Monday 2 November 2026 and runs to competition weekend, ATHX London on 23-24 January 2027. Four phases: Base (weeks 1-4), Development (5-8), Specific (9-11), then Taper and Competition (12). Six training days a week across 72 training days and 12 rest days, 24 of them doubled AM and PM. Trains all three competition zones — Strength, Endurance and MetCon X — and carries the plan's own fuelling, hydration, recovery, teaching and daily log prompts on each day.","hybrid","","16","Ski Technique + Grip","cardio","CARDIO_TRAINING","Note · Recovery","High metabolic · low mechanical
Hard work, little muscle damage. Active recovery helps here: twenty to thirty minutes of easy walking tonight. Legs should be fresh tomorrow.","","","","","","","","","","","",""
"","ATHX 2027 — Women's Pro Division","Twelve-week preparation plan for ATHX 2027 — Women's edition, Pro division loads. Starts Monday 2 November 2026 and runs to competition weekend, ATHX London on 23-24 January 2027. Four phases: Base (weeks 1-4), Development (5-8), Specific (9-11), then Taper and Competition (12). Six training days a week across 72 training days and 12 rest days, 24 of them doubled AM and PM. Trains all three competition zones — Strength, Endurance and MetCon X — and carries the plan's own fuelling, hydration, recovery, teaching and daily log prompts on each day.","hybrid","","16","Ski Technique + Grip","cardio","CARDIO_TRAINING","Note · Log today","- Metres for each ski interval
- Drop from first interval to last, target under 3%
- Grip: farmer carry load, dead hang time","","","","","","","","","","","",""
"","ATHX 2027 — Women's Pro Division","Twelve-week preparation plan for ATHX 2027 — Women's edition, Pro division loads. Starts Monday 2 November 2026 and runs to competition weekend, ATHX London on 23-24 January 2027. Four phases: Base (weeks 1-4), Development (5-8), Specific (9-11), then Taper and Competition (12). Six training days a week across 72 training days and 12 rest days, 24 of them doubled AM and PM. Trains all three competition zones — Strength, Endurance and MetCon X — and carries the plan's own fuelling, hydration, recovery, teaching and daily log prompts on each day.","hybrid","","16","Ski Technique + Grip","cardio","CARDIO_TRAINING","Note · Day at a glance","Session: Ski Technique + Grip
Type: Ski erg + Grip
Shape: Single
Relative load: Moderate","","","","","","","","","","","",""
"","ATHX 2027 — Women's Pro Division","Twelve-week preparation plan for ATHX 2027 — Women's edition, Pro division loads. Starts Monday 2 November 2026 and runs to competition weekend, ATHX London on 23-24 January 2027. Four phases: Base (weeks 1-4), Development (5-8), Specific (9-11), then Taper and Competition (12). Six training days a week across 72 training days and 12 rest days, 24 of them doubled AM and PM. Trains all three competition zones — Strength, Endurance and MetCon X — and carries the plan's own fuelling, hydration, recovery, teaching and daily log prompts on each day.","hybrid","","17","AM — Easy Aerobic","cardio","RUNNING","Easy Aerobic","45 min","","","","","","","","","","","",""
"","ATHX 2027 — Women's Pro Division","Twelve-week preparation plan for ATHX 2027 — Women's edition, Pro division loads. Starts Monday 2 November 2026 and runs to competition weekend, ATHX London on 23-24 January 2027. Four phases: Base (weeks 1-4), Development (5-8), Specific (9-11), then Taper and Competition (12). Six training days a week across 72 training days and 12 rest days, 24 of them doubled AM and PM. Trains all three competition zones — Strength, Endurance and MetCon X — and carries the plan's own fuelling, hydration, recovery, teaching and daily log prompts on each day.","hybrid","","17","AM — Easy Aerobic","cardio","RUNNING","Note","Zone 2 run or bike. Conversational throughout. If in doubt, go slower.","","","","","","","","","","","",""
"","ATHX 2027 — Women's Pro Division","Twelve-week preparation plan for ATHX 2027 — Women's edition, Pro division loads. Starts Monday 2 November 2026 and runs to competition weekend, ATHX London on 23-24 January 2027. Four phases: Base (weeks 1-4), Development (5-8), Specific (9-11), then Taper and Competition (12). Six training days a week across 72 training days and 12 rest days, 24 of them doubled AM and PM. Trains all three competition zones — Strength, Endurance and MetCon X — and carries the plan's own fuelling, hydration, recovery, teaching and daily log prompts on each day.","hybrid","","17","AM — Easy Aerobic","cardio","RUNNING","Note · Why this session","Endurance first, the lift six hours later, so the metabolic signalling from the run has returned to baseline before you load. Refuelling in between is what makes that true.","","","","","","","","","","","",""
"","ATHX 2027 — Women's Pro Division","Twelve-week preparation plan for ATHX 2027 — Women's edition, Pro division loads. Starts Monday 2 November 2026 and runs to competition weekend, ATHX London on 23-24 January 2027. Four phases: Base (weeks 1-4), Development (5-8), Specific (9-11), then Taper and Competition (12). Six training days a week across 72 training days and 12 rest days, 24 of them doubled AM and PM. Trains all three competition zones — Strength, Endurance and MetCon X — and carries the plan's own fuelling, hydration, recovery, teaching and daily log prompts on each day.","hybrid","","17","AM — Easy Aerobic","cardio","RUNNING","Note · Bench press endurance","DB bench press was not in the 2026 format, so it is new to most people entering in 2027. Running, HYROX and general conditioning backgrounds rarely build horizontal pressing endurance. Thirty reps is a local endurance demand rather than a strength one, and it responds quickly to targeted work.","","","","","","","","","","","",""
"","ATHX 2027 — Women's Pro Division","Twelve-week preparation plan for ATHX 2027 — Women's edition, Pro division loads. Starts Monday 2 November 2026 and runs to competition weekend, ATHX London on 23-24 January 2027. Four phases: Base (weeks 1-4), Development (5-8), Specific (9-11), then Taper and Competition (12). Six training days a week across 72 training days and 12 rest days, 24 of them doubled AM and PM. Trains all three competition zones — Strength, Endurance and MetCon X — and carries the plan's own fuelling, hydration, recovery, teaching and daily log prompts on each day.","hybrid","","17","PM — Lower Accumulation","strength","STRENGTH_TRAINING","Note · Lower Accumulation","Min 6 h after AM.","","","","","","","","","","","",""
"","ATHX 2027 — Women's Pro Division","Twelve-week preparation plan for ATHX 2027 — Women's edition, Pro division loads. Starts Monday 2 November 2026 and runs to competition weekend, ATHX London on 23-24 January 2027. Four phases: Base (weeks 1-4), Development (5-8), Specific (9-11), then Taper and Competition (12). Six training days a week across 72 training days and 12 rest days, 24 of them doubled AM and PM. Trains all three competition zones — Strength, Endurance and MetCon X — and carries the plan's own fuelling, hydration, recovery, teaching and daily log prompts on each day.","hybrid","","17","PM — Lower Accumulation","strength","STRENGTH_TRAINING","A Back Squat","5 x 5 · 2 RIR","","","","","5","5","","","","","",""
"","ATHX 2027 — Women's Pro Division","Twelve-week preparation plan for ATHX 2027 — Women's edition, Pro division loads. Starts Monday 2 November 2026 and runs to competition weekend, ATHX London on 23-24 January 2027. Four phases: Base (weeks 1-4), Development (5-8), Specific (9-11), then Taper and Competition (12). Six training days a week across 72 training days and 12 rest days, 24 of them doubled AM and PM. Trains all three competition zones — Strength, Endurance and MetCon X — and carries the plan's own fuelling, hydration, recovery, teaching and daily log prompts on each day.","hybrid","","17","PM — Lower Accumulation","strength","STRENGTH_TRAINING","B Deadlift","4 x 4 · 2 RIR","","","","","4","4","","","","","",""
"","ATHX 2027 — Women's Pro Division","Twelve-week preparation plan for ATHX 2027 — Women's edition, Pro division loads. Starts Monday 2 November 2026 and runs to competition weekend, ATHX London on 23-24 January 2027. Four phases: Base (weeks 1-4), Development (5-8), Specific (9-11), then Taper and Competition (12). Six training days a week across 72 training days and 12 rest days, 24 of them doubled AM and PM. Trains all three competition zones — Strength, Endurance and MetCon X — and carries the plan's own fuelling, hydration, recovery, teaching and daily log prompts on each day.","hybrid","","17","PM — Lower Accumulation","strength","STRENGTH_TRAINING","C Bulgarian Split Squat","3 x 10 each leg · 3 RIR","","","","","","","","","","","",""
"","ATHX 2027 — Women's Pro Division","Twelve-week preparation plan for ATHX 2027 — Women's edition, Pro division loads. Starts Monday 2 November 2026 and runs to competition weekend, ATHX London on 23-24 January 2027. Four phases: Base (weeks 1-4), Development (5-8), Specific (9-11), then Taper and Competition (12). Six training days a week across 72 training days and 12 rest days, 24 of them doubled AM and PM. Trains all three competition zones — Strength, Endurance and MetCon X — and carries the plan's own fuelling, hydration, recovery, teaching and daily log prompts on each day.","hybrid","","17","PM — Lower Accumulation","strength","STRENGTH_TRAINING","D Copenhagen Plank","3 x 25 s each side","","","","","","","","","","","",""
"","ATHX 2027 — Women's Pro Division","Twelve-week preparation plan for ATHX 2027 — Women's edition, Pro division loads. Starts Monday 2 November 2026 and runs to competition weekend, ATHX London on 23-24 January 2027. Four phases: Base (weeks 1-4), Development (5-8), Specific (9-11), then Taper and Competition (12). Six training days a week across 72 training days and 12 rest days, 24 of them doubled AM and PM. Trains all three competition zones — Strength, Endurance and MetCon X — and carries the plan's own fuelling, hydration, recovery, teaching and daily log prompts on each day.","hybrid","","17","PM — Lower Accumulation","strength","STRENGTH_TRAINING","Note","No sumo. Hands outside the knees, as competition requires. Build the habit now.","","","","","","","","","","","",""
"","ATHX 2027 — Women's Pro Division","Twelve-week preparation plan for ATHX 2027 — Women's edition, Pro division loads. Starts Monday 2 November 2026 and runs to competition weekend, ATHX London on 23-24 January 2027. Four phases: Base (weeks 1-4), Development (5-8), Specific (9-11), then Taper and Competition (12). Six training days a week across 72 training days and 12 rest days, 24 of them doubled AM and PM. Trains all three competition zones — Strength, Endurance and MetCon X — and carries the plan's own fuelling, hydration, recovery, teaching and daily log prompts on each day.","hybrid","","17","PM — Lower Accumulation","strength","STRENGTH_TRAINING","Note · Fuel and hydration","Pre-AM: 20-30 g carbohydrate, or fasted if you tolerate it.
Between: Inside 60 min: 1.0-1.5 g/kg carbs plus 30-40 g protein.
Post-PM: 40 g protein plus 1.0 g/kg carbs within two hours.
Daily macros: Day: carbs 5-6 g/kg protein 2.0-2.2 g/kg
Hydration: AM: sweat rate x 0.8 · PM: sweat rate x 1.0
Electrolytes: PM session. Dehydration cuts force and spinal stability.","","","","","","","","","","","",""
"","ATHX 2027 — Women's Pro Division","Twelve-week preparation plan for ATHX 2027 — Women's edition, Pro division loads. Starts Monday 2 November 2026 and runs to competition weekend, ATHX London on 23-24 January 2027. Four phases: Base (weeks 1-4), Development (5-8), Specific (9-11), then Taper and Competition (12). Six training days a week across 72 training days and 12 rest days, 24 of them doubled AM and PM. Trains all three competition zones — Strength, Endurance and MetCon X — and carries the plan's own fuelling, hydration, recovery, teaching and daily log prompts on each day.","hybrid","","17","PM — Lower Accumulation","strength","STRENGTH_TRAINING","Note · Recovery","Highest central load of the week
Complete rest tonight. After high central load, light cardio does not speed neural recovery; sleep, downregulation and food do. Tomorrow is rest for the same reason.","","","","","","","","","","","",""
"","ATHX 2027 — Women's Pro Division","Twelve-week preparation plan for ATHX 2027 — Women's edition, Pro division loads. Starts Monday 2 November 2026 and runs to competition weekend, ATHX London on 23-24 January 2027. Four phases: Base (weeks 1-4), Development (5-8), Specific (9-11), then Taper and Competition (12). Six training days a week across 72 training days and 12 rest days, 24 of them doubled AM and PM. Trains all three competition zones — Strength, Endurance and MetCon X — and carries the plan's own fuelling, hydration, recovery, teaching and daily log prompts on each day.","hybrid","","17","PM — Lower Accumulation","strength","STRENGTH_TRAINING","Note · Log today","- Back squat top set and RIR
- Deadlift - triple 1 / triple 2, each round
- The gap between the two triples","","","","","","","","","","","",""
"","ATHX 2027 — Women's Pro Division","Twelve-week preparation plan for ATHX 2027 — Women's edition, Pro division loads. Starts Monday 2 November 2026 and runs to competition weekend, ATHX London on 23-24 January 2027. Four phases: Base (weeks 1-4), Development (5-8), Specific (9-11), then Taper and Competition (12). Six training days a week across 72 training days and 12 rest days, 24 of them doubled AM and PM. Trains all three competition zones — Strength, Endurance and MetCon X — and carries the plan's own fuelling, hydration, recovery, teaching and daily log prompts on each day.","hybrid","","17","PM — Lower Accumulation","strength","STRENGTH_TRAINING","Note · Day at a glance","Session: Easy Aerobic + Lower Accumulation
Type: Aerobic + Lower strength
Shape: Double — the AM and PM sessions need six hours between them
Relative load: High","","","","","","","","","","","",""
"","ATHX 2027 — Women's Pro Division","Twelve-week preparation plan for ATHX 2027 — Women's edition, Pro division loads. Starts Monday 2 November 2026 and runs to competition weekend, ATHX London on 23-24 January 2027. Four phases: Base (weeks 1-4), Development (5-8), Specific (9-11), then Taper and Competition (12). Six training days a week across 72 training days and 12 rest days, 24 of them doubled AM and PM. Trains all three competition zones — Strength, Endurance and MetCon X — and carries the plan's own fuelling, hydration, recovery, teaching and daily log prompts on each day.","hybrid","","18","Complete Rest","cardio","GENERIC","Note","Optional, ten to fifteen minutes: thoracic rotation, hip flexor lengthening, ankle dorsiflexion. Nothing that raises the heart rate. If it starts to feel like a session, stop.

Feeling good on a rest day is a sign the rest day is doing its job rather than a reason to add a session.

More progress tends to be lost to training through fatigue than to taking a day off.","","","","","","","","","","","",""
"","ATHX 2027 — Women's Pro Division","Twelve-week preparation plan for ATHX 2027 — Women's edition, Pro division loads. Starts Monday 2 November 2026 and runs to competition weekend, ATHX London on 23-24 January 2027. Four phases: Base (weeks 1-4), Development (5-8), Specific (9-11), then Taper and Competition (12). Six training days a week across 72 training days and 12 rest days, 24 of them doubled AM and PM. Trains all three competition zones — Strength, Endurance and MetCon X — and carries the plan's own fuelling, hydration, recovery, teaching and daily log prompts on each day.","hybrid","","18","Complete Rest","cardio","GENERIC","Note · Why this session","Yesterday carried the heaviest central nervous system load of the week, and the weekend holds the most specific sessions. This day is part of the programme rather than a gap in it, and it is what allows Friday and Saturday to be productive.","","","","","","","","","","","",""
"","ATHX 2027 — Women's Pro Division","Twelve-week preparation plan for ATHX 2027 — Women's edition, Pro division loads. Starts Monday 2 November 2026 and runs to competition weekend, ATHX London on 23-24 January 2027. Four phases: Base (weeks 1-4), Development (5-8), Specific (9-11), then Taper and Competition (12). Six training days a week across 72 training days and 12 rest days, 24 of them doubled AM and PM. Trains all three competition zones — Strength, Endurance and MetCon X — and carries the plan's own fuelling, hydration, recovery, teaching and daily log prompts on each day.","hybrid","","18","Complete Rest","cardio","GENERIC","Note · The number — 30 sec","The time penalty for letting go of the erg handles in a manner that could damage the machine. Bring the handle high and release it gently, in training as well as in competition.","","","","","","","","","","","",""
"","ATHX 2027 — Women's Pro Division","Twelve-week preparation plan for ATHX 2027 — Women's edition, Pro division loads. Starts Monday 2 November 2026 and runs to competition weekend, ATHX London on 23-24 January 2027. Four phases: Base (weeks 1-4), Development (5-8), Specific (9-11), then Taper and Competition (12). Six training days a week across 72 training days and 12 rest days, 24 of them doubled AM and PM. Trains all three competition zones — Strength, Endurance and MetCon X — and carries the plan's own fuelling, hydration, recovery, teaching and daily log prompts on each day.","hybrid","","18","Complete Rest","cardio","GENERIC","Note · Fuel and hydration","All day: Carbs come down because you are not training. Protein does not - rest days are when repair happens.
Intake: Eat at roughly maintenance. A build block is not the place for a deficit.
Daily macros: Day: carbs 3-4 g/kg protein 1.8-2.2 g/kg
Hydration: Session: none - baseline only, and still drink it
Electrolytes: not required today.","","","","","","","","","","","",""
"","ATHX 2027 — Women's Pro Division","Twelve-week preparation plan for ATHX 2027 — Women's edition, Pro division loads. Starts Monday 2 November 2026 and runs to competition weekend, ATHX London on 23-24 January 2027. Four phases: Base (weeks 1-4), Development (5-8), Specific (9-11), then Taper and Competition (12). Six training days a week across 72 training days and 12 rest days, 24 of them doubled AM and PM. Trains all three competition zones — Strength, Endurance and MetCon X — and carries the plan's own fuelling, hydration, recovery, teaching and daily log prompts on each day.","hybrid","","18","Complete Rest","cardio","GENERIC","Note · Recovery","Clearing central nervous system load
A working day for your nervous system even though it does not look like one. Sleep, downregulation and nutrition do the work. Get to bed thirty minutes earlier.","","","","","","","","","","","",""
"","ATHX 2027 — Women's Pro Division","Twelve-week preparation plan for ATHX 2027 — Women's edition, Pro division loads. Starts Monday 2 November 2026 and runs to competition weekend, ATHX London on 23-24 January 2027. Four phases: Base (weeks 1-4), Development (5-8), Specific (9-11), then Taper and Competition (12). Six training days a week across 72 training days and 12 rest days, 24 of them doubled AM and PM. Trains all three competition zones — Strength, Endurance and MetCon X — and carries the plan's own fuelling, hydration, recovery, teaching and daily log prompts on each day.","hybrid","","18","Complete Rest","cardio","GENERIC","Note · Log today","- Morning resting heart rate
- HRV if you track it
- If elevated two days running, reduce Friday volume by a third","","","","","","","","","","","",""
"","ATHX 2027 — Women's Pro Division","Twelve-week preparation plan for ATHX 2027 — Women's edition, Pro division loads. Starts Monday 2 November 2026 and runs to competition weekend, ATHX London on 23-24 January 2027. Four phases: Base (weeks 1-4), Development (5-8), Specific (9-11), then Taper and Competition (12). Six training days a week across 72 training days and 12 rest days, 24 of them doubled AM and PM. Trains all three competition zones — Strength, Endurance and MetCon X — and carries the plan's own fuelling, hydration, recovery, teaching and daily log prompts on each day.","hybrid","","18","Complete Rest","cardio","GENERIC","Note · Day at a glance","Session: Complete Rest
Type: Rest
Shape: Rest
Relative load: not rated","","","","","","","","","","","",""
"","ATHX 2027 — Women's Pro Division","Twelve-week preparation plan for ATHX 2027 — Women's edition, Pro division loads. Starts Monday 2 November 2026 and runs to competition weekend, ATHX London on 23-24 January 2027. Four phases: Base (weeks 1-4), Development (5-8), Specific (9-11), then Taper and Competition (12). Six training days a week across 72 training days and 12 rest days, 24 of them doubled AM and PM. Trains all three competition zones — Strength, Endurance and MetCon X — and carries the plan's own fuelling, hydration, recovery, teaching and daily log prompts on each day.","hybrid","","19","MetCon Movement Work","cardio","CARDIO_TRAINING","Note · Circuit","4 rounds. Rest 3 min between rounds.","","","","","","","","","","","",""
"","ATHX 2027 — Women's Pro Division","Twelve-week preparation plan for ATHX 2027 — Women's edition, Pro division loads. Starts Monday 2 November 2026 and runs to competition weekend, ATHX London on 23-24 January 2027. Four phases: Base (weeks 1-4), Development (5-8), Specific (9-11), then Taper and Competition (12). Six training days a week across 72 training days and 12 rest days, 24 of them doubled AM and PM. Trains all three competition zones — Strength, Endurance and MetCon X — and carries the plan's own fuelling, hydration, recovery, teaching and daily log prompts on each day.","hybrid","","19","MetCon Movement Work","cardio","CARDIO_TRAINING","Circuit · DB Bench Press","12 @ 15 kg","","","15","","","12","","","","","",""
"","ATHX 2027 — Women's Pro Division","Twelve-week preparation plan for ATHX 2027 — Women's edition, Pro division loads. Starts Monday 2 November 2026 and runs to competition weekend, ATHX London on 23-24 January 2027. Four phases: Base (weeks 1-4), Development (5-8), Specific (9-11), then Taper and Competition (12). Six training days a week across 72 training days and 12 rest days, 24 of them doubled AM and PM. Trains all three competition zones — Strength, Endurance and MetCon X — and carries the plan's own fuelling, hydration, recovery, teaching and daily log prompts on each day.","hybrid","","19","MetCon Movement Work","cardio","CARDIO_TRAINING","Circuit · DB Ground to Overhead","12 dual @ 15 kg","","","15","","","12","","","","","",""
"","ATHX 2027 — Women's Pro Division","Twelve-week preparation plan for ATHX 2027 — Women's edition, Pro division loads. Starts Monday 2 November 2026 and runs to competition weekend, ATHX London on 23-24 January 2027. Four phases: Base (weeks 1-4), Development (5-8), Specific (9-11), then Taper and Competition (12). Six training days a week across 72 training days and 12 rest days, 24 of them doubled AM and PM. Trains all three competition zones — Strength, Endurance and MetCon X — and carries the plan's own fuelling, hydration, recovery, teaching and daily log prompts on each day.","hybrid","","19","MetCon Movement Work","cardio","CARDIO_TRAINING","Circuit · Sandbag Squats","12 @ 50 kg","","","50","","","12","","","","","",""
"","ATHX 2027 — Women's Pro Division","Twelve-week preparation plan for ATHX 2027 — Women's edition, Pro division loads. Starts Monday 2 November 2026 and runs to competition weekend, ATHX London on 23-24 January 2027. Four phases: Base (weeks 1-4), Development (5-8), Specific (9-11), then Taper and Competition (12). Six training days a week across 72 training days and 12 rest days, 24 of them doubled AM and PM. Trains all three competition zones — Strength, Endurance and MetCon X — and carries the plan's own fuelling, hydration, recovery, teaching and daily log prompts on each day.","hybrid","","19","MetCon Movement Work","cardio","CARDIO_TRAINING","Circuit · Sandbag Carry (no rest)","30 m @ 50 kg","","","50","","","","","","","","",""
"","ATHX 2027 — Women's Pro Division","Twelve-week preparation plan for ATHX 2027 — Women's edition, Pro division loads. Starts Monday 2 November 2026 and runs to competition weekend, ATHX London on 23-24 January 2027. Four phases: Base (weeks 1-4), Development (5-8), Specific (9-11), then Taper and Competition (12). Six training days a week across 72 training days and 12 rest days, 24 of them doubled AM and PM. Trains all three competition zones — Strength, Endurance and MetCon X — and carries the plan's own fuelling, hydration, recovery, teaching and daily log prompts on each day.","hybrid","","19","MetCon Movement Work","cardio","CARDIO_TRAINING","Note · Circuit","The carry follows the squats with no break. Do not set the bag down between them. That is the sequence you will meet in competition.","","","","","","","","","","","",""
"","ATHX 2027 — Women's Pro Division","Twelve-week preparation plan for ATHX 2027 — Women's edition, Pro division loads. Starts Monday 2 November 2026 and runs to competition weekend, ATHX London on 23-24 January 2027. Four phases: Base (weeks 1-4), Development (5-8), Specific (9-11), then Taper and Competition (12). Six training days a week across 72 training days and 12 rest days, 24 of them doubled AM and PM. Trains all three competition zones — Strength, Endurance and MetCon X — and carries the plan's own fuelling, hydration, recovery, teaching and daily log prompts on each day.","hybrid","","19","MetCon Movement Work","cardio","CARDIO_TRAINING","Note · Finisher","300 m row, controlled. Not a time trial this phase.","","","","","","","","","","","",""
"","ATHX 2027 — Women's Pro Division","Twelve-week preparation plan for ATHX 2027 — Women's edition, Pro division loads. Starts Monday 2 November 2026 and runs to competition weekend, ATHX London on 23-24 January 2027. Four phases: Base (weeks 1-4), Development (5-8), Specific (9-11), then Taper and Competition (12). Six training days a week across 72 training days and 12 rest days, 24 of them doubled AM and PM. Trains all three competition zones — Strength, Endurance and MetCon X — and carries the plan's own fuelling, hydration, recovery, teaching and daily log prompts on each day.","hybrid","","19","MetCon Movement Work","cardio","CARDIO_TRAINING","Note · Why this session","Learn the movements at manageable load before you meet them at competition weight. Bench press and the sandbag squat-to-carry sequence are the two elements that most often need extra work.","","","","","","","","","","","",""
"","ATHX 2027 — Women's Pro Division","Twelve-week preparation plan for ATHX 2027 — Women's edition, Pro division loads. Starts Monday 2 November 2026 and runs to competition weekend, ATHX London on 23-24 January 2027. Four phases: Base (weeks 1-4), Development (5-8), Specific (9-11), then Taper and Competition (12). Six training days a week across 72 training days and 12 rest days, 24 of them doubled AM and PM. Trains all three competition zones — Strength, Endurance and MetCon X — and carries the plan's own fuelling, hydration, recovery, teaching and daily log prompts on each day.","hybrid","","19","MetCon Movement Work","cardio","CARDIO_TRAINING","Note · Kit - Footwear and sleeves","Footwear must be worn. One pair of knee sleeves only - not two, and they may not be rolled to increase thickness. Headphones and earbuds are not permitted anywhere on the competition floor, so if you usually train with music it is worth doing some sessions without it.","","","","","","","","","","","",""
"","ATHX 2027 — Women's Pro Division","Twelve-week preparation plan for ATHX 2027 — Women's edition, Pro division loads. Starts Monday 2 November 2026 and runs to competition weekend, ATHX London on 23-24 January 2027. Four phases: Base (weeks 1-4), Development (5-8), Specific (9-11), then Taper and Competition (12). Six training days a week across 72 training days and 12 rest days, 24 of them doubled AM and PM. Trains all three competition zones — Strength, Endurance and MetCon X — and carries the plan's own fuelling, hydration, recovery, teaching and daily log prompts on each day.","hybrid","","19","MetCon Movement Work","cardio","CARDIO_TRAINING","Note · Fuel and hydration","Pre: 40-50 g carbohydrate, 90 min before.
Intra: Electrolyte drink between rounds, not during them.
Post: 40 g protein plus 1.0 g/kg carbs within two hours.
Daily macros: Day: carbs 5-6 g/kg protein 1.8-2.2 g/kg
Hydration: Session: sweat rate x 1.2
Electrolytes: required. Highest sweat rate of your week.","","","","","","","","","","","",""
"","ATHX 2027 — Women's Pro Division","Twelve-week preparation plan for ATHX 2027 — Women's edition, Pro division loads. Starts Monday 2 November 2026 and runs to competition weekend, ATHX London on 23-24 January 2027. Four phases: Base (weeks 1-4), Development (5-8), Specific (9-11), then Taper and Competition (12). Six training days a week across 72 training days and 12 rest days, 24 of them doubled AM and PM. Trains all three competition zones — Strength, Endurance and MetCon X — and carries the plan's own fuelling, hydration, recovery, teaching and daily log prompts on each day.","hybrid","","19","MetCon Movement Work","cardio","CARDIO_TRAINING","Note · Recovery","High metabolic · moderate mechanical
Loaded squatting and grip, no heavy eccentrics. Twenty minutes of easy walking or light cycling tonight. Not running - tomorrow needs your legs.","","","","","","","","","","","",""
"","ATHX 2027 — Women's Pro Division","Twelve-week preparation plan for ATHX 2027 — Women's edition, Pro division loads. Starts Monday 2 November 2026 and runs to competition weekend, ATHX London on 23-24 January 2027. Four phases: Base (weeks 1-4), Development (5-8), Specific (9-11), then Taper and Competition (12). Six training days a week across 72 training days and 12 rest days, 24 of them doubled AM and PM. Trains all three competition zones — Strength, Endurance and MetCon X — and carries the plan's own fuelling, hydration, recovery, teaching and daily log prompts on each day.","hybrid","","19","MetCon Movement Work","cardio","CARDIO_TRAINING","Note · Log today","- Time for each round
- Drop from round one to the final round, target within 10%
- Where the sandbag block broke down","","","","","","","","","","","",""
"","ATHX 2027 — Women's Pro Division","Twelve-week preparation plan for ATHX 2027 — Women's edition, Pro division loads. Starts Monday 2 November 2026 and runs to competition weekend, ATHX London on 23-24 January 2027. Four phases: Base (weeks 1-4), Development (5-8), Specific (9-11), then Taper and Competition (12). Six training days a week across 72 training days and 12 rest days, 24 of them doubled AM and PM. Trains all three competition zones — Strength, Endurance and MetCon X — and carries the plan's own fuelling, hydration, recovery, teaching and daily log prompts on each day.","hybrid","","19","MetCon Movement Work","cardio","CARDIO_TRAINING","Note · Day at a glance","Session: MetCon Movement Work
Type: MetCon circuit
Shape: Single
Relative load: Moderate","","","","","","","","","","","",""
"","ATHX 2027 — Women's Pro Division","Twelve-week preparation plan for ATHX 2027 — Women's edition, Pro division loads. Starts Monday 2 November 2026 and runs to competition weekend, ATHX London on 23-24 January 2027. Four phases: Base (weeks 1-4), Development (5-8), Specific (9-11), then Taper and Competition (12). Six training days a week across 72 training days and 12 rest days, 24 of them doubled AM and PM. Trains all three competition zones — Strength, Endurance and MetCon X — and carries the plan's own fuelling, hydration, recovery, teaching and daily log prompts on each day.","hybrid","","20","Long Aerobic + Ski Introduction","cardio","RUNNING","Run","80 min at easy aerobic","","","","","","","","","","","",""
"","ATHX 2027 — Women's Pro Division","Twelve-week preparation plan for ATHX 2027 — Women's edition, Pro division loads. Starts Monday 2 November 2026 and runs to competition weekend, ATHX London on 23-24 January 2027. Four phases: Base (weeks 1-4), Development (5-8), Specific (9-11), then Taper and Competition (12). Six training days a week across 72 training days and 12 rest days, 24 of them doubled AM and PM. Trains all three competition zones — Strength, Endurance and MetCon X — and carries the plan's own fuelling, hydration, recovery, teaching and daily log prompts on each day.","hybrid","","20","Long Aerobic + Ski Introduction","cardio","CARDIO_TRAINING","Ski - Immediately After","12 min at steady","","","","","","","","","","","",""
"","ATHX 2027 — Women's Pro Division","Twelve-week preparation plan for ATHX 2027 — Women's edition, Pro division loads. Starts Monday 2 November 2026 and runs to competition weekend, ATHX London on 23-24 January 2027. Four phases: Base (weeks 1-4), Development (5-8), Specific (9-11), then Taper and Competition (12). Six training days a week across 72 training days and 12 rest days, 24 of them doubled AM and PM. Trains all three competition zones — Strength, Endurance and MetCon X — and carries the plan's own fuelling, hydration, recovery, teaching and daily log prompts on each day.","hybrid","","20","Long Aerobic + Ski Introduction","cardio","CARDIO_TRAINING","Note · Ski - Immediately After","Transition without pausing. Note how the first ninety seconds feel. That sensation is what the Development phase trains away.","","","","","","","","","","","",""
"","ATHX 2027 — Women's Pro Division","Twelve-week preparation plan for ATHX 2027 — Women's edition, Pro division loads. Starts Monday 2 November 2026 and runs to competition weekend, ATHX London on 23-24 January 2027. Four phases: Base (weeks 1-4), Development (5-8), Specific (9-11), then Taper and Competition (12). Six training days a week across 72 training days and 12 rest days, 24 of them doubled AM and PM. Trains all three competition zones — Strength, Endurance and MetCon X — and carries the plan's own fuelling, hydration, recovery, teaching and daily log prompts on each day.","hybrid","","20","Long Aerobic + Ski Introduction","cardio","RUNNING","Note · Why this session","Time on feet plus a first exposure to skiing on tired legs. In the Development phase this becomes the most specific session in the book, so build the habit now.","","","","","","","","","","","",""
"","ATHX 2027 — Women's Pro Division","Twelve-week preparation plan for ATHX 2027 — Women's edition, Pro division loads. Starts Monday 2 November 2026 and runs to competition weekend, ATHX London on 23-24 January 2027. Four phases: Base (weeks 1-4), Development (5-8), Specific (9-11), then Taper and Competition (12). Six training days a week across 72 training days and 12 rest days, 24 of them doubled AM and PM. Trains all three competition zones — Strength, Endurance and MetCon X — and carries the plan's own fuelling, hydration, recovery, teaching and daily log prompts on each day.","hybrid","","20","Long Aerobic + Ski Introduction","cardio","RUNNING","Note · From the floor - Pacing the buy-in","Common advice suggests the first four minutes should feel almost easy. In this format that reduces the ski time available, which is where the score comes from. Run the buy-in at or above your 10 km race pace from the start.","","","","","","","","","","","",""
"","ATHX 2027 — Women's Pro Division","Twelve-week preparation plan for ATHX 2027 — Women's edition, Pro division loads. Starts Monday 2 November 2026 and runs to competition weekend, ATHX London on 23-24 January 2027. Four phases: Base (weeks 1-4), Development (5-8), Specific (9-11), then Taper and Competition (12). Six training days a week across 72 training days and 12 rest days, 24 of them doubled AM and PM. Trains all three competition zones — Strength, Endurance and MetCon X — and carries the plan's own fuelling, hydration, recovery, teaching and daily log prompts on each day.","hybrid","","20","Long Aerobic + Ski Introduction","cardio","RUNNING","Note · Fuel and hydration","Pre: 40-50 g carbohydrate, 90 min before. Under-fuel this and the data is meaningless.
Post: 30-40 g protein plus 1.0 g/kg carbohydrate.
Daily macros: Day: carbs 5-6 g/kg protein 1.8-2.2 g/kg
Hydration: Session: sweat rate x 1.1
Electrolytes: yes. Sip between rounds.","","","","","","","","","","","",""
"","ATHX 2027 — Women's Pro Division","Twelve-week preparation plan for ATHX 2027 — Women's edition, Pro division loads. Starts Monday 2 November 2026 and runs to competition weekend, ATHX London on 23-24 January 2027. Four phases: Base (weeks 1-4), Development (5-8), Specific (9-11), then Taper and Competition (12). Six training days a week across 72 training days and 12 rest days, 24 of them doubled AM and PM. Trains all three competition zones — Strength, Endurance and MetCon X — and carries the plan's own fuelling, hydration, recovery, teaching and daily log prompts on each day.","hybrid","","20","Long Aerobic + Ski Introduction","cardio","RUNNING","Note · Recovery","High metabolic · moderate mechanical
Tomorrow's easy aerobic is your recovery, which is why it sits there. Sleep is tonight's priority. Legs beaten up in the morning? Take Sunday as a walk.","","","","","","","","","","","",""
"","ATHX 2027 — Women's Pro Division","Twelve-week preparation plan for ATHX 2027 — Women's edition, Pro division loads. Starts Monday 2 November 2026 and runs to competition weekend, ATHX London on 23-24 January 2027. Four phases: Base (weeks 1-4), Development (5-8), Specific (9-11), then Taper and Competition (12). Six training days a week across 72 training days and 12 rest days, 24 of them doubled AM and PM. Trains all three competition zones — Strength, Endurance and MetCon X — and carries the plan's own fuelling, hydration, recovery, teaching and daily log prompts on each day.","hybrid","","20","Long Aerobic + Ski Introduction","cardio","RUNNING","Note · Log today","- Ski metres per round, or 500 m splits if rehearsing the full zone
- Final round as a percentage of the first, target within 5%
- How the first thirty seconds of each ski felt","","","","","","","","","","","",""
"","ATHX 2027 — Women's Pro Division","Twelve-week preparation plan for ATHX 2027 — Women's edition, Pro division loads. Starts Monday 2 November 2026 and runs to competition weekend, ATHX London on 23-24 January 2027. Four phases: Base (weeks 1-4), Development (5-8), Specific (9-11), then Taper and Competition (12). Six training days a week across 72 training days and 12 rest days, 24 of them doubled AM and PM. Trains all three competition zones — Strength, Endurance and MetCon X — and carries the plan's own fuelling, hydration, recovery, teaching and daily log prompts on each day.","hybrid","","20","Long Aerobic + Ski Introduction","cardio","RUNNING","Note · Day at a glance","Session: Long Aerobic + Ski Introduction
Type: Run to ski transition
Shape: Single
Relative load: Moderate","","","","","","","","","","","",""
"","ATHX 2027 — Women's Pro Division","Twelve-week preparation plan for ATHX 2027 — Women's edition, Pro division loads. Starts Monday 2 November 2026 and runs to competition weekend, ATHX London on 23-24 January 2027. Four phases: Base (weeks 1-4), Development (5-8), Specific (9-11), then Taper and Competition (12). Six training days a week across 72 training days and 12 rest days, 24 of them doubled AM and PM. Trains all three competition zones — Strength, Endurance and MetCon X — and carries the plan's own fuelling, hydration, recovery, teaching and daily log prompts on each day.","hybrid","","21","Easy Aerobic","cardio","RUNNING","Easy Aerobic","60 min — run / bike / hike","","","","","","","","","","","",""
"","ATHX 2027 — Women's Pro Division","Twelve-week preparation plan for ATHX 2027 — Women's edition, Pro division loads. Starts Monday 2 November 2026 and runs to competition weekend, ATHX London on 23-24 January 2027. Four phases: Base (weeks 1-4), Development (5-8), Specific (9-11), then Taper and Competition (12). Six training days a week across 72 training days and 12 rest days, 24 of them doubled AM and PM. Trains all three competition zones — Strength, Endurance and MetCon X — and carries the plan's own fuelling, hydration, recovery, teaching and daily log prompts on each day.","hybrid","","21","Easy Aerobic","cardio","RUNNING","Note","Conversational the entire time. If your legs are sore from yesterday, walking or riding instead of running is the better choice.","","","","","","","","","","","",""
"","ATHX 2027 — Women's Pro Division","Twelve-week preparation plan for ATHX 2027 — Women's edition, Pro division loads. Starts Monday 2 November 2026 and runs to competition weekend, ATHX London on 23-24 January 2027. Four phases: Base (weeks 1-4), Development (5-8), Specific (9-11), then Taper and Competition (12). Six training days a week across 72 training days and 12 rest days, 24 of them doubled AM and PM. Trains all three competition zones — Strength, Endurance and MetCon X — and carries the plan's own fuelling, hydration, recovery, teaching and daily log prompts on each day.","hybrid","","21","Easy Aerobic","cardio","RUNNING","Note · Why this session","Aerobic maintenance and active clearance of yesterday. The only way to get this day wrong is to go too hard.","","","","","","","","","","","",""
"","ATHX 2027 — Women's Pro Division","Twelve-week preparation plan for ATHX 2027 — Women's edition, Pro division loads. Starts Monday 2 November 2026 and runs to competition weekend, ATHX London on 23-24 January 2027. Four phases: Base (weeks 1-4), Development (5-8), Specific (9-11), then Taper and Competition (12). Six training days a week across 72 training days and 12 rest days, 24 of them doubled AM and PM. Trains all three competition zones — Strength, Endurance and MetCon X — and carries the plan's own fuelling, hydration, recovery, teaching and daily log prompts on each day.","hybrid","","21","Easy Aerobic","cardio","RUNNING","Note · Score impact","An athlete who wins two zones and finishes fortieth in the third scores 42. An athlete who finishes twelfth, fourteenth and fifteenth scores 41 and beats them. A strong result in one zone cannot be carried across to offset a weak one.","","","","","","","","","","","",""
"","ATHX 2027 — Women's Pro Division","Twelve-week preparation plan for ATHX 2027 — Women's edition, Pro division loads. Starts Monday 2 November 2026 and runs to competition weekend, ATHX London on 23-24 January 2027. Four phases: Base (weeks 1-4), Development (5-8), Specific (9-11), then Taper and Competition (12). Six training days a week across 72 training days and 12 rest days, 24 of them doubled AM and PM. Trains all three competition zones — Strength, Endurance and MetCon X — and carries the plan's own fuelling, hydration, recovery, teaching and daily log prompts on each day.","hybrid","","21","Easy Aerobic","cardio","RUNNING","Note · Fuel and hydration","Pre: Optional. Small carbohydrate serving if you prefer not to train empty.
Post: Normal meal within a couple of hours.
Daily macros: Day: carbs 4-5 g/kg protein 1.8-2.2 g/kg
Hydration: Session: sweat rate x 0.8
Electrolytes: only if over 60 min or hot.","","","","","","","","","","","",""
"","ATHX 2027 — Women's Pro Division","Twelve-week preparation plan for ATHX 2027 — Women's edition, Pro division loads. Starts Monday 2 November 2026 and runs to competition weekend, ATHX London on 23-24 January 2027. Four phases: Base (weeks 1-4), Development (5-8), Specific (9-11), then Taper and Competition (12). Six training days a week across 72 training days and 12 rest days, 24 of them doubled AM and PM. Trains all three competition zones — Strength, Endurance and MetCon X — and carries the plan's own fuelling, hydration, recovery, teaching and daily log prompts on each day.","hybrid","","21","Easy Aerobic","cardio","RUNNING","Note · Recovery","Minimal · this session is the recovery
Low mechanical load, sustained blood flow, negligible metabolic cost. After it, take the rest of the day genuinely off.","","","","","","","","","","","",""
"","ATHX 2027 — Women's Pro Division","Twelve-week preparation plan for ATHX 2027 — Women's edition, Pro division loads. Starts Monday 2 November 2026 and runs to competition weekend, ATHX London on 23-24 January 2027. Four phases: Base (weeks 1-4), Development (5-8), Specific (9-11), then Taper and Competition (12). Six training days a week across 72 training days and 12 rest days, 24 of them doubled AM and PM. Trains all three competition zones — Strength, Endurance and MetCon X — and carries the plan's own fuelling, hydration, recovery, teaching and daily log prompts on each day.","hybrid","","21","Easy Aerobic","cardio","RUNNING","Note · Log today","- Average heart rate
- Compare to the same session in Week 1
- How the week felt overall","","","","","","","","","","","",""
"","ATHX 2027 — Women's Pro Division","Twelve-week preparation plan for ATHX 2027 — Women's edition, Pro division loads. Starts Monday 2 November 2026 and runs to competition weekend, ATHX London on 23-24 January 2027. Four phases: Base (weeks 1-4), Development (5-8), Specific (9-11), then Taper and Competition (12). Six training days a week across 72 training days and 12 rest days, 24 of them doubled AM and PM. Trains all three competition zones — Strength, Endurance and MetCon X — and carries the plan's own fuelling, hydration, recovery, teaching and daily log prompts on each day.","hybrid","","21","Easy Aerobic","cardio","RUNNING","Note · Day at a glance","Session: Easy Aerobic
Type: Easy aerobic
Shape: Single
Relative load: Low","","","","","","","","","","","",""
"","ATHX 2027 — Women's Pro Division","Twelve-week preparation plan for ATHX 2027 — Women's edition, Pro division loads. Starts Monday 2 November 2026 and runs to competition weekend, ATHX London on 23-24 January 2027. Four phases: Base (weeks 1-4), Development (5-8), Specific (9-11), then Taper and Competition (12). Six training days a week across 72 training days and 12 rest days, 24 of them doubled AM and PM. Trains all three competition zones — Strength, Endurance and MetCon X — and carries the plan's own fuelling, hydration, recovery, teaching and daily log prompts on each day.","hybrid","","22","AM — Aerobic Run","cardio","RUNNING","Aerobic Run","25 min easy","","","","","","","","","","","",""
"","ATHX 2027 — Women's Pro Division","Twelve-week preparation plan for ATHX 2027 — Women's edition, Pro division loads. Starts Monday 2 November 2026 and runs to competition weekend, ATHX London on 23-24 January 2027. Four phases: Base (weeks 1-4), Development (5-8), Specific (9-11), then Taper and Competition (12). Six training days a week across 72 training days and 12 rest days, 24 of them doubled AM and PM. Trains all three competition zones — Strength, Endurance and MetCon X — and carries the plan's own fuelling, hydration, recovery, teaching and daily log prompts on each day.","hybrid","","22","AM — Aerobic Run","cardio","RUNNING","Note","Warm-up 8 min easy. Main set at conversational. Cool-down 5 min easy. Full sentences throughout.","","","","","","","","","","","",""
"","ATHX 2027 — Women's Pro Division","Twelve-week preparation plan for ATHX 2027 — Women's edition, Pro division loads. Starts Monday 2 November 2026 and runs to competition weekend, ATHX London on 23-24 January 2027. Four phases: Base (weeks 1-4), Development (5-8), Specific (9-11), then Taper and Competition (12). Six training days a week across 72 training days and 12 rest days, 24 of them doubled AM and PM. Trains all three competition zones — Strength, Endurance and MetCon X — and carries the plan's own fuelling, hydration, recovery, teaching and daily log prompts on each day.","hybrid","","22","AM — Aerobic Run","cardio","RUNNING","Note · Week 4 of 12 — Base Phase","WEEK 4 OF 4, week commencing 2026-11-23.
What changes: Deload. Volume drops by roughly forty per cent while the shape of the week stays intact. Resist the urge to fill the gap.
One priority: Do less. The reduced load is what makes the next phase productive.
If you miss a session: Drop it and move on. Nothing in this phase is irreplaceable, and doubling up usually costs more than the missed session was worth. If two are missed in a week, repeating the week is the better option.
Looking ahead: Week 5 opens the Development phase. Ski becomes intervals, running becomes threshold, and the repeat-triple protocol starts.
Volume: run 1h40 · ski 20m · 2 lift sessions · 4h00 total","","","","","","","","","","","",""
"","ATHX 2027 — Women's Pro Division","Twelve-week preparation plan for ATHX 2027 — Women's edition, Pro division loads. Starts Monday 2 November 2026 and runs to competition weekend, ATHX London on 23-24 January 2027. Four phases: Base (weeks 1-4), Development (5-8), Specific (9-11), then Taper and Competition (12). Six training days a week across 72 training days and 12 rest days, 24 of them doubled AM and PM. Trains all three competition zones — Strength, Endurance and MetCon X — and carries the plan's own fuelling, hydration, recovery, teaching and daily log prompts on each day.","hybrid","","22","AM — Aerobic Run","cardio","RUNNING","Note · Why this session","Aerobic volume builds the base every later phase draws on. Upper work runs at accumulation loads. Run first, lift six hours later.","","","","","","","","","","","",""
"","ATHX 2027 — Women's Pro Division","Twelve-week preparation plan for ATHX 2027 — Women's edition, Pro division loads. Starts Monday 2 November 2026 and runs to competition weekend, ATHX London on 23-24 January 2027. Four phases: Base (weeks 1-4), Development (5-8), Specific (9-11), then Taper and Competition (12). Six training days a week across 72 training days and 12 rest days, 24 of them doubled AM and PM. Trains all three competition zones — Strength, Endurance and MetCon X — and carries the plan's own fuelling, hydration, recovery, teaching and daily log prompts on each day.","hybrid","","22","AM — Aerobic Run","cardio","RUNNING","Note · Deload honestly","The purpose of a deload is to let accumulated fatigue clear so the next phase starts on a recovered athlete, which is why the reduced load is worth keeping to. Feeling good on a light week is a sign it is working rather than evidence that more was needed.","","","","","","","","","","","",""
"","ATHX 2027 — Women's Pro Division","Twelve-week preparation plan for ATHX 2027 — Women's edition, Pro division loads. Starts Monday 2 November 2026 and runs to competition weekend, ATHX London on 23-24 January 2027. Four phases: Base (weeks 1-4), Development (5-8), Specific (9-11), then Taper and Competition (12). Six training days a week across 72 training days and 12 rest days, 24 of them doubled AM and PM. Trains all three competition zones — Strength, Endurance and MetCon X — and carries the plan's own fuelling, hydration, recovery, teaching and daily log prompts on each day.","hybrid","","22","PM — Upper Accumulation","strength","STRENGTH_TRAINING","Note · Upper Accumulation","Min 6 h after AM.","","","","","","","","","","","",""
"","ATHX 2027 — Women's Pro Division","Twelve-week preparation plan for ATHX 2027 — Women's edition, Pro division loads. Starts Monday 2 November 2026 and runs to competition weekend, ATHX London on 23-24 January 2027. Four phases: Base (weeks 1-4), Development (5-8), Specific (9-11), then Taper and Competition (12). Six training days a week across 72 training days and 12 rest days, 24 of them doubled AM and PM. Trains all three competition zones — Strength, Endurance and MetCon X — and carries the plan's own fuelling, hydration, recovery, teaching and daily log prompts on each day.","hybrid","","22","PM — Upper Accumulation","strength","STRENGTH_TRAINING","A1 Push Press","3 x 6 · 4 RIR","","","","","3","6","","","","","",""
"","ATHX 2027 — Women's Pro Division","Twelve-week preparation plan for ATHX 2027 — Women's edition, Pro division loads. Starts Monday 2 November 2026 and runs to competition weekend, ATHX London on 23-24 January 2027. Four phases: Base (weeks 1-4), Development (5-8), Specific (9-11), then Taper and Competition (12). Six training days a week across 72 training days and 12 rest days, 24 of them doubled AM and PM. Trains all three competition zones — Strength, Endurance and MetCon X — and carries the plan's own fuelling, hydration, recovery, teaching and daily log prompts on each day.","hybrid","","22","PM — Upper Accumulation","strength","STRENGTH_TRAINING","A2 Weighted Pull-Up or Heavy Row","3 x 8 · 3 RIR","","","","","3","8","","","","","",""
"","ATHX 2027 — Women's Pro Division","Twelve-week preparation plan for ATHX 2027 — Women's edition, Pro division loads. Starts Monday 2 November 2026 and runs to competition weekend, ATHX London on 23-24 January 2027. Four phases: Base (weeks 1-4), Development (5-8), Specific (9-11), then Taper and Competition (12). Six training days a week across 72 training days and 12 rest days, 24 of them doubled AM and PM. Trains all three competition zones — Strength, Endurance and MetCon X — and carries the plan's own fuelling, hydration, recovery, teaching and daily log prompts on each day.","hybrid","","22","PM — Upper Accumulation","strength","STRENGTH_TRAINING","B1 DB Bench Press (12.5 kg)","2 x 12","","","12.5","","2","12","","","","","",""
"","ATHX 2027 — Women's Pro Division","Twelve-week preparation plan for ATHX 2027 — Women's edition, Pro division loads. Starts Monday 2 November 2026 and runs to competition weekend, ATHX London on 23-24 January 2027. Four phases: Base (weeks 1-4), Development (5-8), Specific (9-11), then Taper and Competition (12). Six training days a week across 72 training days and 12 rest days, 24 of them doubled AM and PM. Trains all three competition zones — Strength, Endurance and MetCon X — and carries the plan's own fuelling, hydration, recovery, teaching and daily log prompts on each day.","hybrid","","22","PM — Upper Accumulation","strength","STRENGTH_TRAINING","B2 Barbell Bent-Over Row","3 x 12 · 3 RIR","","","","","3","12","","","","","",""
"","ATHX 2027 — Women's Pro Division","Twelve-week preparation plan for ATHX 2027 — Women's edition, Pro division loads. Starts Monday 2 November 2026 and runs to competition weekend, ATHX London on 23-24 January 2027. Four phases: Base (weeks 1-4), Development (5-8), Specific (9-11), then Taper and Competition (12). Six training days a week across 72 training days and 12 rest days, 24 of them doubled AM and PM. Trains all three competition zones — Strength, Endurance and MetCon X — and carries the plan's own fuelling, hydration, recovery, teaching and daily log prompts on each day.","hybrid","","22","PM — Upper Accumulation","strength","STRENGTH_TRAINING","C Half-Kneeling Z Press","3 x 10 · 3 RIR","","","","","3","10","","","","","",""
"","ATHX 2027 — Women's Pro Division","Twelve-week preparation plan for ATHX 2027 — Women's edition, Pro division loads. Starts Monday 2 November 2026 and runs to competition weekend, ATHX London on 23-24 January 2027. Four phases: Base (weeks 1-4), Development (5-8), Specific (9-11), then Taper and Competition (12). Six training days a week across 72 training days and 12 rest days, 24 of them doubled AM and PM. Trains all three competition zones — Strength, Endurance and MetCon X — and carries the plan's own fuelling, hydration, recovery, teaching and daily log prompts on each day.","hybrid","","22","PM — Upper Accumulation","strength","STRENGTH_TRAINING","Note","Push press, not strict press.","","","","","","","","","","","",""
"","ATHX 2027 — Women's Pro Division","Twelve-week preparation plan for ATHX 2027 — Women's edition, Pro division loads. Starts Monday 2 November 2026 and runs to competition weekend, ATHX London on 23-24 January 2027. Four phases: Base (weeks 1-4), Development (5-8), Specific (9-11), then Taper and Competition (12). Six training days a week across 72 training days and 12 rest days, 24 of them doubled AM and PM. Trains all three competition zones — Strength, Endurance and MetCon X — and carries the plan's own fuelling, hydration, recovery, teaching and daily log prompts on each day.","hybrid","","22","PM — Upper Accumulation","strength","STRENGTH_TRAINING","Note · Fuel and hydration","Pre-AM: 30-40 g carbohydrate, 60-90 min before.
Between: Inside 60 min: 1.0-1.5 g/kg carbs plus 30-40 g protein. Non-negotiable on a double day.
Post-PM: 30-40 g protein plus 0.5-1.0 g/kg carbs within two hours.
Daily macros: Day: carbs 5-6 g/kg protein 1.8-2.2 g/kg
Hydration: AM: sweat rate x 0.7 · PM: sweat rate x 0.9
Electrolytes: AM run if over 60 min or warm.","","","","","","","","","","","",""
"","ATHX 2027 — Women's Pro Division","Twelve-week preparation plan for ATHX 2027 — Women's edition, Pro division loads. Starts Monday 2 November 2026 and runs to competition weekend, ATHX London on 23-24 January 2027. Four phases: Base (weeks 1-4), Development (5-8), Specific (9-11), then Taper and Competition (12). Six training days a week across 72 training days and 12 rest days, 24 of them doubled AM and PM. Trains all three competition zones — Strength, Endurance and MetCon X — and carries the plan's own fuelling, hydration, recovery, teaching and daily log prompts on each day.","hybrid","","22","PM — Upper Accumulation","strength","STRENGTH_TRAINING","Note · Recovery","Moderate mechanical · moderate central
Sleep is the intervention. You have moved twice today, so more movement is not more recovery. Tomorrow is ski: trunk and lats, legs left alone.","","","","","","","","","","","",""
"","ATHX 2027 — Women's Pro Division","Twelve-week preparation plan for ATHX 2027 — Women's edition, Pro division loads. Starts Monday 2 November 2026 and runs to competition weekend, ATHX London on 23-24 January 2027. Four phases: Base (weeks 1-4), Development (5-8), Specific (9-11), then Taper and Competition (12). Six training days a week across 72 training days and 12 rest days, 24 of them doubled AM and PM. Trains all three competition zones — Strength, Endurance and MetCon X — and carries the plan's own fuelling, hydration, recovery, teaching and daily log prompts on each day.","hybrid","","22","PM — Upper Accumulation","strength","STRENGTH_TRAINING","Note · Log today","- Fastest and slowest interval pace, and the gap between them
- Push press top set and RIR
- How the legs felt in the PM session","","","","","","","","","","","",""
"","ATHX 2027 — Women's Pro Division","Twelve-week preparation plan for ATHX 2027 — Women's edition, Pro division loads. Starts Monday 2 November 2026 and runs to competition weekend, ATHX London on 23-24 January 2027. Four phases: Base (weeks 1-4), Development (5-8), Specific (9-11), then Taper and Competition (12). Six training days a week across 72 training days and 12 rest days, 24 of them doubled AM and PM. Trains all three competition zones — Strength, Endurance and MetCon X — and carries the plan's own fuelling, hydration, recovery, teaching and daily log prompts on each day.","hybrid","","22","PM — Upper Accumulation","strength","STRENGTH_TRAINING","Note · Day at a glance","Session: Aerobic Run + Upper Accumulation
Type: Run + Upper strength
Shape: Double — the AM and PM sessions need six hours between them
Relative load: Moderate","","","","","","","","","","","",""
"","ATHX 2027 — Women's Pro Division","Twelve-week preparation plan for ATHX 2027 — Women's edition, Pro division loads. Starts Monday 2 November 2026 and runs to competition weekend, ATHX London on 23-24 January 2027. Four phases: Base (weeks 1-4), Development (5-8), Specific (9-11), then Taper and Competition (12). Six training days a week across 72 training days and 12 rest days, 24 of them doubled AM and PM. Trains all three competition zones — Strength, Endurance and MetCon X — and carries the plan's own fuelling, hydration, recovery, teaching and daily log prompts on each day.","hybrid","","23","Ski Technique + Grip","cardio","CARDIO_TRAINING","Ski - Continuous · Warm-up","4 min easy","","","","","","","","","","","",""
"","ATHX 2027 — Women's Pro Division","Twelve-week preparation plan for ATHX 2027 — Women's edition, Pro division loads. Starts Monday 2 November 2026 and runs to competition weekend, ATHX London on 23-24 January 2027. Four phases: Base (weeks 1-4), Development (5-8), Specific (9-11), then Taper and Competition (12). Six training days a week across 72 training days and 12 rest days, 24 of them doubled AM and PM. Trains all three competition zones — Strength, Endurance and MetCon X — and carries the plan's own fuelling, hydration, recovery, teaching and daily log prompts on each day.","hybrid","","23","Ski Technique + Grip","cardio","CARDIO_TRAINING","Ski - Continuous · Main","14 min at steady, nasal-capable","","","","","","","","","","","",""
"","ATHX 2027 — Women's Pro Division","Twelve-week preparation plan for ATHX 2027 — Women's edition, Pro division loads. Starts Monday 2 November 2026 and runs to competition weekend, ATHX London on 23-24 January 2027. Four phases: Base (weeks 1-4), Development (5-8), Specific (9-11), then Taper and Competition (12). Six training days a week across 72 training days and 12 rest days, 24 of them doubled AM and PM. Trains all three competition zones — Strength, Endurance and MetCon X — and carries the plan's own fuelling, hydration, recovery, teaching and daily log prompts on each day.","hybrid","","23","Ski Technique + Grip","cardio","CARDIO_TRAINING","Ski - Continuous · Cool-down","4 min easy","","","","","","","","","","","",""
"","ATHX 2027 — Women's Pro Division","Twelve-week preparation plan for ATHX 2027 — Women's edition, Pro division loads. Starts Monday 2 November 2026 and runs to competition weekend, ATHX London on 23-24 January 2027. Four phases: Base (weeks 1-4), Development (5-8), Specific (9-11), then Taper and Competition (12). Six training days a week across 72 training days and 12 rest days, 24 of them doubled AM and PM. Trains all three competition zones — Strength, Endurance and MetCon X — and carries the plan's own fuelling, hydration, recovery, teaching and daily log prompts on each day.","hybrid","","23","Ski Technique + Grip","cardio","CARDIO_TRAINING","Note · Ski - Continuous","Damper between 5 and 8. Stroke rate 34-42. Drive from the hip hinge and let the arms follow. Film yourself once this phase.","","","","","","","","","","","",""
"","ATHX 2027 — Women's Pro Division","Twelve-week preparation plan for ATHX 2027 — Women's edition, Pro division loads. Starts Monday 2 November 2026 and runs to competition weekend, ATHX London on 23-24 January 2027. Four phases: Base (weeks 1-4), Development (5-8), Specific (9-11), then Taper and Competition (12). Six training days a week across 72 training days and 12 rest days, 24 of them doubled AM and PM. Trains all three competition zones — Strength, Endurance and MetCon X — and carries the plan's own fuelling, hydration, recovery, teaching and daily log prompts on each day.","hybrid","","23","Ski Technique + Grip","strength","STRENGTH_TRAINING","Note · Grip Block","12 min.","","","","","","","","","","","",""
"","ATHX 2027 — Women's Pro Division","Twelve-week preparation plan for ATHX 2027 — Women's edition, Pro division loads. Starts Monday 2 November 2026 and runs to competition weekend, ATHX London on 23-24 January 2027. Four phases: Base (weeks 1-4), Development (5-8), Specific (9-11), then Taper and Competition (12). Six training days a week across 72 training days and 12 rest days, 24 of them doubled AM and PM. Trains all three competition zones — Strength, Endurance and MetCon X — and carries the plan's own fuelling, hydration, recovery, teaching and daily log prompts on each day.","hybrid","","23","Ski Technique + Grip","strength","STRENGTH_TRAINING","Grip Block · Farmer Carry (heavy)","4 x 40 m","","","","","","","","","","","",""
"","ATHX 2027 — Women's Pro Division","Twelve-week preparation plan for ATHX 2027 — Women's edition, Pro division loads. Starts Monday 2 November 2026 and runs to competition weekend, ATHX London on 23-24 January 2027. Four phases: Base (weeks 1-4), Development (5-8), Specific (9-11), then Taper and Competition (12). Six training days a week across 72 training days and 12 rest days, 24 of them doubled AM and PM. Trains all three competition zones — Strength, Endurance and MetCon X — and carries the plan's own fuelling, hydration, recovery, teaching and daily log prompts on each day.","hybrid","","23","Ski Technique + Grip","strength","STRENGTH_TRAINING","Grip Block · Dead Hang","3 x max hold","","","","","","","","","","","",""
"","ATHX 2027 — Women's Pro Division","Twelve-week preparation plan for ATHX 2027 — Women's edition, Pro division loads. Starts Monday 2 November 2026 and runs to competition weekend, ATHX London on 23-24 January 2027. Four phases: Base (weeks 1-4), Development (5-8), Specific (9-11), then Taper and Competition (12). Six training days a week across 72 training days and 12 rest days, 24 of them doubled AM and PM. Trains all three competition zones — Strength, Endurance and MetCon X — and carries the plan's own fuelling, hydration, recovery, teaching and daily log prompts on each day.","hybrid","","23","Ski Technique + Grip","strength","STRENGTH_TRAINING","Grip Block · Sandbag Bear-Hug Hold (30 kg)","3 x 40 s","","","30","","","","","","","","",""
"","ATHX 2027 — Women's Pro Division","Twelve-week preparation plan for ATHX 2027 — Women's edition, Pro division loads. Starts Monday 2 November 2026 and runs to competition weekend, ATHX London on 23-24 January 2027. Four phases: Base (weeks 1-4), Development (5-8), Specific (9-11), then Taper and Competition (12). Six training days a week across 72 training days and 12 rest days, 24 of them doubled AM and PM. Trains all three competition zones — Strength, Endurance and MetCon X — and carries the plan's own fuelling, hydration, recovery, teaching and daily log prompts on each day.","hybrid","","23","Ski Technique + Grip","cardio","CARDIO_TRAINING","Note · Why this session","The Endurance Zone is scored on ski metres alone, so this phase is about learning to produce them efficiently before working on producing them quickly.","","","","","","","","","","","",""
"","ATHX 2027 — Women's Pro Division","Twelve-week preparation plan for ATHX 2027 — Women's edition, Pro division loads. Starts Monday 2 November 2026 and runs to competition weekend, ATHX London on 23-24 January 2027. Four phases: Base (weeks 1-4), Development (5-8), Specific (9-11), then Taper and Competition (12). Six training days a week across 72 training days and 12 rest days, 24 of them doubled AM and PM. Trains all three competition zones — Strength, Endurance and MetCon X — and carries the plan's own fuelling, hydration, recovery, teaching and daily log prompts on each day.","hybrid","","23","Ski Technique + Grip","cardio","CARDIO_TRAINING","Note · The standard - Ground to overhead","A snatch or a clean and jerk are both permitted. If you split snatch, both feet must return in line under your body while the dumbbell is locked out. Pick one method and train it, since switching technique under fatigue tends to cost reps.","","","","","","","","","","","",""
"","ATHX 2027 — Women's Pro Division","Twelve-week preparation plan for ATHX 2027 — Women's edition, Pro division loads. Starts Monday 2 November 2026 and runs to competition weekend, ATHX London on 23-24 January 2027. Four phases: Base (weeks 1-4), Development (5-8), Specific (9-11), then Taper and Competition (12). Six training days a week across 72 training days and 12 rest days, 24 of them doubled AM and PM. Trains all three competition zones — Strength, Endurance and MetCon X — and carries the plan's own fuelling, hydration, recovery, teaching and daily log prompts on each day.","hybrid","","23","Ski Technique + Grip","cardio","CARDIO_TRAINING","Note · Fuel and hydration","Pre: 30-50 g carbohydrate, 60-90 min before.
Post: 30-40 g protein plus 0.5 g/kg carbohydrate.
Daily macros: Day: carbs 4-5 g/kg protein 1.8-2.2 g/kg
Hydration: Session: sweat rate x 1.0
Electrolytes: if total session exceeds 60 min.","","","","","","","","","","","",""
"","ATHX 2027 — Women's Pro Division","Twelve-week preparation plan for ATHX 2027 — Women's edition, Pro division loads. Starts Monday 2 November 2026 and runs to competition weekend, ATHX London on 23-24 January 2027. Four phases: Base (weeks 1-4), Development (5-8), Specific (9-11), then Taper and Competition (12). Six training days a week across 72 training days and 12 rest days, 24 of them doubled AM and PM. Trains all three competition zones — Strength, Endurance and MetCon X — and carries the plan's own fuelling, hydration, recovery, teaching and daily log prompts on each day.","hybrid","","23","Ski Technique + Grip","cardio","CARDIO_TRAINING","Note · Recovery","High metabolic · low mechanical
Hard work, little muscle damage. Active recovery helps here: twenty to thirty minutes of easy walking tonight. Legs should be fresh tomorrow.","","","","","","","","","","","",""
"","ATHX 2027 — Women's Pro Division","Twelve-week preparation plan for ATHX 2027 — Women's edition, Pro division loads. Starts Monday 2 November 2026 and runs to competition weekend, ATHX London on 23-24 January 2027. Four phases: Base (weeks 1-4), Development (5-8), Specific (9-11), then Taper and Competition (12). Six training days a week across 72 training days and 12 rest days, 24 of them doubled AM and PM. Trains all three competition zones — Strength, Endurance and MetCon X — and carries the plan's own fuelling, hydration, recovery, teaching and daily log prompts on each day.","hybrid","","23","Ski Technique + Grip","cardio","CARDIO_TRAINING","Note · Log today","- Metres for each ski interval
- Drop from first interval to last, target under 3%
- Grip: farmer carry load, dead hang time","","","","","","","","","","","",""
"","ATHX 2027 — Women's Pro Division","Twelve-week preparation plan for ATHX 2027 — Women's edition, Pro division loads. Starts Monday 2 November 2026 and runs to competition weekend, ATHX London on 23-24 January 2027. Four phases: Base (weeks 1-4), Development (5-8), Specific (9-11), then Taper and Competition (12). Six training days a week across 72 training days and 12 rest days, 24 of them doubled AM and PM. Trains all three competition zones — Strength, Endurance and MetCon X — and carries the plan's own fuelling, hydration, recovery, teaching and daily log prompts on each day.","hybrid","","23","Ski Technique + Grip","cardio","CARDIO_TRAINING","Note · Day at a glance","Session: Ski Technique + Grip
Type: Ski erg + Grip
Shape: Single
Relative load: Moderate","","","","","","","","","","","",""
"","ATHX 2027 — Women's Pro Division","Twelve-week preparation plan for ATHX 2027 — Women's edition, Pro division loads. Starts Monday 2 November 2026 and runs to competition weekend, ATHX London on 23-24 January 2027. Four phases: Base (weeks 1-4), Development (5-8), Specific (9-11), then Taper and Competition (12). Six training days a week across 72 training days and 12 rest days, 24 of them doubled AM and PM. Trains all three competition zones — Strength, Endurance and MetCon X — and carries the plan's own fuelling, hydration, recovery, teaching and daily log prompts on each day.","hybrid","","24","AM — Easy Aerobic","cardio","RUNNING","Easy Aerobic","30 min","","","","","","","","","","","",""
"","ATHX 2027 — Women's Pro Division","Twelve-week preparation plan for ATHX 2027 — Women's edition, Pro division loads. Starts Monday 2 November 2026 and runs to competition weekend, ATHX London on 23-24 January 2027. Four phases: Base (weeks 1-4), Development (5-8), Specific (9-11), then Taper and Competition (12). Six training days a week across 72 training days and 12 rest days, 24 of them doubled AM and PM. Trains all three competition zones — Strength, Endurance and MetCon X — and carries the plan's own fuelling, hydration, recovery, teaching and daily log prompts on each day.","hybrid","","24","AM — Easy Aerobic","cardio","RUNNING","Note","Zone 2 run or bike. Conversational throughout. If in doubt, go slower.","","","","","","","","","","","",""
"","ATHX 2027 — Women's Pro Division","Twelve-week preparation plan for ATHX 2027 — Women's edition, Pro division loads. Starts Monday 2 November 2026 and runs to competition weekend, ATHX London on 23-24 January 2027. Four phases: Base (weeks 1-4), Development (5-8), Specific (9-11), then Taper and Competition (12). Six training days a week across 72 training days and 12 rest days, 24 of them doubled AM and PM. Trains all three competition zones — Strength, Endurance and MetCon X — and carries the plan's own fuelling, hydration, recovery, teaching and daily log prompts on each day.","hybrid","","24","AM — Easy Aerobic","cardio","RUNNING","Note · Why this session","Endurance first, the lift six hours later, so the metabolic signalling from the run has returned to baseline before you load. Refuelling in between is what makes that true.","","","","","","","","","","","",""
"","ATHX 2027 — Women's Pro Division","Twelve-week preparation plan for ATHX 2027 — Women's edition, Pro division loads. Starts Monday 2 November 2026 and runs to competition weekend, ATHX London on 23-24 January 2027. Four phases: Base (weeks 1-4), Development (5-8), Specific (9-11), then Taper and Competition (12). Six training days a week across 72 training days and 12 rest days, 24 of them doubled AM and PM. Trains all three competition zones — Strength, Endurance and MetCon X — and carries the plan's own fuelling, hydration, recovery, teaching and daily log prompts on each day.","hybrid","","24","AM — Easy Aerobic","cardio","RUNNING","Note · The number — 39 m","The transition tax. Ski two minutes at ten seconds per 500 m slower than steady after a hard run and you lose about 39 metres. Set against the 187 metres a faster buy-in earns you, the tax is roughly one fifth of the benefit. Run hard.","","","","","","","","","","","",""
"","ATHX 2027 — Women's Pro Division","Twelve-week preparation plan for ATHX 2027 — Women's edition, Pro division loads. Starts Monday 2 November 2026 and runs to competition weekend, ATHX London on 23-24 January 2027. Four phases: Base (weeks 1-4), Development (5-8), Specific (9-11), then Taper and Competition (12). Six training days a week across 72 training days and 12 rest days, 24 of them doubled AM and PM. Trains all three competition zones — Strength, Endurance and MetCon X — and carries the plan's own fuelling, hydration, recovery, teaching and daily log prompts on each day.","hybrid","","24","PM — Lower Accumulation","strength","STRENGTH_TRAINING","Note · Lower Accumulation","Min 6 h after AM.","","","","","","","","","","","",""
"","ATHX 2027 — Women's Pro Division","Twelve-week preparation plan for ATHX 2027 — Women's edition, Pro division loads. Starts Monday 2 November 2026 and runs to competition weekend, ATHX London on 23-24 January 2027. Four phases: Base (weeks 1-4), Development (5-8), Specific (9-11), then Taper and Competition (12). Six training days a week across 72 training days and 12 rest days, 24 of them doubled AM and PM. Trains all three competition zones — Strength, Endurance and MetCon X — and carries the plan's own fuelling, hydration, recovery, teaching and daily log prompts on each day.","hybrid","","24","PM — Lower Accumulation","strength","STRENGTH_TRAINING","A Back Squat","3 x 6 · 4 RIR","","","","","3","6","","","","","",""
"","ATHX 2027 — Women's Pro Division","Twelve-week preparation plan for ATHX 2027 — Women's edition, Pro division loads. Starts Monday 2 November 2026 and runs to competition weekend, ATHX London on 23-24 January 2027. Four phases: Base (weeks 1-4), Development (5-8), Specific (9-11), then Taper and Competition (12). Six training days a week across 72 training days and 12 rest days, 24 of them doubled AM and PM. Trains all three competition zones — Strength, Endurance and MetCon X — and carries the plan's own fuelling, hydration, recovery, teaching and daily log prompts on each day.","hybrid","","24","PM — Lower Accumulation","strength","STRENGTH_TRAINING","B Deadlift","3 x 5 · 4 RIR","","","","","3","5","","","","","",""
"","ATHX 2027 — Women's Pro Division","Twelve-week preparation plan for ATHX 2027 — Women's edition, Pro division loads. Starts Monday 2 November 2026 and runs to competition weekend, ATHX London on 23-24 January 2027. Four phases: Base (weeks 1-4), Development (5-8), Specific (9-11), then Taper and Competition (12). Six training days a week across 72 training days and 12 rest days, 24 of them doubled AM and PM. Trains all three competition zones — Strength, Endurance and MetCon X — and carries the plan's own fuelling, hydration, recovery, teaching and daily log prompts on each day.","hybrid","","24","PM — Lower Accumulation","strength","STRENGTH_TRAINING","C Bulgarian Split Squat","3 x 10 each leg · 3 RIR","","","","","","","","","","","",""
"","ATHX 2027 — Women's Pro Division","Twelve-week preparation plan for ATHX 2027 — Women's edition, Pro division loads. Starts Monday 2 November 2026 and runs to competition weekend, ATHX London on 23-24 January 2027. Four phases: Base (weeks 1-4), Development (5-8), Specific (9-11), then Taper and Competition (12). Six training days a week across 72 training days and 12 rest days, 24 of them doubled AM and PM. Trains all three competition zones — Strength, Endurance and MetCon X — and carries the plan's own fuelling, hydration, recovery, teaching and daily log prompts on each day.","hybrid","","24","PM — Lower Accumulation","strength","STRENGTH_TRAINING","D Copenhagen Plank","3 x 25 s each side","","","","","","","","","","","",""
"","ATHX 2027 — Women's Pro Division","Twelve-week preparation plan for ATHX 2027 — Women's edition, Pro division loads. Starts Monday 2 November 2026 and runs to competition weekend, ATHX London on 23-24 January 2027. Four phases: Base (weeks 1-4), Development (5-8), Specific (9-11), then Taper and Competition (12). Six training days a week across 72 training days and 12 rest days, 24 of them doubled AM and PM. Trains all three competition zones — Strength, Endurance and MetCon X — and carries the plan's own fuelling, hydration, recovery, teaching and daily log prompts on each day.","hybrid","","24","PM — Lower Accumulation","strength","STRENGTH_TRAINING","Note","No sumo. Hands outside the knees, as competition requires. Build the habit now.","","","","","","","","","","","",""
"","ATHX 2027 — Women's Pro Division","Twelve-week preparation plan for ATHX 2027 — Women's edition, Pro division loads. Starts Monday 2 November 2026 and runs to competition weekend, ATHX London on 23-24 January 2027. Four phases: Base (weeks 1-4), Development (5-8), Specific (9-11), then Taper and Competition (12). Six training days a week across 72 training days and 12 rest days, 24 of them doubled AM and PM. Trains all three competition zones — Strength, Endurance and MetCon X — and carries the plan's own fuelling, hydration, recovery, teaching and daily log prompts on each day.","hybrid","","24","PM — Lower Accumulation","strength","STRENGTH_TRAINING","Note · Fuel and hydration","Pre-AM: 20-30 g carbohydrate, or fasted if you tolerate it.
Between: Inside 60 min: 1.0-1.5 g/kg carbs plus 30-40 g protein.
Post-PM: 40 g protein plus 1.0 g/kg carbs within two hours.
Daily macros: Day: carbs 5-6 g/kg protein 2.0-2.2 g/kg
Hydration: AM: sweat rate x 0.8 · PM: sweat rate x 1.0
Electrolytes: PM session. Dehydration cuts force and spinal stability.","","","","","","","","","","","",""
"","ATHX 2027 — Women's Pro Division","Twelve-week preparation plan for ATHX 2027 — Women's edition, Pro division loads. Starts Monday 2 November 2026 and runs to competition weekend, ATHX London on 23-24 January 2027. Four phases: Base (weeks 1-4), Development (5-8), Specific (9-11), then Taper and Competition (12). Six training days a week across 72 training days and 12 rest days, 24 of them doubled AM and PM. Trains all three competition zones — Strength, Endurance and MetCon X — and carries the plan's own fuelling, hydration, recovery, teaching and daily log prompts on each day.","hybrid","","24","PM — Lower Accumulation","strength","STRENGTH_TRAINING","Note · Recovery","Highest central load of the week
Complete rest tonight. After high central load, light cardio does not speed neural recovery; sleep, downregulation and food do. Tomorrow is rest for the same reason.","","","","","","","","","","","",""
"","ATHX 2027 — Women's Pro Division","Twelve-week preparation plan for ATHX 2027 — Women's edition, Pro division loads. Starts Monday 2 November 2026 and runs to competition weekend, ATHX London on 23-24 January 2027. Four phases: Base (weeks 1-4), Development (5-8), Specific (9-11), then Taper and Competition (12). Six training days a week across 72 training days and 12 rest days, 24 of them doubled AM and PM. Trains all three competition zones — Strength, Endurance and MetCon X — and carries the plan's own fuelling, hydration, recovery, teaching and daily log prompts on each day.","hybrid","","24","PM — Lower Accumulation","strength","STRENGTH_TRAINING","Note · Log today","- Back squat top set and RIR
- Deadlift - triple 1 / triple 2, each round
- The gap between the two triples","","","","","","","","","","","",""
"","ATHX 2027 — Women's Pro Division","Twelve-week preparation plan for ATHX 2027 — Women's edition, Pro division loads. Starts Monday 2 November 2026 and runs to competition weekend, ATHX London on 23-24 January 2027. Four phases: Base (weeks 1-4), Development (5-8), Specific (9-11), then Taper and Competition (12). Six training days a week across 72 training days and 12 rest days, 24 of them doubled AM and PM. Trains all three competition zones — Strength, Endurance and MetCon X — and carries the plan's own fuelling, hydration, recovery, teaching and daily log prompts on each day.","hybrid","","24","PM — Lower Accumulation","strength","STRENGTH_TRAINING","Note · Day at a glance","Session: Easy Aerobic + Lower Accumulation
Type: Aerobic + Lower strength
Shape: Double — the AM and PM sessions need six hours between them
Relative load: High","","","","","","","","","","","",""
"","ATHX 2027 — Women's Pro Division","Twelve-week preparation plan for ATHX 2027 — Women's edition, Pro division loads. Starts Monday 2 November 2026 and runs to competition weekend, ATHX London on 23-24 January 2027. Four phases: Base (weeks 1-4), Development (5-8), Specific (9-11), then Taper and Competition (12). Six training days a week across 72 training days and 12 rest days, 24 of them doubled AM and PM. Trains all three competition zones — Strength, Endurance and MetCon X — and carries the plan's own fuelling, hydration, recovery, teaching and daily log prompts on each day.","hybrid","","25","Complete Rest","cardio","GENERIC","Note","Optional, ten to fifteen minutes: thoracic rotation, hip flexor lengthening, ankle dorsiflexion. Nothing that raises the heart rate. If it starts to feel like a session, stop.

Feeling good on a rest day is a sign the rest day is doing its job rather than a reason to add a session.

More progress tends to be lost to training through fatigue than to taking a day off.","","","","","","","","","","","",""
"","ATHX 2027 — Women's Pro Division","Twelve-week preparation plan for ATHX 2027 — Women's edition, Pro division loads. Starts Monday 2 November 2026 and runs to competition weekend, ATHX London on 23-24 January 2027. Four phases: Base (weeks 1-4), Development (5-8), Specific (9-11), then Taper and Competition (12). Six training days a week across 72 training days and 12 rest days, 24 of them doubled AM and PM. Trains all three competition zones — Strength, Endurance and MetCon X — and carries the plan's own fuelling, hydration, recovery, teaching and daily log prompts on each day.","hybrid","","25","Complete Rest","cardio","GENERIC","Note · Why this session","Yesterday carried the heaviest central nervous system load of the week, and the weekend holds the most specific sessions. This day is part of the programme rather than a gap in it, and it is what allows Friday and Saturday to be productive.","","","","","","","","","","","",""
"","ATHX 2027 — Women's Pro Division","Twelve-week preparation plan for ATHX 2027 — Women's edition, Pro division loads. Starts Monday 2 November 2026 and runs to competition weekend, ATHX London on 23-24 January 2027. Four phases: Base (weeks 1-4), Development (5-8), Specific (9-11), then Taper and Competition (12). Six training days a week across 72 training days and 12 rest days, 24 of them doubled AM and PM. Trains all three competition zones — Strength, Endurance and MetCon X — and carries the plan's own fuelling, hydration, recovery, teaching and daily log prompts on each day.","hybrid","","25","Complete Rest","cardio","GENERIC","Note · Kit - Collars and plates","Collars must be placed outside the plates on every barbell lift, warm-ups included. Unused plates must be inside the rig and off the lifting area. Small details, but a judge will stop you for them and the clock keeps running.","","","","","","","","","","","",""
"","ATHX 2027 — Women's Pro Division","Twelve-week preparation plan for ATHX 2027 — Women's edition, Pro division loads. Starts Monday 2 November 2026 and runs to competition weekend, ATHX London on 23-24 January 2027. Four phases: Base (weeks 1-4), Development (5-8), Specific (9-11), then Taper and Competition (12). Six training days a week across 72 training days and 12 rest days, 24 of them doubled AM and PM. Trains all three competition zones — Strength, Endurance and MetCon X — and carries the plan's own fuelling, hydration, recovery, teaching and daily log prompts on each day.","hybrid","","25","Complete Rest","cardio","GENERIC","Note · Fuel and hydration","All day: Carbs come down because you are not training. Protein does not - rest days are when repair happens.
Intake: Eat at roughly maintenance. A build block is not the place for a deficit.
Daily macros: Day: carbs 3-4 g/kg protein 1.8-2.2 g/kg
Hydration: Session: none - baseline only, and still drink it
Electrolytes: not required today.","","","","","","","","","","","",""
"","ATHX 2027 — Women's Pro Division","Twelve-week preparation plan for ATHX 2027 — Women's edition, Pro division loads. Starts Monday 2 November 2026 and runs to competition weekend, ATHX London on 23-24 January 2027. Four phases: Base (weeks 1-4), Development (5-8), Specific (9-11), then Taper and Competition (12). Six training days a week across 72 training days and 12 rest days, 24 of them doubled AM and PM. Trains all three competition zones — Strength, Endurance and MetCon X — and carries the plan's own fuelling, hydration, recovery, teaching and daily log prompts on each day.","hybrid","","25","Complete Rest","cardio","GENERIC","Note · Recovery","Clearing central nervous system load
A working day for your nervous system even though it does not look like one. Sleep, downregulation and nutrition do the work. Get to bed thirty minutes earlier.","","","","","","","","","","","",""
"","ATHX 2027 — Women's Pro Division","Twelve-week preparation plan for ATHX 2027 — Women's edition, Pro division loads. Starts Monday 2 November 2026 and runs to competition weekend, ATHX London on 23-24 January 2027. Four phases: Base (weeks 1-4), Development (5-8), Specific (9-11), then Taper and Competition (12). Six training days a week across 72 training days and 12 rest days, 24 of them doubled AM and PM. Trains all three competition zones — Strength, Endurance and MetCon X — and carries the plan's own fuelling, hydration, recovery, teaching and daily log prompts on each day.","hybrid","","25","Complete Rest","cardio","GENERIC","Note · Log today","- Morning resting heart rate
- HRV if you track it
- If elevated two days running, reduce Friday volume by a third","","","","","","","","","","","",""
"","ATHX 2027 — Women's Pro Division","Twelve-week preparation plan for ATHX 2027 — Women's edition, Pro division loads. Starts Monday 2 November 2026 and runs to competition weekend, ATHX London on 23-24 January 2027. Four phases: Base (weeks 1-4), Development (5-8), Specific (9-11), then Taper and Competition (12). Six training days a week across 72 training days and 12 rest days, 24 of them doubled AM and PM. Trains all three competition zones — Strength, Endurance and MetCon X — and carries the plan's own fuelling, hydration, recovery, teaching and daily log prompts on each day.","hybrid","","25","Complete Rest","cardio","GENERIC","Note · Day at a glance","Session: Complete Rest
Type: Rest
Shape: Rest
Relative load: not rated","","","","","","","","","","","",""
"","ATHX 2027 — Women's Pro Division","Twelve-week preparation plan for ATHX 2027 — Women's edition, Pro division loads. Starts Monday 2 November 2026 and runs to competition weekend, ATHX London on 23-24 January 2027. Four phases: Base (weeks 1-4), Development (5-8), Specific (9-11), then Taper and Competition (12). Six training days a week across 72 training days and 12 rest days, 24 of them doubled AM and PM. Trains all three competition zones — Strength, Endurance and MetCon X — and carries the plan's own fuelling, hydration, recovery, teaching and daily log prompts on each day.","hybrid","","26","MetCon Movement Work","cardio","CARDIO_TRAINING","Note · Circuit","3 rounds. Rest 3 min between rounds.","","","","","","","","","","","",""
"","ATHX 2027 — Women's Pro Division","Twelve-week preparation plan for ATHX 2027 — Women's edition, Pro division loads. Starts Monday 2 November 2026 and runs to competition weekend, ATHX London on 23-24 January 2027. Four phases: Base (weeks 1-4), Development (5-8), Specific (9-11), then Taper and Competition (12). Six training days a week across 72 training days and 12 rest days, 24 of them doubled AM and PM. Trains all three competition zones — Strength, Endurance and MetCon X — and carries the plan's own fuelling, hydration, recovery, teaching and daily log prompts on each day.","hybrid","","26","MetCon Movement Work","cardio","CARDIO_TRAINING","Circuit · DB Bench Press","12 @ 15 kg","","","15","","","12","","","","","",""
"","ATHX 2027 — Women's Pro Division","Twelve-week preparation plan for ATHX 2027 — Women's edition, Pro division loads. Starts Monday 2 November 2026 and runs to competition weekend, ATHX London on 23-24 January 2027. Four phases: Base (weeks 1-4), Development (5-8), Specific (9-11), then Taper and Competition (12). Six training days a week across 72 training days and 12 rest days, 24 of them doubled AM and PM. Trains all three competition zones — Strength, Endurance and MetCon X — and carries the plan's own fuelling, hydration, recovery, teaching and daily log prompts on each day.","hybrid","","26","MetCon Movement Work","cardio","CARDIO_TRAINING","Circuit · DB Ground to Overhead","12 dual @ 15 kg","","","15","","","12","","","","","",""
"","ATHX 2027 — Women's Pro Division","Twelve-week preparation plan for ATHX 2027 — Women's edition, Pro division loads. Starts Monday 2 November 2026 and runs to competition weekend, ATHX London on 23-24 January 2027. Four phases: Base (weeks 1-4), Development (5-8), Specific (9-11), then Taper and Competition (12). Six training days a week across 72 training days and 12 rest days, 24 of them doubled AM and PM. Trains all three competition zones — Strength, Endurance and MetCon X — and carries the plan's own fuelling, hydration, recovery, teaching and daily log prompts on each day.","hybrid","","26","MetCon Movement Work","cardio","CARDIO_TRAINING","Circuit · Sandbag Squats","12 @ 50 kg","","","50","","","12","","","","","",""
"","ATHX 2027 — Women's Pro Division","Twelve-week preparation plan for ATHX 2027 — Women's edition, Pro division loads. Starts Monday 2 November 2026 and runs to competition weekend, ATHX London on 23-24 January 2027. Four phases: Base (weeks 1-4), Development (5-8), Specific (9-11), then Taper and Competition (12). Six training days a week across 72 training days and 12 rest days, 24 of them doubled AM and PM. Trains all three competition zones — Strength, Endurance and MetCon X — and carries the plan's own fuelling, hydration, recovery, teaching and daily log prompts on each day.","hybrid","","26","MetCon Movement Work","cardio","CARDIO_TRAINING","Circuit · Sandbag Carry (no rest)","30 m @ 50 kg","","","50","","","","","","","","",""
"","ATHX 2027 — Women's Pro Division","Twelve-week preparation plan for ATHX 2027 — Women's edition, Pro division loads. Starts Monday 2 November 2026 and runs to competition weekend, ATHX London on 23-24 January 2027. Four phases: Base (weeks 1-4), Development (5-8), Specific (9-11), then Taper and Competition (12). Six training days a week across 72 training days and 12 rest days, 24 of them doubled AM and PM. Trains all three competition zones — Strength, Endurance and MetCon X — and carries the plan's own fuelling, hydration, recovery, teaching and daily log prompts on each day.","hybrid","","26","MetCon Movement Work","cardio","CARDIO_TRAINING","Note · Circuit","The carry follows the squats with no break. Do not set the bag down between them. That is the sequence you will meet in competition.","","","","","","","","","","","",""
"","ATHX 2027 — Women's Pro Division","Twelve-week preparation plan for ATHX 2027 — Women's edition, Pro division loads. Starts Monday 2 November 2026 and runs to competition weekend, ATHX London on 23-24 January 2027. Four phases: Base (weeks 1-4), Development (5-8), Specific (9-11), then Taper and Competition (12). Six training days a week across 72 training days and 12 rest days, 24 of them doubled AM and PM. Trains all three competition zones — Strength, Endurance and MetCon X — and carries the plan's own fuelling, hydration, recovery, teaching and daily log prompts on each day.","hybrid","","26","MetCon Movement Work","cardio","CARDIO_TRAINING","Note · Finisher","300 m row, controlled. Not a time trial this phase.","","","","","","","","","","","",""
"","ATHX 2027 — Women's Pro Division","Twelve-week preparation plan for ATHX 2027 — Women's edition, Pro division loads. Starts Monday 2 November 2026 and runs to competition weekend, ATHX London on 23-24 January 2027. Four phases: Base (weeks 1-4), Development (5-8), Specific (9-11), then Taper and Competition (12). Six training days a week across 72 training days and 12 rest days, 24 of them doubled AM and PM. Trains all three competition zones — Strength, Endurance and MetCon X — and carries the plan's own fuelling, hydration, recovery, teaching and daily log prompts on each day.","hybrid","","26","MetCon Movement Work","cardio","CARDIO_TRAINING","Note · Why this session","Learn the movements at manageable load before you meet them at competition weight. Bench press and the sandbag squat-to-carry sequence are the two elements that most often need extra work.","","","","","","","","","","","",""
"","ATHX 2027 — Women's Pro Division","Twelve-week preparation plan for ATHX 2027 — Women's edition, Pro division loads. Starts Monday 2 November 2026 and runs to competition weekend, ATHX London on 23-24 January 2027. Four phases: Base (weeks 1-4), Development (5-8), Specific (9-11), then Taper and Competition (12). Six training days a week across 72 training days and 12 rest days, 24 of them doubled AM and PM. Trains all three competition zones — Strength, Endurance and MetCon X — and carries the plan's own fuelling, hydration, recovery, teaching and daily log prompts on each day.","hybrid","","26","MetCon Movement Work","cardio","CARDIO_TRAINING","Note · No rep - Ground to overhead - the non-lifting hand","Your free hand may not make contact with your legs or any other part of your body during the rep. Bracing a hand on the thigh under fatigue is a natural reaction and it is a no rep, so it is worth training with the free arm out.","","","","","","","","","","","",""
"","ATHX 2027 — Women's Pro Division","Twelve-week preparation plan for ATHX 2027 — Women's edition, Pro division loads. Starts Monday 2 November 2026 and runs to competition weekend, ATHX London on 23-24 January 2027. Four phases: Base (weeks 1-4), Development (5-8), Specific (9-11), then Taper and Competition (12). Six training days a week across 72 training days and 12 rest days, 24 of them doubled AM and PM. Trains all three competition zones — Strength, Endurance and MetCon X — and carries the plan's own fuelling, hydration, recovery, teaching and daily log prompts on each day.","hybrid","","26","MetCon Movement Work","cardio","CARDIO_TRAINING","Note · Fuel and hydration","Pre: 40-50 g carbohydrate, 90 min before.
Intra: Electrolyte drink between rounds, not during them.
Post: 40 g protein plus 1.0 g/kg carbs within two hours.
Daily macros: Day: carbs 5-6 g/kg protein 1.8-2.2 g/kg
Hydration: Session: sweat rate x 1.2
Electrolytes: required. Highest sweat rate of your week.","","","","","","","","","","","",""
"","ATHX 2027 — Women's Pro Division","Twelve-week preparation plan for ATHX 2027 — Women's edition, Pro division loads. Starts Monday 2 November 2026 and runs to competition weekend, ATHX London on 23-24 January 2027. Four phases: Base (weeks 1-4), Development (5-8), Specific (9-11), then Taper and Competition (12). Six training days a week across 72 training days and 12 rest days, 24 of them doubled AM and PM. Trains all three competition zones — Strength, Endurance and MetCon X — and carries the plan's own fuelling, hydration, recovery, teaching and daily log prompts on each day.","hybrid","","26","MetCon Movement Work","cardio","CARDIO_TRAINING","Note · Recovery","High metabolic · moderate mechanical
Loaded squatting and grip, no heavy eccentrics. Twenty minutes of easy walking or light cycling tonight. Not running - tomorrow needs your legs.","","","","","","","","","","","",""
"","ATHX 2027 — Women's Pro Division","Twelve-week preparation plan for ATHX 2027 — Women's edition, Pro division loads. Starts Monday 2 November 2026 and runs to competition weekend, ATHX London on 23-24 January 2027. Four phases: Base (weeks 1-4), Development (5-8), Specific (9-11), then Taper and Competition (12). Six training days a week across 72 training days and 12 rest days, 24 of them doubled AM and PM. Trains all three competition zones — Strength, Endurance and MetCon X — and carries the plan's own fuelling, hydration, recovery, teaching and daily log prompts on each day.","hybrid","","26","MetCon Movement Work","cardio","CARDIO_TRAINING","Note · Log today","- Time for each round
- Drop from round one to the final round, target within 10%
- Where the sandbag block broke down","","","","","","","","","","","",""
"","ATHX 2027 — Women's Pro Division","Twelve-week preparation plan for ATHX 2027 — Women's edition, Pro division loads. Starts Monday 2 November 2026 and runs to competition weekend, ATHX London on 23-24 January 2027. Four phases: Base (weeks 1-4), Development (5-8), Specific (9-11), then Taper and Competition (12). Six training days a week across 72 training days and 12 rest days, 24 of them doubled AM and PM. Trains all three competition zones — Strength, Endurance and MetCon X — and carries the plan's own fuelling, hydration, recovery, teaching and daily log prompts on each day.","hybrid","","26","MetCon Movement Work","cardio","CARDIO_TRAINING","Note · Day at a glance","Session: MetCon Movement Work
Type: MetCon circuit
Shape: Single
Relative load: Moderate","","","","","","","","","","","",""
"","ATHX 2027 — Women's Pro Division","Twelve-week preparation plan for ATHX 2027 — Women's edition, Pro division loads. Starts Monday 2 November 2026 and runs to competition weekend, ATHX London on 23-24 January 2027. Four phases: Base (weeks 1-4), Development (5-8), Specific (9-11), then Taper and Competition (12). Six training days a week across 72 training days and 12 rest days, 24 of them doubled AM and PM. Trains all three competition zones — Strength, Endurance and MetCon X — and carries the plan's own fuelling, hydration, recovery, teaching and daily log prompts on each day.","hybrid","","27","Long Aerobic + Ski Introduction","cardio","RUNNING","Run","45 min at easy aerobic","","","","","","","","","","","",""
"","ATHX 2027 — Women's Pro Division","Twelve-week preparation plan for ATHX 2027 — Women's edition, Pro division loads. Starts Monday 2 November 2026 and runs to competition weekend, ATHX London on 23-24 January 2027. Four phases: Base (weeks 1-4), Development (5-8), Specific (9-11), then Taper and Competition (12). Six training days a week across 72 training days and 12 rest days, 24 of them doubled AM and PM. Trains all three competition zones — Strength, Endurance and MetCon X — and carries the plan's own fuelling, hydration, recovery, teaching and daily log prompts on each day.","hybrid","","27","Long Aerobic + Ski Introduction","cardio","CARDIO_TRAINING","Ski - Immediately After","6 min at steady","","","","","","","","","","","",""
"","ATHX 2027 — Women's Pro Division","Twelve-week preparation plan for ATHX 2027 — Women's edition, Pro division loads. Starts Monday 2 November 2026 and runs to competition weekend, ATHX London on 23-24 January 2027. Four phases: Base (weeks 1-4), Development (5-8), Specific (9-11), then Taper and Competition (12). Six training days a week across 72 training days and 12 rest days, 24 of them doubled AM and PM. Trains all three competition zones — Strength, Endurance and MetCon X — and carries the plan's own fuelling, hydration, recovery, teaching and daily log prompts on each day.","hybrid","","27","Long Aerobic + Ski Introduction","cardio","CARDIO_TRAINING","Note · Ski - Immediately After","Transition without pausing. Note how the first ninety seconds feel. That sensation is what the Development phase trains away.","","","","","","","","","","","",""
"","ATHX 2027 — Women's Pro Division","Twelve-week preparation plan for ATHX 2027 — Women's edition, Pro division loads. Starts Monday 2 November 2026 and runs to competition weekend, ATHX London on 23-24 January 2027. Four phases: Base (weeks 1-4), Development (5-8), Specific (9-11), then Taper and Competition (12). Six training days a week across 72 training days and 12 rest days, 24 of them doubled AM and PM. Trains all three competition zones — Strength, Endurance and MetCon X — and carries the plan's own fuelling, hydration, recovery, teaching and daily log prompts on each day.","hybrid","","27","Long Aerobic + Ski Introduction","cardio","RUNNING","Note · Why this session","Time on feet plus a first exposure to skiing on tired legs. In the Development phase this becomes the most specific session in the book, so build the habit now.","","","","","","","","","","","",""
"","ATHX 2027 — Women's Pro Division","Twelve-week preparation plan for ATHX 2027 — Women's edition, Pro division loads. Starts Monday 2 November 2026 and runs to competition weekend, ATHX London on 23-24 January 2027. Four phases: Base (weeks 1-4), Development (5-8), Specific (9-11), then Taper and Competition (12). Six training days a week across 72 training days and 12 rest days, 24 of them doubled AM and PM. Trains all three competition zones — Strength, Endurance and MetCon X — and carries the plan's own fuelling, hydration, recovery, teaching and daily log prompts on each day.","hybrid","","27","Long Aerobic + Ski Introduction","cardio","RUNNING","Note · From the floor - Kit check","Sorting the logistics early is easier than doing it in week twelve. Chalk is yours to bring. Pack a spare pair of shoes. Venue floors vary and grip on the sandbag carry matters more than people expect.","","","","","","","","","","","",""
"","ATHX 2027 — Women's Pro Division","Twelve-week preparation plan for ATHX 2027 — Women's edition, Pro division loads. Starts Monday 2 November 2026 and runs to competition weekend, ATHX London on 23-24 January 2027. Four phases: Base (weeks 1-4), Development (5-8), Specific (9-11), then Taper and Competition (12). Six training days a week across 72 training days and 12 rest days, 24 of them doubled AM and PM. Trains all three competition zones — Strength, Endurance and MetCon X — and carries the plan's own fuelling, hydration, recovery, teaching and daily log prompts on each day.","hybrid","","27","Long Aerobic + Ski Introduction","cardio","RUNNING","Note · Fuel and hydration","Pre: 40-50 g carbohydrate, 90 min before. Under-fuel this and the data is meaningless.
Post: 30-40 g protein plus 1.0 g/kg carbohydrate.
Daily macros: Day: carbs 5-6 g/kg protein 1.8-2.2 g/kg
Hydration: Session: sweat rate x 1.1
Electrolytes: yes. Sip between rounds.","","","","","","","","","","","",""
"","ATHX 2027 — Women's Pro Division","Twelve-week preparation plan for ATHX 2027 — Women's edition, Pro division loads. Starts Monday 2 November 2026 and runs to competition weekend, ATHX London on 23-24 January 2027. Four phases: Base (weeks 1-4), Development (5-8), Specific (9-11), then Taper and Competition (12). Six training days a week across 72 training days and 12 rest days, 24 of them doubled AM and PM. Trains all three competition zones — Strength, Endurance and MetCon X — and carries the plan's own fuelling, hydration, recovery, teaching and daily log prompts on each day.","hybrid","","27","Long Aerobic + Ski Introduction","cardio","RUNNING","Note · Recovery","High metabolic · moderate mechanical
Tomorrow's easy aerobic is your recovery, which is why it sits there. Sleep is tonight's priority. Legs beaten up in the morning? Take Sunday as a walk.","","","","","","","","","","","",""
"","ATHX 2027 — Women's Pro Division","Twelve-week preparation plan for ATHX 2027 — Women's edition, Pro division loads. Starts Monday 2 November 2026 and runs to competition weekend, ATHX London on 23-24 January 2027. Four phases: Base (weeks 1-4), Development (5-8), Specific (9-11), then Taper and Competition (12). Six training days a week across 72 training days and 12 rest days, 24 of them doubled AM and PM. Trains all three competition zones — Strength, Endurance and MetCon X — and carries the plan's own fuelling, hydration, recovery, teaching and daily log prompts on each day.","hybrid","","27","Long Aerobic + Ski Introduction","cardio","RUNNING","Note · Log today","- Ski metres per round, or 500 m splits if rehearsing the full zone
- Final round as a percentage of the first, target within 5%
- How the first thirty seconds of each ski felt","","","","","","","","","","","",""
"","ATHX 2027 — Women's Pro Division","Twelve-week preparation plan for ATHX 2027 — Women's edition, Pro division loads. Starts Monday 2 November 2026 and runs to competition weekend, ATHX London on 23-24 January 2027. Four phases: Base (weeks 1-4), Development (5-8), Specific (9-11), then Taper and Competition (12). Six training days a week across 72 training days and 12 rest days, 24 of them doubled AM and PM. Trains all three competition zones — Strength, Endurance and MetCon X — and carries the plan's own fuelling, hydration, recovery, teaching and daily log prompts on each day.","hybrid","","27","Long Aerobic + Ski Introduction","cardio","RUNNING","Note · Day at a glance","Session: Long Aerobic + Ski Introduction
Type: Run to ski transition
Shape: Single
Relative load: Moderate","","","","","","","","","","","",""
"","ATHX 2027 — Women's Pro Division","Twelve-week preparation plan for ATHX 2027 — Women's edition, Pro division loads. Starts Monday 2 November 2026 and runs to competition weekend, ATHX London on 23-24 January 2027. Four phases: Base (weeks 1-4), Development (5-8), Specific (9-11), then Taper and Competition (12). Six training days a week across 72 training days and 12 rest days, 24 of them doubled AM and PM. Trains all three competition zones — Strength, Endurance and MetCon X — and carries the plan's own fuelling, hydration, recovery, teaching and daily log prompts on each day.","hybrid","","28","Easy Aerobic","cardio","RUNNING","Easy Aerobic","35 min — run / bike / hike","","","","","","","","","","","",""
"","ATHX 2027 — Women's Pro Division","Twelve-week preparation plan for ATHX 2027 — Women's edition, Pro division loads. Starts Monday 2 November 2026 and runs to competition weekend, ATHX London on 23-24 January 2027. Four phases: Base (weeks 1-4), Development (5-8), Specific (9-11), then Taper and Competition (12). Six training days a week across 72 training days and 12 rest days, 24 of them doubled AM and PM. Trains all three competition zones — Strength, Endurance and MetCon X — and carries the plan's own fuelling, hydration, recovery, teaching and daily log prompts on each day.","hybrid","","28","Easy Aerobic","cardio","RUNNING","Note","Conversational the entire time. If your legs are sore from yesterday, walking or riding instead of running is the better choice.","","","","","","","","","","","",""
"","ATHX 2027 — Women's Pro Division","Twelve-week preparation plan for ATHX 2027 — Women's edition, Pro division loads. Starts Monday 2 November 2026 and runs to competition weekend, ATHX London on 23-24 January 2027. Four phases: Base (weeks 1-4), Development (5-8), Specific (9-11), then Taper and Competition (12). Six training days a week across 72 training days and 12 rest days, 24 of them doubled AM and PM. Trains all three competition zones — Strength, Endurance and MetCon X — and carries the plan's own fuelling, hydration, recovery, teaching and daily log prompts on each day.","hybrid","","28","Easy Aerobic","cardio","RUNNING","Note · Why this session","Aerobic maintenance and active clearance of yesterday. The only way to get this day wrong is to go too hard.","","","","","","","","","","","",""
"","ATHX 2027 — Women's Pro Division","Twelve-week preparation plan for ATHX 2027 — Women's edition, Pro division loads. Starts Monday 2 November 2026 and runs to competition weekend, ATHX London on 23-24 January 2027. Four phases: Base (weeks 1-4), Development (5-8), Specific (9-11), then Taper and Competition (12). Six training days a week across 72 training days and 12 rest days, 24 of them doubled AM and PM. Trains all three competition zones — Strength, Endurance and MetCon X — and carries the plan's own fuelling, hydration, recovery, teaching and daily log prompts on each day.","hybrid","","28","Easy Aerobic","cardio","RUNNING","Note · The week behind you","Look back before looking forward. If the ski intervals faded more than they did in week one and the lifts have stalled, fatigue has accumulated faster than it has cleared. In that case, repeating this deload is a better option than starting the Development phase.","","","","","","","","","","","",""
"","ATHX 2027 — Women's Pro Division","Twelve-week preparation plan for ATHX 2027 — Women's edition, Pro division loads. Starts Monday 2 November 2026 and runs to competition weekend, ATHX London on 23-24 January 2027. Four phases: Base (weeks 1-4), Development (5-8), Specific (9-11), then Taper and Competition (12). Six training days a week across 72 training days and 12 rest days, 24 of them doubled AM and PM. Trains all three competition zones — Strength, Endurance and MetCon X — and carries the plan's own fuelling, hydration, recovery, teaching and daily log prompts on each day.","hybrid","","28","Easy Aerobic","cardio","RUNNING","Note · Fuel and hydration","Pre: Optional. Small carbohydrate serving if you prefer not to train empty.
Post: Normal meal within a couple of hours.
Daily macros: Day: carbs 4-5 g/kg protein 1.8-2.2 g/kg
Hydration: Session: sweat rate x 0.8
Electrolytes: only if over 60 min or hot.","","","","","","","","","","","",""
"","ATHX 2027 — Women's Pro Division","Twelve-week preparation plan for ATHX 2027 — Women's edition, Pro division loads. Starts Monday 2 November 2026 and runs to competition weekend, ATHX London on 23-24 January 2027. Four phases: Base (weeks 1-4), Development (5-8), Specific (9-11), then Taper and Competition (12). Six training days a week across 72 training days and 12 rest days, 24 of them doubled AM and PM. Trains all three competition zones — Strength, Endurance and MetCon X — and carries the plan's own fuelling, hydration, recovery, teaching and daily log prompts on each day.","hybrid","","28","Easy Aerobic","cardio","RUNNING","Note · Recovery","Minimal · this session is the recovery
Low mechanical load, sustained blood flow, negligible metabolic cost. After it, take the rest of the day genuinely off.","","","","","","","","","","","",""
"","ATHX 2027 — Women's Pro Division","Twelve-week preparation plan for ATHX 2027 — Women's edition, Pro division loads. Starts Monday 2 November 2026 and runs to competition weekend, ATHX London on 23-24 January 2027. Four phases: Base (weeks 1-4), Development (5-8), Specific (9-11), then Taper and Competition (12). Six training days a week across 72 training days and 12 rest days, 24 of them doubled AM and PM. Trains all three competition zones — Strength, Endurance and MetCon X — and carries the plan's own fuelling, hydration, recovery, teaching and daily log prompts on each day.","hybrid","","28","Easy Aerobic","cardio","RUNNING","Note · Log today","- Average heart rate
- Compare to the same session in Week 1
- How the week felt overall","","","","","","","","","","","",""
"","ATHX 2027 — Women's Pro Division","Twelve-week preparation plan for ATHX 2027 — Women's edition, Pro division loads. Starts Monday 2 November 2026 and runs to competition weekend, ATHX London on 23-24 January 2027. Four phases: Base (weeks 1-4), Development (5-8), Specific (9-11), then Taper and Competition (12). Six training days a week across 72 training days and 12 rest days, 24 of them doubled AM and PM. Trains all three competition zones — Strength, Endurance and MetCon X — and carries the plan's own fuelling, hydration, recovery, teaching and daily log prompts on each day.","hybrid","","28","Easy Aerobic","cardio","RUNNING","Note · Day at a glance","Session: Easy Aerobic
Type: Easy aerobic
Shape: Single
Relative load: Low","","","","","","","","","","","",""
"","ATHX 2027 — Women's Pro Division","Twelve-week preparation plan for ATHX 2027 — Women's edition, Pro division loads. Starts Monday 2 November 2026 and runs to competition weekend, ATHX London on 23-24 January 2027. Four phases: Base (weeks 1-4), Development (5-8), Specific (9-11), then Taper and Competition (12). Six training days a week across 72 training days and 12 rest days, 24 of them doubled AM and PM. Trains all three competition zones — Strength, Endurance and MetCon X — and carries the plan's own fuelling, hydration, recovery, teaching and daily log prompts on each day.","hybrid","","29","AM — Threshold Run","cardio","RUNNING","Threshold Run","5 x 5 min","","","","","","","","","","","",""
"","ATHX 2027 — Women's Pro Division","Twelve-week preparation plan for ATHX 2027 — Women's edition, Pro division loads. Starts Monday 2 November 2026 and runs to competition weekend, ATHX London on 23-24 January 2027. Four phases: Base (weeks 1-4), Development (5-8), Specific (9-11), then Taper and Competition (12). Six training days a week across 72 training days and 12 rest days, 24 of them doubled AM and PM. Trains all three competition zones — Strength, Endurance and MetCon X — and carries the plan's own fuelling, hydration, recovery, teaching and daily log prompts on each day.","hybrid","","29","AM — Threshold Run","cardio","RUNNING","Note","Warm-up 10 min + 4 strides. Main set at 10 km race effort, 90 s jog. Cool-down 8 min easy. You should be able to speak a short sentence, not a long one. Comfortable talking means go faster. No talking at all means ease off - this is not an interval session.","","","","","","","","","","","",""
"","ATHX 2027 — Women's Pro Division","Twelve-week preparation plan for ATHX 2027 — Women's edition, Pro division loads. Starts Monday 2 November 2026 and runs to competition weekend, ATHX London on 23-24 January 2027. Four phases: Base (weeks 1-4), Development (5-8), Specific (9-11), then Taper and Competition (12). Six training days a week across 72 training days and 12 rest days, 24 of them doubled AM and PM. Trains all three competition zones — Strength, Endurance and MetCon X — and carries the plan's own fuelling, hydration, recovery, teaching and daily log prompts on each day.","hybrid","","29","AM — Threshold Run","cardio","RUNNING","Note · Week 5 of 12 — Development Phase","WEEK 1 OF 4, week commencing 2026-11-30.
What changes: Base is finished. Three things change at once. Ski moves from steady state to threshold intervals. Running moves to 3 km-specific intensity. Strength moves to heavy low-rep work and the repeat-triple protocol starts.
One priority: Wednesday's deadlift gap. Record both triples. Shrinking the difference between them is worth more score than adding weight to the first.
If you miss a session: Tuesday and Saturday are the ones to protect, since ski work and the run-to-ski transition have no direct substitute. The rest can be dropped without much cost.
Looking ahead: Week 6 raises load on all three fronts. Watch the deadlift gap.
Volume: run 2h20 · ski 30m · 2 lift sessions · 5h45 total","","","","","","","","","","","",""
"","ATHX 2027 — Women's Pro Division","Twelve-week preparation plan for ATHX 2027 — Women's edition, Pro division loads. Starts Monday 2 November 2026 and runs to competition weekend, ATHX London on 23-24 January 2027. Four phases: Base (weeks 1-4), Development (5-8), Specific (9-11), then Taper and Competition (12). Six training days a week across 72 training days and 12 rest days, 24 of them doubled AM and PM. Trains all three competition zones — Strength, Endurance and MetCon X — and carries the plan's own fuelling, hydration, recovery, teaching and daily log prompts on each day.","hybrid","","29","AM — Threshold Run","cardio","RUNNING","Note · Why this session","Threshold running raises your 3 km buy-in pace, which converts into ski time. Overhead strength is a third of the Strength score.","","","","","","","","","","","",""
"","ATHX 2027 — Women's Pro Division","Twelve-week preparation plan for ATHX 2027 — Women's edition, Pro division loads. Starts Monday 2 November 2026 and runs to competition weekend, ATHX London on 23-24 January 2027. Four phases: Base (weeks 1-4), Development (5-8), Specific (9-11), then Taper and Competition (12). Six training days a week across 72 training days and 12 rest days, 24 of them doubled AM and PM. Trains all three competition zones — Strength, Endurance and MetCon X — and carries the plan's own fuelling, hydration, recovery, teaching and daily log prompts on each day.","hybrid","","29","AM — Threshold Run","cardio","RUNNING","Note · The standard - Deadlift - the pause","Maximum pause between reps is five seconds, and if you set the bar down your hands must stay on it. Let go and the count restarts at zero. It is worth rehearsing your triple as three singles, with your hands staying on the bar throughout.","","","","","","","","","","","",""
"","ATHX 2027 — Women's Pro Division","Twelve-week preparation plan for ATHX 2027 — Women's edition, Pro division loads. Starts Monday 2 November 2026 and runs to competition weekend, ATHX London on 23-24 January 2027. Four phases: Base (weeks 1-4), Development (5-8), Specific (9-11), then Taper and Competition (12). Six training days a week across 72 training days and 12 rest days, 24 of them doubled AM and PM. Trains all three competition zones — Strength, Endurance and MetCon X — and carries the plan's own fuelling, hydration, recovery, teaching and daily log prompts on each day.","hybrid","","29","PM — Upper Heavy","strength","STRENGTH_TRAINING","Note · Upper Heavy","Min 6 h after AM.","","","","","","","","","","","",""
"","ATHX 2027 — Women's Pro Division","Twelve-week preparation plan for ATHX 2027 — Women's edition, Pro division loads. Starts Monday 2 November 2026 and runs to competition weekend, ATHX London on 23-24 January 2027. Four phases: Base (weeks 1-4), Development (5-8), Specific (9-11), then Taper and Competition (12). Six training days a week across 72 training days and 12 rest days, 24 of them doubled AM and PM. Trains all three competition zones — Strength, Endurance and MetCon X — and carries the plan's own fuelling, hydration, recovery, teaching and daily log prompts on each day.","hybrid","","29","PM — Upper Heavy","strength","STRENGTH_TRAINING","A1 Push Press","5 x 3 · 2 RIR","","","","","5","3","","","","","",""
"","ATHX 2027 — Women's Pro Division","Twelve-week preparation plan for ATHX 2027 — Women's edition, Pro division loads. Starts Monday 2 November 2026 and runs to competition weekend, ATHX London on 23-24 January 2027. Four phases: Base (weeks 1-4), Development (5-8), Specific (9-11), then Taper and Competition (12). Six training days a week across 72 training days and 12 rest days, 24 of them doubled AM and PM. Trains all three competition zones — Strength, Endurance and MetCon X — and carries the plan's own fuelling, hydration, recovery, teaching and daily log prompts on each day.","hybrid","","29","PM — Upper Heavy","strength","STRENGTH_TRAINING","A2 Weighted Pull-Up or Heavy Row","5 x 5 · 2 RIR","","","","","5","5","","","","","",""
"","ATHX 2027 — Women's Pro Division","Twelve-week preparation plan for ATHX 2027 — Women's edition, Pro division loads. Starts Monday 2 November 2026 and runs to competition weekend, ATHX London on 23-24 January 2027. Four phases: Base (weeks 1-4), Development (5-8), Specific (9-11), then Taper and Competition (12). Six training days a week across 72 training days and 12 rest days, 24 of them doubled AM and PM. Trains all three competition zones — Strength, Endurance and MetCon X — and carries the plan's own fuelling, hydration, recovery, teaching and daily log prompts on each day.","hybrid","","29","PM — Upper Heavy","strength","STRENGTH_TRAINING","B1 DB Bench Press (12.5 kg)","4 x 12","","","12.5","","4","12","","","","","",""
"","ATHX 2027 — Women's Pro Division","Twelve-week preparation plan for ATHX 2027 — Women's edition, Pro division loads. Starts Monday 2 November 2026 and runs to competition weekend, ATHX London on 23-24 January 2027. Four phases: Base (weeks 1-4), Development (5-8), Specific (9-11), then Taper and Competition (12). Six training days a week across 72 training days and 12 rest days, 24 of them doubled AM and PM. Trains all three competition zones — Strength, Endurance and MetCon X — and carries the plan's own fuelling, hydration, recovery, teaching and daily log prompts on each day.","hybrid","","29","PM — Upper Heavy","strength","STRENGTH_TRAINING","B2 Barbell Bent-Over Row","4 x 10 · 3 RIR","","","","","4","10","","","","","",""
"","ATHX 2027 — Women's Pro Division","Twelve-week preparation plan for ATHX 2027 — Women's edition, Pro division loads. Starts Monday 2 November 2026 and runs to competition weekend, ATHX London on 23-24 January 2027. Four phases: Base (weeks 1-4), Development (5-8), Specific (9-11), then Taper and Competition (12). Six training days a week across 72 training days and 12 rest days, 24 of them doubled AM and PM. Trains all three competition zones — Strength, Endurance and MetCon X — and carries the plan's own fuelling, hydration, recovery, teaching and daily log prompts on each day.","hybrid","","29","PM — Upper Heavy","strength","STRENGTH_TRAINING","C Half-Kneeling Z Press","3 x 8 · 3 RIR","","","","","3","8","","","","","",""
"","ATHX 2027 — Women's Pro Division","Twelve-week preparation plan for ATHX 2027 — Women's edition, Pro division loads. Starts Monday 2 November 2026 and runs to competition weekend, ATHX London on 23-24 January 2027. Four phases: Base (weeks 1-4), Development (5-8), Specific (9-11), then Taper and Competition (12). Six training days a week across 72 training days and 12 rest days, 24 of them doubled AM and PM. Trains all three competition zones — Strength, Endurance and MetCon X — and carries the plan's own fuelling, hydration, recovery, teaching and daily log prompts on each day.","hybrid","","29","PM — Upper Heavy","strength","STRENGTH_TRAINING","Note · Fuel and hydration","Pre-AM: 30-40 g carbohydrate, 60-90 min before.
Between: Inside 60 min: 1.0-1.5 g/kg carbs plus 30-40 g protein. Non-negotiable on a double day.
Post-PM: 30-40 g protein plus 0.5-1.0 g/kg carbs within two hours.
Daily macros: Day: carbs 5-6 g/kg protein 1.8-2.2 g/kg
Hydration: AM: sweat rate x 0.7 · PM: sweat rate x 0.9
Electrolytes: AM run if over 60 min or warm.","","","","","","","","","","","",""
"","ATHX 2027 — Women's Pro Division","Twelve-week preparation plan for ATHX 2027 — Women's edition, Pro division loads. Starts Monday 2 November 2026 and runs to competition weekend, ATHX London on 23-24 January 2027. Four phases: Base (weeks 1-4), Development (5-8), Specific (9-11), then Taper and Competition (12). Six training days a week across 72 training days and 12 rest days, 24 of them doubled AM and PM. Trains all three competition zones — Strength, Endurance and MetCon X — and carries the plan's own fuelling, hydration, recovery, teaching and daily log prompts on each day.","hybrid","","29","PM — Upper Heavy","strength","STRENGTH_TRAINING","Note · Recovery","Moderate mechanical · moderate central
Sleep is the intervention. You have moved twice today, so more movement is not more recovery. Tomorrow is ski: trunk and lats, legs left alone.","","","","","","","","","","","",""
"","ATHX 2027 — Women's Pro Division","Twelve-week preparation plan for ATHX 2027 — Women's edition, Pro division loads. Starts Monday 2 November 2026 and runs to competition weekend, ATHX London on 23-24 January 2027. Four phases: Base (weeks 1-4), Development (5-8), Specific (9-11), then Taper and Competition (12). Six training days a week across 72 training days and 12 rest days, 24 of them doubled AM and PM. Trains all three competition zones — Strength, Endurance and MetCon X — and carries the plan's own fuelling, hydration, recovery, teaching and daily log prompts on each day.","hybrid","","29","PM — Upper Heavy","strength","STRENGTH_TRAINING","Note · Log today","- Fastest and slowest interval pace, and the gap between them
- Push press top set and RIR
- How the legs felt in the PM session","","","","","","","","","","","",""
"","ATHX 2027 — Women's Pro Division","Twelve-week preparation plan for ATHX 2027 — Women's edition, Pro division loads. Starts Monday 2 November 2026 and runs to competition weekend, ATHX London on 23-24 January 2027. Four phases: Base (weeks 1-4), Development (5-8), Specific (9-11), then Taper and Competition (12). Six training days a week across 72 training days and 12 rest days, 24 of them doubled AM and PM. Trains all three competition zones — Strength, Endurance and MetCon X — and carries the plan's own fuelling, hydration, recovery, teaching and daily log prompts on each day.","hybrid","","29","PM — Upper Heavy","strength","STRENGTH_TRAINING","Note · Day at a glance","Session: Threshold Run + Upper Heavy
Type: Run + Upper strength
Shape: Double — the AM and PM sessions need six hours between them
Relative load: High","","","","","","","","","","","",""
"","ATHX 2027 — Women's Pro Division","Twelve-week preparation plan for ATHX 2027 — Women's edition, Pro division loads. Starts Monday 2 November 2026 and runs to competition weekend, ATHX London on 23-24 January 2027. Four phases: Base (weeks 1-4), Development (5-8), Specific (9-11), then Taper and Competition (12). Six training days a week across 72 training days and 12 rest days, 24 of them doubled AM and PM. Trains all three competition zones — Strength, Endurance and MetCon X — and carries the plan's own fuelling, hydration, recovery, teaching and daily log prompts on each day.","hybrid","","30","Ski Development + Grip","cardio","CARDIO_TRAINING","Ski Intervals · Warm-up","5 min + 3 x 20 s brisk","","","","","","","","","","","",""
"","ATHX 2027 — Women's Pro Division","Twelve-week preparation plan for ATHX 2027 — Women's edition, Pro division loads. Starts Monday 2 November 2026 and runs to competition weekend, ATHX London on 23-24 January 2027. Four phases: Base (weeks 1-4), Development (5-8), Specific (9-11), then Taper and Competition (12). Six training days a week across 72 training days and 12 rest days, 24 of them doubled AM and PM. Trains all three competition zones — Strength, Endurance and MetCon X — and carries the plan's own fuelling, hydration, recovery, teaching and daily log prompts on each day.","hybrid","","30","Ski Development + Grip","cardio","CARDIO_TRAINING","Ski Intervals · Main","5 x 5 min at target competition pace, 90 s recovery between reps","","","","","","","","","","","",""
"","ATHX 2027 — Women's Pro Division","Twelve-week preparation plan for ATHX 2027 — Women's edition, Pro division loads. Starts Monday 2 November 2026 and runs to competition weekend, ATHX London on 23-24 January 2027. Four phases: Base (weeks 1-4), Development (5-8), Specific (9-11), then Taper and Competition (12). Six training days a week across 72 training days and 12 rest days, 24 of them doubled AM and PM. Trains all three competition zones — Strength, Endurance and MetCon X — and carries the plan's own fuelling, hydration, recovery, teaching and daily log prompts on each day.","hybrid","","30","Ski Development + Grip","cardio","CARDIO_TRAINING","Note · Ski Intervals","Target competition pace is roughly 2:20 per 500 m for a well-trained athlete. Use your own figure from the Week 1 benchmark.","","","","","","","","","","","",""
"","ATHX 2027 — Women's Pro Division","Twelve-week preparation plan for ATHX 2027 — Women's edition, Pro division loads. Starts Monday 2 November 2026 and runs to competition weekend, ATHX London on 23-24 January 2027. Four phases: Base (weeks 1-4), Development (5-8), Specific (9-11), then Taper and Competition (12). Six training days a week across 72 training days and 12 rest days, 24 of them doubled AM and PM. Trains all three competition zones — Strength, Endurance and MetCon X — and carries the plan's own fuelling, hydration, recovery, teaching and daily log prompts on each day.","hybrid","","30","Ski Development + Grip","strength","STRENGTH_TRAINING","Note · Grip Block","15 min.","","","","","","","","","","","",""
"","ATHX 2027 — Women's Pro Division","Twelve-week preparation plan for ATHX 2027 — Women's edition, Pro division loads. Starts Monday 2 November 2026 and runs to competition weekend, ATHX London on 23-24 January 2027. Four phases: Base (weeks 1-4), Development (5-8), Specific (9-11), then Taper and Competition (12). Six training days a week across 72 training days and 12 rest days, 24 of them doubled AM and PM. Trains all three competition zones — Strength, Endurance and MetCon X — and carries the plan's own fuelling, hydration, recovery, teaching and daily log prompts on each day.","hybrid","","30","Ski Development + Grip","strength","STRENGTH_TRAINING","Grip Block · Farmer Carry (heavy)","4 x 40 m","","","","","","","","","","","",""
"","ATHX 2027 — Women's Pro Division","Twelve-week preparation plan for ATHX 2027 — Women's edition, Pro division loads. Starts Monday 2 November 2026 and runs to competition weekend, ATHX London on 23-24 January 2027. Four phases: Base (weeks 1-4), Development (5-8), Specific (9-11), then Taper and Competition (12). Six training days a week across 72 training days and 12 rest days, 24 of them doubled AM and PM. Trains all three competition zones — Strength, Endurance and MetCon X — and carries the plan's own fuelling, hydration, recovery, teaching and daily log prompts on each day.","hybrid","","30","Ski Development + Grip","strength","STRENGTH_TRAINING","Grip Block · Dead Hang","3 x max hold","","","","","","","","","","","",""
"","ATHX 2027 — Women's Pro Division","Twelve-week preparation plan for ATHX 2027 — Women's edition, Pro division loads. Starts Monday 2 November 2026 and runs to competition weekend, ATHX London on 23-24 January 2027. Four phases: Base (weeks 1-4), Development (5-8), Specific (9-11), then Taper and Competition (12). Six training days a week across 72 training days and 12 rest days, 24 of them doubled AM and PM. Trains all three competition zones — Strength, Endurance and MetCon X — and carries the plan's own fuelling, hydration, recovery, teaching and daily log prompts on each day.","hybrid","","30","Ski Development + Grip","strength","STRENGTH_TRAINING","Grip Block · Sandbag Bear-Hug Hold (30 kg)","3 x 45 s","","","30","","","","","","","","",""
"","ATHX 2027 — Women's Pro Division","Twelve-week preparation plan for ATHX 2027 — Women's edition, Pro division loads. Starts Monday 2 November 2026 and runs to competition weekend, ATHX London on 23-24 January 2027. Four phases: Base (weeks 1-4), Development (5-8), Specific (9-11), then Taper and Competition (12). Six training days a week across 72 training days and 12 rest days, 24 of them doubled AM and PM. Trains all three competition zones — Strength, Endurance and MetCon X — and carries the plan's own fuelling, hydration, recovery, teaching and daily log prompts on each day.","hybrid","","30","Ski Development + Grip","cardio","CARDIO_TRAINING","Note · Why this session","This is the one day where the SkiErg is the main session rather than a warm-up. Given the Endurance Zone is scored on ski metres, it is worth protecting.","","","","","","","","","","","",""
"","ATHX 2027 — Women's Pro Division","Twelve-week preparation plan for ATHX 2027 — Women's edition, Pro division loads. Starts Monday 2 November 2026 and runs to competition weekend, ATHX London on 23-24 January 2027. Four phases: Base (weeks 1-4), Development (5-8), Specific (9-11), then Taper and Competition (12). Six training days a week across 72 training days and 12 rest days, 24 of them doubled AM and PM. Trains all three competition zones — Strength, Endurance and MetCon X — and carries the plan's own fuelling, hydration, recovery, teaching and daily log prompts on each day.","hybrid","","30","Ski Development + Grip","cardio","CARDIO_TRAINING","Note · Ski pace discipline","The zone scores total metres, so an even effort generally produces more than a fast opening followed by a fade. Set your target pace and hold it. Negative split by a second or two if anything.","","","","","","","","","","","",""
"","ATHX 2027 — Women's Pro Division","Twelve-week preparation plan for ATHX 2027 — Women's edition, Pro division loads. Starts Monday 2 November 2026 and runs to competition weekend, ATHX London on 23-24 January 2027. Four phases: Base (weeks 1-4), Development (5-8), Specific (9-11), then Taper and Competition (12). Six training days a week across 72 training days and 12 rest days, 24 of them doubled AM and PM. Trains all three competition zones — Strength, Endurance and MetCon X — and carries the plan's own fuelling, hydration, recovery, teaching and daily log prompts on each day.","hybrid","","30","Ski Development + Grip","cardio","CARDIO_TRAINING","Note · Fuel and hydration","Pre: 30-50 g carbohydrate, 60-90 min before.
Post: 30-40 g protein plus 0.5 g/kg carbohydrate.
Daily macros: Day: carbs 4-5 g/kg protein 1.8-2.2 g/kg
Hydration: Session: sweat rate x 1.0
Electrolytes: if total session exceeds 60 min.","","","","","","","","","","","",""
"","ATHX 2027 — Women's Pro Division","Twelve-week preparation plan for ATHX 2027 — Women's edition, Pro division loads. Starts Monday 2 November 2026 and runs to competition weekend, ATHX London on 23-24 January 2027. Four phases: Base (weeks 1-4), Development (5-8), Specific (9-11), then Taper and Competition (12). Six training days a week across 72 training days and 12 rest days, 24 of them doubled AM and PM. Trains all three competition zones — Strength, Endurance and MetCon X — and carries the plan's own fuelling, hydration, recovery, teaching and daily log prompts on each day.","hybrid","","30","Ski Development + Grip","cardio","CARDIO_TRAINING","Note · Recovery","High metabolic · low mechanical
Hard work, little muscle damage. Active recovery helps here: twenty to thirty minutes of easy walking tonight. Legs should be fresh tomorrow.","","","","","","","","","","","",""
"","ATHX 2027 — Women's Pro Division","Twelve-week preparation plan for ATHX 2027 — Women's edition, Pro division loads. Starts Monday 2 November 2026 and runs to competition weekend, ATHX London on 23-24 January 2027. Four phases: Base (weeks 1-4), Development (5-8), Specific (9-11), then Taper and Competition (12). Six training days a week across 72 training days and 12 rest days, 24 of them doubled AM and PM. Trains all three competition zones — Strength, Endurance and MetCon X — and carries the plan's own fuelling, hydration, recovery, teaching and daily log prompts on each day.","hybrid","","30","Ski Development + Grip","cardio","CARDIO_TRAINING","Note · Log today","- Metres for each ski interval
- Drop from first interval to last, target under 3%
- Grip: farmer carry load, dead hang time","","","","","","","","","","","",""
"","ATHX 2027 — Women's Pro Division","Twelve-week preparation plan for ATHX 2027 — Women's edition, Pro division loads. Starts Monday 2 November 2026 and runs to competition weekend, ATHX London on 23-24 January 2027. Four phases: Base (weeks 1-4), Development (5-8), Specific (9-11), then Taper and Competition (12). Six training days a week across 72 training days and 12 rest days, 24 of them doubled AM and PM. Trains all three competition zones — Strength, Endurance and MetCon X — and carries the plan's own fuelling, hydration, recovery, teaching and daily log prompts on each day.","hybrid","","30","Ski Development + Grip","cardio","CARDIO_TRAINING","Note · Day at a glance","Session: Ski Development + Grip
Type: Ski erg + Grip
Shape: Single
Relative load: Moderate","","","","","","","","","","","",""
"","ATHX 2027 — Women's Pro Division","Twelve-week preparation plan for ATHX 2027 — Women's edition, Pro division loads. Starts Monday 2 November 2026 and runs to competition weekend, ATHX London on 23-24 January 2027. Four phases: Base (weeks 1-4), Development (5-8), Specific (9-11), then Taper and Competition (12). Six training days a week across 72 training days and 12 rest days, 24 of them doubled AM and PM. Trains all three competition zones — Strength, Endurance and MetCon X — and carries the plan's own fuelling, hydration, recovery, teaching and daily log prompts on each day.","hybrid","","31","AM — Easy Aerobic","cardio","RUNNING","Easy Aerobic","45-55 min","","","","","","","","","","","",""
"","ATHX 2027 — Women's Pro Division","Twelve-week preparation plan for ATHX 2027 — Women's edition, Pro division loads. Starts Monday 2 November 2026 and runs to competition weekend, ATHX London on 23-24 January 2027. Four phases: Base (weeks 1-4), Development (5-8), Specific (9-11), then Taper and Competition (12). Six training days a week across 72 training days and 12 rest days, 24 of them doubled AM and PM. Trains all three competition zones — Strength, Endurance and MetCon X — and carries the plan's own fuelling, hydration, recovery, teaching and daily log prompts on each day.","hybrid","","31","AM — Easy Aerobic","cardio","RUNNING","Note","Zone 2 run or bike. Conversational the whole way. This session is not where fitness is won; it is where the base is maintained without cost.","","","","","","","","","","","",""
"","ATHX 2027 — Women's Pro Division","Twelve-week preparation plan for ATHX 2027 — Women's edition, Pro division loads. Starts Monday 2 November 2026 and runs to competition weekend, ATHX London on 23-24 January 2027. Four phases: Base (weeks 1-4), Development (5-8), Specific (9-11), then Taper and Competition (12). Six training days a week across 72 training days and 12 rest days, 24 of them doubled AM and PM. Trains all three competition zones — Strength, Endurance and MetCon X — and carries the plan's own fuelling, hydration, recovery, teaching and daily log prompts on each day.","hybrid","","31","AM — Easy Aerobic","cardio","RUNNING","Note · Why this session","The heaviest day of the week, structured so the two sessions do not work against each other. The repeat-triple protocol mirrors the competition deadlift: two one-minute windows, sixty seconds apart, averaged.","","","","","","","","","","","",""
"","ATHX 2027 — Women's Pro Division","Twelve-week preparation plan for ATHX 2027 — Women's edition, Pro division loads. Starts Monday 2 November 2026 and runs to competition weekend, ATHX London on 23-24 January 2027. Four phases: Base (weeks 1-4), Development (5-8), Specific (9-11), then Taper and Competition (12). Six training days a week across 72 training days and 12 rest days, 24 of them doubled AM and PM. Trains all three competition zones — Strength, Endurance and MetCon X — and carries the plan's own fuelling, hydration, recovery, teaching and daily log prompts on each day.","hybrid","","31","AM — Easy Aerobic","cardio","RUNNING","Note · The number — 187 m","What fifteen seconds per kilometre is worth. Run the 3 km buy-in that much faster and you gain forty-five seconds of ski time, which is roughly 187 metres of score. This is why the Endurance Zone is one twenty-four minute effort, not two events.","","","","","","","","","","","",""
"","ATHX 2027 — Women's Pro Division","Twelve-week preparation plan for ATHX 2027 — Women's edition, Pro division loads. Starts Monday 2 November 2026 and runs to competition weekend, ATHX London on 23-24 January 2027. Four phases: Base (weeks 1-4), Development (5-8), Specific (9-11), then Taper and Competition (12). Six training days a week across 72 training days and 12 rest days, 24 of them doubled AM and PM. Trains all three competition zones — Strength, Endurance and MetCon X — and carries the plan's own fuelling, hydration, recovery, teaching and daily log prompts on each day.","hybrid","","31","PM — Lower Heavy","strength","STRENGTH_TRAINING","Note · Lower Heavy","Min 6 h after AM.","","","","","","","","","","","",""
"","ATHX 2027 — Women's Pro Division","Twelve-week preparation plan for ATHX 2027 — Women's edition, Pro division loads. Starts Monday 2 November 2026 and runs to competition weekend, ATHX London on 23-24 January 2027. Four phases: Base (weeks 1-4), Development (5-8), Specific (9-11), then Taper and Competition (12). Six training days a week across 72 training days and 12 rest days, 24 of them doubled AM and PM. Trains all three competition zones — Strength, Endurance and MetCon X — and carries the plan's own fuelling, hydration, recovery, teaching and daily log prompts on each day.","hybrid","","31","PM — Lower Heavy","strength","STRENGTH_TRAINING","A Back Squat","5 x 2 · 2 RIR","","","","","5","2","","","","","",""
"","ATHX 2027 — Women's Pro Division","Twelve-week preparation plan for ATHX 2027 — Women's edition, Pro division loads. Starts Monday 2 November 2026 and runs to competition weekend, ATHX London on 23-24 January 2027. Four phases: Base (weeks 1-4), Development (5-8), Specific (9-11), then Taper and Competition (12). Six training days a week across 72 training days and 12 rest days, 24 of them doubled AM and PM. Trains all three competition zones — Strength, Endurance and MetCon X — and carries the plan's own fuelling, hydration, recovery, teaching and daily log prompts on each day.","hybrid","","31","PM — Lower Heavy","strength","STRENGTH_TRAINING","B Deadlift - repeat-triple","2 x [3, rest 60 s, 3] · 2-3 RIR","","","","60","","","","","","","",""
"","ATHX 2027 — Women's Pro Division","Twelve-week preparation plan for ATHX 2027 — Women's edition, Pro division loads. Starts Monday 2 November 2026 and runs to competition weekend, ATHX London on 23-24 January 2027. Four phases: Base (weeks 1-4), Development (5-8), Specific (9-11), then Taper and Competition (12). Six training days a week across 72 training days and 12 rest days, 24 of them doubled AM and PM. Trains all three competition zones — Strength, Endurance and MetCon X — and carries the plan's own fuelling, hydration, recovery, teaching and daily log prompts on each day.","hybrid","","31","PM — Lower Heavy","strength","STRENGTH_TRAINING","C Bulgarian Split Squat","3 x 8 each leg · 3 RIR","","","","","","","","","","","",""
"","ATHX 2027 — Women's Pro Division","Twelve-week preparation plan for ATHX 2027 — Women's edition, Pro division loads. Starts Monday 2 November 2026 and runs to competition weekend, ATHX London on 23-24 January 2027. Four phases: Base (weeks 1-4), Development (5-8), Specific (9-11), then Taper and Competition (12). Six training days a week across 72 training days and 12 rest days, 24 of them doubled AM and PM. Trains all three competition zones — Strength, Endurance and MetCon X — and carries the plan's own fuelling, hydration, recovery, teaching and daily log prompts on each day.","hybrid","","31","PM — Lower Heavy","strength","STRENGTH_TRAINING","D Copenhagen Plank","3 x 30 s each side","","","","","","","","","","","",""
"","ATHX 2027 — Women's Pro Division","Twelve-week preparation plan for ATHX 2027 — Women's edition, Pro division loads. Starts Monday 2 November 2026 and runs to competition weekend, ATHX London on 23-24 January 2027. Four phases: Base (weeks 1-4), Development (5-8), Specific (9-11), then Taper and Competition (12). Six training days a week across 72 training days and 12 rest days, 24 of them doubled AM and PM. Trains all three competition zones — Strength, Endurance and MetCon X — and carries the plan's own fuelling, hydration, recovery, teaching and daily log prompts on each day.","hybrid","","31","PM — Lower Heavy","strength","STRENGTH_TRAINING","Note","The repeat-triple: work to a triple with two or three reps in the bank. Rest exactly sixty seconds. Repeat the same weight. That is one round. Three minutes between rounds.","","","","","","","","","","","",""
"","ATHX 2027 — Women's Pro Division","Twelve-week preparation plan for ATHX 2027 — Women's edition, Pro division loads. Starts Monday 2 November 2026 and runs to competition weekend, ATHX London on 23-24 January 2027. Four phases: Base (weeks 1-4), Development (5-8), Specific (9-11), then Taper and Competition (12). Six training days a week across 72 training days and 12 rest days, 24 of them doubled AM and PM. Trains all three competition zones — Strength, Endurance and MetCon X — and carries the plan's own fuelling, hydration, recovery, teaching and daily log prompts on each day.","hybrid","","31","PM — Lower Heavy","strength","STRENGTH_TRAINING","Note · Fuel and hydration","Pre-AM: 20-30 g carbohydrate, or fasted if you tolerate it.
Between: Inside 60 min: 1.0-1.5 g/kg carbs plus 30-40 g protein.
Post-PM: 40 g protein plus 1.0 g/kg carbs within two hours.
Daily macros: Day: carbs 5-6 g/kg protein 2.0-2.2 g/kg
Hydration: AM: sweat rate x 0.8 · PM: sweat rate x 1.0
Electrolytes: PM session. Dehydration cuts force and spinal stability.","","","","","","","","","","","",""
"","ATHX 2027 — Women's Pro Division","Twelve-week preparation plan for ATHX 2027 — Women's edition, Pro division loads. Starts Monday 2 November 2026 and runs to competition weekend, ATHX London on 23-24 January 2027. Four phases: Base (weeks 1-4), Development (5-8), Specific (9-11), then Taper and Competition (12). Six training days a week across 72 training days and 12 rest days, 24 of them doubled AM and PM. Trains all three competition zones — Strength, Endurance and MetCon X — and carries the plan's own fuelling, hydration, recovery, teaching and daily log prompts on each day.","hybrid","","31","PM — Lower Heavy","strength","STRENGTH_TRAINING","Note · Recovery","Highest central load of the week
Complete rest tonight. After high central load, light cardio does not speed neural recovery; sleep, downregulation and food do. Tomorrow is rest for the same reason.","","","","","","","","","","","",""
"","ATHX 2027 — Women's Pro Division","Twelve-week preparation plan for ATHX 2027 — Women's edition, Pro division loads. Starts Monday 2 November 2026 and runs to competition weekend, ATHX London on 23-24 January 2027. Four phases: Base (weeks 1-4), Development (5-8), Specific (9-11), then Taper and Competition (12). Six training days a week across 72 training days and 12 rest days, 24 of them doubled AM and PM. Trains all three competition zones — Strength, Endurance and MetCon X — and carries the plan's own fuelling, hydration, recovery, teaching and daily log prompts on each day.","hybrid","","31","PM — Lower Heavy","strength","STRENGTH_TRAINING","Note · Log today","- Back squat top set and RIR
- Deadlift - triple 1 / triple 2, each round
- The gap between the two triples","","","","","","","","","","","",""
"","ATHX 2027 — Women's Pro Division","Twelve-week preparation plan for ATHX 2027 — Women's edition, Pro division loads. Starts Monday 2 November 2026 and runs to competition weekend, ATHX London on 23-24 January 2027. Four phases: Base (weeks 1-4), Development (5-8), Specific (9-11), then Taper and Competition (12). Six training days a week across 72 training days and 12 rest days, 24 of them doubled AM and PM. Trains all three competition zones — Strength, Endurance and MetCon X — and carries the plan's own fuelling, hydration, recovery, teaching and daily log prompts on each day.","hybrid","","31","PM — Lower Heavy","strength","STRENGTH_TRAINING","Note · Day at a glance","Session: Easy Aerobic + Lower Heavy
Type: Aerobic + Lower strength
Shape: Double — the AM and PM sessions need six hours between them
Relative load: Highest","","","","","","","","","","","",""
"","ATHX 2027 — Women's Pro Division","Twelve-week preparation plan for ATHX 2027 — Women's edition, Pro division loads. Starts Monday 2 November 2026 and runs to competition weekend, ATHX London on 23-24 January 2027. Four phases: Base (weeks 1-4), Development (5-8), Specific (9-11), then Taper and Competition (12). Six training days a week across 72 training days and 12 rest days, 24 of them doubled AM and PM. Trains all three competition zones — Strength, Endurance and MetCon X — and carries the plan's own fuelling, hydration, recovery, teaching and daily log prompts on each day.","hybrid","","32","Complete Rest","cardio","GENERIC","Note","Optional, ten to fifteen minutes: thoracic rotation, hip flexor lengthening, ankle dorsiflexion. Nothing that raises the heart rate. If it starts to feel like a session, stop.

Feeling good on a rest day is a sign the rest day is doing its job rather than a reason to add a session.

More progress tends to be lost to training through fatigue than to taking a day off.","","","","","","","","","","","",""
"","ATHX 2027 — Women's Pro Division","Twelve-week preparation plan for ATHX 2027 — Women's edition, Pro division loads. Starts Monday 2 November 2026 and runs to competition weekend, ATHX London on 23-24 January 2027. Four phases: Base (weeks 1-4), Development (5-8), Specific (9-11), then Taper and Competition (12). Six training days a week across 72 training days and 12 rest days, 24 of them doubled AM and PM. Trains all three competition zones — Strength, Endurance and MetCon X — and carries the plan's own fuelling, hydration, recovery, teaching and daily log prompts on each day.","hybrid","","32","Complete Rest","cardio","GENERIC","Note · Why this session","Yesterday carried the heaviest central nervous system load of the week, and the weekend holds the most specific sessions. This day is part of the programme rather than a gap in it, and it is what allows Friday and Saturday to be productive.","","","","","","","","","","","",""
"","ATHX 2027 — Women's Pro Division","Twelve-week preparation plan for ATHX 2027 — Women's edition, Pro division loads. Starts Monday 2 November 2026 and runs to competition weekend, ATHX London on 23-24 January 2027. Four phases: Base (weeks 1-4), Development (5-8), Specific (9-11), then Taper and Competition (12). Six training days a week across 72 training days and 12 rest days, 24 of them doubled AM and PM. Trains all three competition zones — Strength, Endurance and MetCon X — and carries the plan's own fuelling, hydration, recovery, teaching and daily log prompts on each day.","hybrid","","32","Complete Rest","cardio","GENERIC","Note · Score impact","Missing both deadlift windows affects more than the component itself. The Strength total falls, and with it the Strength placing, potentially by a considerable margin. Because the best result available in each of the other zones is one point, there is limited scope to recover the difference.","","","","","","","","","","","",""
"","ATHX 2027 — Women's Pro Division","Twelve-week preparation plan for ATHX 2027 — Women's edition, Pro division loads. Starts Monday 2 November 2026 and runs to competition weekend, ATHX London on 23-24 January 2027. Four phases: Base (weeks 1-4), Development (5-8), Specific (9-11), then Taper and Competition (12). Six training days a week across 72 training days and 12 rest days, 24 of them doubled AM and PM. Trains all three competition zones — Strength, Endurance and MetCon X — and carries the plan's own fuelling, hydration, recovery, teaching and daily log prompts on each day.","hybrid","","32","Complete Rest","cardio","GENERIC","Note · Fuel and hydration","All day: Carbs come down because you are not training. Protein does not - rest days are when repair happens.
Intake: Eat at roughly maintenance. A build block is not the place for a deficit.
Daily macros: Day: carbs 3-4 g/kg protein 1.8-2.2 g/kg
Hydration: Session: none - baseline only, and still drink it
Electrolytes: not required today.","","","","","","","","","","","",""
"","ATHX 2027 — Women's Pro Division","Twelve-week preparation plan for ATHX 2027 — Women's edition, Pro division loads. Starts Monday 2 November 2026 and runs to competition weekend, ATHX London on 23-24 January 2027. Four phases: Base (weeks 1-4), Development (5-8), Specific (9-11), then Taper and Competition (12). Six training days a week across 72 training days and 12 rest days, 24 of them doubled AM and PM. Trains all three competition zones — Strength, Endurance and MetCon X — and carries the plan's own fuelling, hydration, recovery, teaching and daily log prompts on each day.","hybrid","","32","Complete Rest","cardio","GENERIC","Note · Recovery","Clearing central nervous system load
A working day for your nervous system even though it does not look like one. Sleep, downregulation and nutrition do the work. Get to bed thirty minutes earlier.","","","","","","","","","","","",""
"","ATHX 2027 — Women's Pro Division","Twelve-week preparation plan for ATHX 2027 — Women's edition, Pro division loads. Starts Monday 2 November 2026 and runs to competition weekend, ATHX London on 23-24 January 2027. Four phases: Base (weeks 1-4), Development (5-8), Specific (9-11), then Taper and Competition (12). Six training days a week across 72 training days and 12 rest days, 24 of them doubled AM and PM. Trains all three competition zones — Strength, Endurance and MetCon X — and carries the plan's own fuelling, hydration, recovery, teaching and daily log prompts on each day.","hybrid","","32","Complete Rest","cardio","GENERIC","Note · Log today","- Morning resting heart rate
- HRV if you track it
- If elevated two days running, reduce Friday volume by a third","","","","","","","","","","","",""
"","ATHX 2027 — Women's Pro Division","Twelve-week preparation plan for ATHX 2027 — Women's edition, Pro division loads. Starts Monday 2 November 2026 and runs to competition weekend, ATHX London on 23-24 January 2027. Four phases: Base (weeks 1-4), Development (5-8), Specific (9-11), then Taper and Competition (12). Six training days a week across 72 training days and 12 rest days, 24 of them doubled AM and PM. Trains all three competition zones — Strength, Endurance and MetCon X — and carries the plan's own fuelling, hydration, recovery, teaching and daily log prompts on each day.","hybrid","","32","Complete Rest","cardio","GENERIC","Note · Day at a glance","Session: Complete Rest
Type: Rest
Shape: Rest
Relative load: not rated","","","","","","","","","","","",""
"","ATHX 2027 — Women's Pro Division","Twelve-week preparation plan for ATHX 2027 — Women's edition, Pro division loads. Starts Monday 2 November 2026 and runs to competition weekend, ATHX London on 23-24 January 2027. Four phases: Base (weeks 1-4), Development (5-8), Specific (9-11), then Taper and Competition (12). Six training days a week across 72 training days and 12 rest days, 24 of them doubled AM and PM. Trains all three competition zones — Strength, Endurance and MetCon X — and carries the plan's own fuelling, hydration, recovery, teaching and daily log prompts on each day.","hybrid","","33","MetCon Specific","cardio","CARDIO_TRAINING","Note · Circuit","5 rounds. Rest 3 min between rounds.","","","","","","","","","","","",""
"","ATHX 2027 — Women's Pro Division","Twelve-week preparation plan for ATHX 2027 — Women's edition, Pro division loads. Starts Monday 2 November 2026 and runs to competition weekend, ATHX London on 23-24 January 2027. Four phases: Base (weeks 1-4), Development (5-8), Specific (9-11), then Taper and Competition (12). Six training days a week across 72 training days and 12 rest days, 24 of them doubled AM and PM. Trains all three competition zones — Strength, Endurance and MetCon X — and carries the plan's own fuelling, hydration, recovery, teaching and daily log prompts on each day.","hybrid","","33","MetCon Specific","cardio","CARDIO_TRAINING","Circuit · DB Bench Press","15 @ 15 kg","","","15","","","15","","","","","",""
"","ATHX 2027 — Women's Pro Division","Twelve-week preparation plan for ATHX 2027 — Women's edition, Pro division loads. Starts Monday 2 November 2026 and runs to competition weekend, ATHX London on 23-24 January 2027. Four phases: Base (weeks 1-4), Development (5-8), Specific (9-11), then Taper and Competition (12). Six training days a week across 72 training days and 12 rest days, 24 of them doubled AM and PM. Trains all three competition zones — Strength, Endurance and MetCon X — and carries the plan's own fuelling, hydration, recovery, teaching and daily log prompts on each day.","hybrid","","33","MetCon Specific","cardio","CARDIO_TRAINING","Circuit · DB Ground to Overhead","15 dual @ 15 kg","","","15","","","15","","","","","",""
"","ATHX 2027 — Women's Pro Division","Twelve-week preparation plan for ATHX 2027 — Women's edition, Pro division loads. Starts Monday 2 November 2026 and runs to competition weekend, ATHX London on 23-24 January 2027. Four phases: Base (weeks 1-4), Development (5-8), Specific (9-11), then Taper and Competition (12). Six training days a week across 72 training days and 12 rest days, 24 of them doubled AM and PM. Trains all three competition zones — Strength, Endurance and MetCon X — and carries the plan's own fuelling, hydration, recovery, teaching and daily log prompts on each day.","hybrid","","33","MetCon Specific","cardio","CARDIO_TRAINING","Circuit · Sandbag Squats","15 @ 50 kg","","","50","","","15","","","","","",""
"","ATHX 2027 — Women's Pro Division","Twelve-week preparation plan for ATHX 2027 — Women's edition, Pro division loads. Starts Monday 2 November 2026 and runs to competition weekend, ATHX London on 23-24 January 2027. Four phases: Base (weeks 1-4), Development (5-8), Specific (9-11), then Taper and Competition (12). Six training days a week across 72 training days and 12 rest days, 24 of them doubled AM and PM. Trains all three competition zones — Strength, Endurance and MetCon X — and carries the plan's own fuelling, hydration, recovery, teaching and daily log prompts on each day.","hybrid","","33","MetCon Specific","cardio","CARDIO_TRAINING","Circuit · Sandbag Carry (no rest)","30 m @ 50 kg","","","50","","","","","","","","",""
"","ATHX 2027 — Women's Pro Division","Twelve-week preparation plan for ATHX 2027 — Women's edition, Pro division loads. Starts Monday 2 November 2026 and runs to competition weekend, ATHX London on 23-24 January 2027. Four phases: Base (weeks 1-4), Development (5-8), Specific (9-11), then Taper and Competition (12). Six training days a week across 72 training days and 12 rest days, 24 of them doubled AM and PM. Trains all three competition zones — Strength, Endurance and MetCon X — and carries the plan's own fuelling, hydration, recovery, teaching and daily log prompts on each day.","hybrid","","33","MetCon Specific","cardio","CARDIO_TRAINING","Note · Circuit","One full exhale on each squat ascent, without holding your breath at the bottom. Some guidance suggests nasal breathing through this block, but it limits airflow below what thirty loaded squats require, so a steady rhythm works better.","","","","","","","","","","","",""
"","ATHX 2027 — Women's Pro Division","Twelve-week preparation plan for ATHX 2027 — Women's edition, Pro division loads. Starts Monday 2 November 2026 and runs to competition weekend, ATHX London on 23-24 January 2027. Four phases: Base (weeks 1-4), Development (5-8), Specific (9-11), then Taper and Competition (12). Six training days a week across 72 training days and 12 rest days, 24 of them doubled AM and PM. Trains all three competition zones — Strength, Endurance and MetCon X — and carries the plan's own fuelling, hydration, recovery, teaching and daily log prompts on each day.","hybrid","","33","MetCon Specific","cardio","CARDIO_TRAINING","Note · Finisher","300 m row, hard.","","","","","","","","","","","",""
"","ATHX 2027 — Women's Pro Division","Twelve-week preparation plan for ATHX 2027 — Women's edition, Pro division loads. Starts Monday 2 November 2026 and runs to competition weekend, ATHX London on 23-24 January 2027. Four phases: Base (weeks 1-4), Development (5-8), Specific (9-11), then Taper and Competition (12). Six training days a week across 72 training days and 12 rest days, 24 of them doubled AM and PM. Trains all three competition zones — Strength, Endurance and MetCon X — and carries the plan's own fuelling, hydration, recovery, teaching and daily log prompts on each day.","hybrid","","33","MetCon Specific","cardio","CARDIO_TRAINING","Note · Why this session","The middle of MetCon X is where most of the time is won or lost, and the sandbag squat into an immediate carry is the hardest part of it. The same grip and trunk work throughout, with no break between the two.","","","","","","","","","","","",""
"","ATHX 2027 — Women's Pro Division","Twelve-week preparation plan for ATHX 2027 — Women's edition, Pro division loads. Starts Monday 2 November 2026 and runs to competition weekend, ATHX London on 23-24 January 2027. Four phases: Base (weeks 1-4), Development (5-8), Specific (9-11), then Taper and Competition (12). Six training days a week across 72 training days and 12 rest days, 24 of them doubled AM and PM. Trains all three competition zones — Strength, Endurance and MetCon X — and carries the plan's own fuelling, hydration, recovery, teaching and daily log prompts on each day.","hybrid","","33","MetCon Specific","cardio","CARDIO_TRAINING","Note · No rep - Sandbag - dropping early","If the bag is dropped or thrown before both feet have clearly passed the line, you must pick it up, move it back and cross again. It is easy to set the bag down on the line rather than beyond it when fatigued, so carry through.","","","","","","","","","","","",""
"","ATHX 2027 — Women's Pro Division","Twelve-week preparation plan for ATHX 2027 — Women's edition, Pro division loads. Starts Monday 2 November 2026 and runs to competition weekend, ATHX London on 23-24 January 2027. Four phases: Base (weeks 1-4), Development (5-8), Specific (9-11), then Taper and Competition (12). Six training days a week across 72 training days and 12 rest days, 24 of them doubled AM and PM. Trains all three competition zones — Strength, Endurance and MetCon X — and carries the plan's own fuelling, hydration, recovery, teaching and daily log prompts on each day.","hybrid","","33","MetCon Specific","cardio","CARDIO_TRAINING","Note · Fuel and hydration","Pre: 40-50 g carbohydrate, 90 min before.
Intra: Electrolyte drink between rounds, not during them.
Post: 40 g protein plus 1.0 g/kg carbs within two hours.
Daily macros: Day: carbs 5-6 g/kg protein 1.8-2.2 g/kg
Hydration: Session: sweat rate x 1.2
Electrolytes: required. Highest sweat rate of your week.","","","","","","","","","","","",""
"","ATHX 2027 — Women's Pro Division","Twelve-week preparation plan for ATHX 2027 — Women's edition, Pro division loads. Starts Monday 2 November 2026 and runs to competition weekend, ATHX London on 23-24 January 2027. Four phases: Base (weeks 1-4), Development (5-8), Specific (9-11), then Taper and Competition (12). Six training days a week across 72 training days and 12 rest days, 24 of them doubled AM and PM. Trains all three competition zones — Strength, Endurance and MetCon X — and carries the plan's own fuelling, hydration, recovery, teaching and daily log prompts on each day.","hybrid","","33","MetCon Specific","cardio","CARDIO_TRAINING","Note · Recovery","High metabolic · moderate mechanical
Loaded squatting and grip, no heavy eccentrics. Twenty minutes of easy walking or light cycling tonight. Not running - tomorrow needs your legs.","","","","","","","","","","","",""
"","ATHX 2027 — Women's Pro Division","Twelve-week preparation plan for ATHX 2027 — Women's edition, Pro division loads. Starts Monday 2 November 2026 and runs to competition weekend, ATHX London on 23-24 January 2027. Four phases: Base (weeks 1-4), Development (5-8), Specific (9-11), then Taper and Competition (12). Six training days a week across 72 training days and 12 rest days, 24 of them doubled AM and PM. Trains all three competition zones — Strength, Endurance and MetCon X — and carries the plan's own fuelling, hydration, recovery, teaching and daily log prompts on each day.","hybrid","","33","MetCon Specific","cardio","CARDIO_TRAINING","Note · Log today","- Time for each round
- Drop from round one to the final round, target within 10%
- Where the sandbag block broke down","","","","","","","","","","","",""
"","ATHX 2027 — Women's Pro Division","Twelve-week preparation plan for ATHX 2027 — Women's edition, Pro division loads. Starts Monday 2 November 2026 and runs to competition weekend, ATHX London on 23-24 January 2027. Four phases: Base (weeks 1-4), Development (5-8), Specific (9-11), then Taper and Competition (12). Six training days a week across 72 training days and 12 rest days, 24 of them doubled AM and PM. Trains all three competition zones — Strength, Endurance and MetCon X — and carries the plan's own fuelling, hydration, recovery, teaching and daily log prompts on each day.","hybrid","","33","MetCon Specific","cardio","CARDIO_TRAINING","Note · Day at a glance","Session: MetCon Specific
Type: MetCon circuit
Shape: Single
Relative load: High","","","","","","","","","","","",""
"","ATHX 2027 — Women's Pro Division","Twelve-week preparation plan for ATHX 2027 — Women's edition, Pro division loads. Starts Monday 2 November 2026 and runs to competition weekend, ATHX London on 23-24 January 2027. Four phases: Base (weeks 1-4), Development (5-8), Specific (9-11), then Taper and Competition (12). Six training days a week across 72 training days and 12 rest days, 24 of them doubled AM and PM. Trains all three competition zones — Strength, Endurance and MetCon X — and carries the plan's own fuelling, hydration, recovery, teaching and daily log prompts on each day.","hybrid","","34","Run-to-Ski Transition","cardio","CARDIO_TRAINING","Note · Main","5 rounds. Rest 3 min between rounds.","","","","","","","","","","","",""
"","ATHX 2027 — Women's Pro Division","Twelve-week preparation plan for ATHX 2027 — Women's edition, Pro division loads. Starts Monday 2 November 2026 and runs to competition weekend, ATHX London on 23-24 January 2027. Four phases: Base (weeks 1-4), Development (5-8), Specific (9-11), then Taper and Competition (12). Six training days a week across 72 training days and 12 rest days, 24 of them doubled AM and PM. Trains all three competition zones — Strength, Endurance and MetCon X — and carries the plan's own fuelling, hydration, recovery, teaching and daily log prompts on each day.","hybrid","","34","Run-to-Ski Transition","cardio","CARDIO_TRAINING","Run","800 m at 3 km race effort","","","","","","","","","","","",""
"","ATHX 2027 — Women's Pro Division","Twelve-week preparation plan for ATHX 2027 — Women's edition, Pro division loads. Starts Monday 2 November 2026 and runs to competition weekend, ATHX London on 23-24 January 2027. Four phases: Base (weeks 1-4), Development (5-8), Specific (9-11), then Taper and Competition (12). Six training days a week across 72 training days and 12 rest days, 24 of them doubled AM and PM. Trains all three competition zones — Strength, Endurance and MetCon X — and carries the plan's own fuelling, hydration, recovery, teaching and daily log prompts on each day.","hybrid","","34","Run-to-Ski Transition","cardio","CARDIO_TRAINING","Ski (immediate)","3 min at target competition pace","","","","","","","","","","","",""
"","ATHX 2027 — Women's Pro Division","Twelve-week preparation plan for ATHX 2027 — Women's edition, Pro division loads. Starts Monday 2 November 2026 and runs to competition weekend, ATHX London on 23-24 January 2027. Four phases: Base (weeks 1-4), Development (5-8), Specific (9-11), then Taper and Competition (12). Six training days a week across 72 training days and 12 rest days, 24 of them doubled AM and PM. Trains all three competition zones — Strength, Endurance and MetCon X — and carries the plan's own fuelling, hydration, recovery, teaching and daily log prompts on each day.","hybrid","","34","Run-to-Ski Transition","cardio","CARDIO_TRAINING","Note","Move from the run to the ski without pausing, as you would in competition.","","","","","","","","","","","",""
"","ATHX 2027 — Women's Pro Division","Twelve-week preparation plan for ATHX 2027 — Women's edition, Pro division loads. Starts Monday 2 November 2026 and runs to competition weekend, ATHX London on 23-24 January 2027. Four phases: Base (weeks 1-4), Development (5-8), Specific (9-11), then Taper and Competition (12). Six training days a week across 72 training days and 12 rest days, 24 of them doubled AM and PM. Trains all three competition zones — Strength, Endurance and MetCon X — and carries the plan's own fuelling, hydration, recovery, teaching and daily log prompts on each day.","hybrid","","34","Run-to-Ski Transition","cardio","CARDIO_TRAINING","Note · Why this session","The most specific session in the plan. The Endurance Zone gives you twenty-four minutes, the first part of which is spent running, and only the ski metres score. Arriving at the machine with a high heart rate and settling into rhythm quickly is a trainable skill, and it converts directly into placing.","","","","","","","","","","","",""
"","ATHX 2027 — Women's Pro Division","Twelve-week preparation plan for ATHX 2027 — Women's edition, Pro division loads. Starts Monday 2 November 2026 and runs to competition weekend, ATHX London on 23-24 January 2027. Four phases: Base (weeks 1-4), Development (5-8), Specific (9-11), then Taper and Competition (12). Six training days a week across 72 training days and 12 rest days, 24 of them doubled AM and PM. Trains all three competition zones — Strength, Endurance and MetCon X — and carries the plan's own fuelling, hydration, recovery, teaching and daily log prompts on each day.","hybrid","","34","Run-to-Ski Transition","cardio","CARDIO_TRAINING","Note · Kit - Chalk","Bring your own. It is permitted and it is not provided. With straps not permitted, chalk is the only grip aid available on the deadlift and the sandbag.","","","","","","","","","","","",""
"","ATHX 2027 — Women's Pro Division","Twelve-week preparation plan for ATHX 2027 — Women's edition, Pro division loads. Starts Monday 2 November 2026 and runs to competition weekend, ATHX London on 23-24 January 2027. Four phases: Base (weeks 1-4), Development (5-8), Specific (9-11), then Taper and Competition (12). Six training days a week across 72 training days and 12 rest days, 24 of them doubled AM and PM. Trains all three competition zones — Strength, Endurance and MetCon X — and carries the plan's own fuelling, hydration, recovery, teaching and daily log prompts on each day.","hybrid","","34","Run-to-Ski Transition","cardio","CARDIO_TRAINING","Note · Fuel and hydration","Pre: 40-50 g carbohydrate, 90 min before. Under-fuel this and the data is meaningless.
Post: 30-40 g protein plus 1.0 g/kg carbohydrate.
Daily macros: Day: carbs 5-6 g/kg protein 1.8-2.2 g/kg
Hydration: Session: sweat rate x 1.1
Electrolytes: yes. Sip between rounds.","","","","","","","","","","","",""
"","ATHX 2027 — Women's Pro Division","Twelve-week preparation plan for ATHX 2027 — Women's edition, Pro division loads. Starts Monday 2 November 2026 and runs to competition weekend, ATHX London on 23-24 January 2027. Four phases: Base (weeks 1-4), Development (5-8), Specific (9-11), then Taper and Competition (12). Six training days a week across 72 training days and 12 rest days, 24 of them doubled AM and PM. Trains all three competition zones — Strength, Endurance and MetCon X — and carries the plan's own fuelling, hydration, recovery, teaching and daily log prompts on each day.","hybrid","","34","Run-to-Ski Transition","cardio","CARDIO_TRAINING","Note · Recovery","High metabolic · moderate mechanical
Tomorrow's easy aerobic is your recovery, which is why it sits there. Sleep is tonight's priority. Legs beaten up in the morning? Take Sunday as a walk.","","","","","","","","","","","",""
"","ATHX 2027 — Women's Pro Division","Twelve-week preparation plan for ATHX 2027 — Women's edition, Pro division loads. Starts Monday 2 November 2026 and runs to competition weekend, ATHX London on 23-24 January 2027. Four phases: Base (weeks 1-4), Development (5-8), Specific (9-11), then Taper and Competition (12). Six training days a week across 72 training days and 12 rest days, 24 of them doubled AM and PM. Trains all three competition zones — Strength, Endurance and MetCon X — and carries the plan's own fuelling, hydration, recovery, teaching and daily log prompts on each day.","hybrid","","34","Run-to-Ski Transition","cardio","CARDIO_TRAINING","Note · Log today","- Ski metres per round, or 500 m splits if rehearsing the full zone
- Final round as a percentage of the first, target within 5%
- How the first thirty seconds of each ski felt","","","","","","","","","","","",""
"","ATHX 2027 — Women's Pro Division","Twelve-week preparation plan for ATHX 2027 — Women's edition, Pro division loads. Starts Monday 2 November 2026 and runs to competition weekend, ATHX London on 23-24 January 2027. Four phases: Base (weeks 1-4), Development (5-8), Specific (9-11), then Taper and Competition (12). Six training days a week across 72 training days and 12 rest days, 24 of them doubled AM and PM. Trains all three competition zones — Strength, Endurance and MetCon X — and carries the plan's own fuelling, hydration, recovery, teaching and daily log prompts on each day.","hybrid","","34","Run-to-Ski Transition","cardio","CARDIO_TRAINING","Note · Day at a glance","Session: Run-to-Ski Transition
Type: Run to ski transition
Shape: Single
Relative load: High","","","","","","","","","","","",""
"","ATHX 2027 — Women's Pro Division","Twelve-week preparation plan for ATHX 2027 — Women's edition, Pro division loads. Starts Monday 2 November 2026 and runs to competition weekend, ATHX London on 23-24 January 2027. Four phases: Base (weeks 1-4), Development (5-8), Specific (9-11), then Taper and Competition (12). Six training days a week across 72 training days and 12 rest days, 24 of them doubled AM and PM. Trains all three competition zones — Strength, Endurance and MetCon X — and carries the plan's own fuelling, hydration, recovery, teaching and daily log prompts on each day.","hybrid","","35","Easy Aerobic","cardio","RUNNING","Easy Aerobic","60-75 min — Zone 2 run / bike","","","","","","","","","","","",""
"","ATHX 2027 — Women's Pro Division","Twelve-week preparation plan for ATHX 2027 — Women's edition, Pro division loads. Starts Monday 2 November 2026 and runs to competition weekend, ATHX London on 23-24 January 2027. Four phases: Base (weeks 1-4), Development (5-8), Specific (9-11), then Taper and Competition (12). Six training days a week across 72 training days and 12 rest days, 24 of them doubled AM and PM. Trains all three competition zones — Strength, Endurance and MetCon X — and carries the plan's own fuelling, hydration, recovery, teaching and daily log prompts on each day.","hybrid","","35","Easy Aerobic","cardio","RUNNING","Note","Conversational the entire time. Running this session too quickly is the easiest way to compromise the following week.","","","","","","","","","","","",""
"","ATHX 2027 — Women's Pro Division","Twelve-week preparation plan for ATHX 2027 — Women's edition, Pro division loads. Starts Monday 2 November 2026 and runs to competition weekend, ATHX London on 23-24 January 2027. Four phases: Base (weeks 1-4), Development (5-8), Specific (9-11), then Taper and Competition (12). Six training days a week across 72 training days and 12 rest days, 24 of them doubled AM and PM. Trains all three competition zones — Strength, Endurance and MetCon X — and carries the plan's own fuelling, hydration, recovery, teaching and daily log prompts on each day.","hybrid","","35","Easy Aerobic","cardio","RUNNING","Note · Why this session","This day does two things: it maintains the aerobic base the rest of the plan is built on, and it helps clear yesterday's session by promoting blood flow without adding stress.","","","","","","","","","","","",""
"","ATHX 2027 — Women's Pro Division","Twelve-week preparation plan for ATHX 2027 — Women's edition, Pro division loads. Starts Monday 2 November 2026 and runs to competition weekend, ATHX London on 23-24 January 2027. Four phases: Base (weeks 1-4), Development (5-8), Specific (9-11), then Taper and Competition (12). Six training days a week across 72 training days and 12 rest days, 24 of them doubled AM and PM. Trains all three competition zones — Strength, Endurance and MetCon X — and carries the plan's own fuelling, hydration, recovery, teaching and daily log prompts on each day.","hybrid","","35","Easy Aerobic","cardio","RUNNING","Note · From the floor - Between zones","The three zones sit inside a two and a half hour window, so what you eat and drink between them has more effect than the morning meal. Rehearsing it during the Specific phase means nothing on the day is being tried for the first time.","","","","","","","","","","","",""
"","ATHX 2027 — Women's Pro Division","Twelve-week preparation plan for ATHX 2027 — Women's edition, Pro division loads. Starts Monday 2 November 2026 and runs to competition weekend, ATHX London on 23-24 January 2027. Four phases: Base (weeks 1-4), Development (5-8), Specific (9-11), then Taper and Competition (12). Six training days a week across 72 training days and 12 rest days, 24 of them doubled AM and PM. Trains all three competition zones — Strength, Endurance and MetCon X — and carries the plan's own fuelling, hydration, recovery, teaching and daily log prompts on each day.","hybrid","","35","Easy Aerobic","cardio","RUNNING","Note · Fuel and hydration","Pre: Optional. Small carbohydrate serving if you prefer not to train empty.
Post: Normal meal within a couple of hours.
Daily macros: Day: carbs 4-5 g/kg protein 1.8-2.2 g/kg
Hydration: Session: sweat rate x 0.8
Electrolytes: only if over 60 min or hot.","","","","","","","","","","","",""
"","ATHX 2027 — Women's Pro Division","Twelve-week preparation plan for ATHX 2027 — Women's edition, Pro division loads. Starts Monday 2 November 2026 and runs to competition weekend, ATHX London on 23-24 January 2027. Four phases: Base (weeks 1-4), Development (5-8), Specific (9-11), then Taper and Competition (12). Six training days a week across 72 training days and 12 rest days, 24 of them doubled AM and PM. Trains all three competition zones — Strength, Endurance and MetCon X — and carries the plan's own fuelling, hydration, recovery, teaching and daily log prompts on each day.","hybrid","","35","Easy Aerobic","cardio","RUNNING","Note · Recovery","Minimal · this session is the recovery
Low mechanical load, sustained blood flow, negligible metabolic cost. After it, take the rest of the day genuinely off.","","","","","","","","","","","",""
"","ATHX 2027 — Women's Pro Division","Twelve-week preparation plan for ATHX 2027 — Women's edition, Pro division loads. Starts Monday 2 November 2026 and runs to competition weekend, ATHX London on 23-24 January 2027. Four phases: Base (weeks 1-4), Development (5-8), Specific (9-11), then Taper and Competition (12). Six training days a week across 72 training days and 12 rest days, 24 of them doubled AM and PM. Trains all three competition zones — Strength, Endurance and MetCon X — and carries the plan's own fuelling, hydration, recovery, teaching and daily log prompts on each day.","hybrid","","35","Easy Aerobic","cardio","RUNNING","Note · Log today","- Average heart rate
- Compare to the same session in Week 1
- How the week felt overall","","","","","","","","","","","",""
"","ATHX 2027 — Women's Pro Division","Twelve-week preparation plan for ATHX 2027 — Women's edition, Pro division loads. Starts Monday 2 November 2026 and runs to competition weekend, ATHX London on 23-24 January 2027. Four phases: Base (weeks 1-4), Development (5-8), Specific (9-11), then Taper and Competition (12). Six training days a week across 72 training days and 12 rest days, 24 of them doubled AM and PM. Trains all three competition zones — Strength, Endurance and MetCon X — and carries the plan's own fuelling, hydration, recovery, teaching and daily log prompts on each day.","hybrid","","35","Easy Aerobic","cardio","RUNNING","Note · Day at a glance","Session: Easy Aerobic
Type: Easy aerobic
Shape: Single
Relative load: Low","","","","","","","","","","","",""
"","ATHX 2027 — Women's Pro Division","Twelve-week preparation plan for ATHX 2027 — Women's edition, Pro division loads. Starts Monday 2 November 2026 and runs to competition weekend, ATHX London on 23-24 January 2027. Four phases: Base (weeks 1-4), Development (5-8), Specific (9-11), then Taper and Competition (12). Six training days a week across 72 training days and 12 rest days, 24 of them doubled AM and PM. Trains all three competition zones — Strength, Endurance and MetCon X — and carries the plan's own fuelling, hydration, recovery, teaching and daily log prompts on each day.","hybrid","","36","AM — Threshold Run","cardio","RUNNING","Threshold Run","5 x 6 min","","","","","","","","","","","",""
"","ATHX 2027 — Women's Pro Division","Twelve-week preparation plan for ATHX 2027 — Women's edition, Pro division loads. Starts Monday 2 November 2026 and runs to competition weekend, ATHX London on 23-24 January 2027. Four phases: Base (weeks 1-4), Development (5-8), Specific (9-11), then Taper and Competition (12). Six training days a week across 72 training days and 12 rest days, 24 of them doubled AM and PM. Trains all three competition zones — Strength, Endurance and MetCon X — and carries the plan's own fuelling, hydration, recovery, teaching and daily log prompts on each day.","hybrid","","36","AM — Threshold Run","cardio","RUNNING","Note","Warm-up 10 min + 4 strides. Main set at 10 km race effort, 90 s jog. Cool-down 8 min easy. You should be able to speak a short sentence, not a long one. Comfortable talking means go faster. No talking at all means ease off - this is not an interval session.","","","","","","","","","","","",""
"","ATHX 2027 — Women's Pro Division","Twelve-week preparation plan for ATHX 2027 — Women's edition, Pro division loads. Starts Monday 2 November 2026 and runs to competition weekend, ATHX London on 23-24 January 2027. Four phases: Base (weeks 1-4), Development (5-8), Specific (9-11), then Taper and Competition (12). Six training days a week across 72 training days and 12 rest days, 24 of them doubled AM and PM. Trains all three competition zones — Strength, Endurance and MetCon X — and carries the plan's own fuelling, hydration, recovery, teaching and daily log prompts on each day.","hybrid","","36","AM — Threshold Run","cardio","RUNNING","Note · Week 6 of 12 — Development Phase","WEEK 2 OF 4, week commencing 2026-12-07.
What changes: Load climbs on all three fronts. The repeat-triple gap should already be shrinking. If it is widening, you are opening too heavy.
One priority: Ski interval consistency. The drop from the first interval to the last matters more than how fast the first one was.
If you miss a session: Tuesday and Saturday are the ones to protect, since ski work and the run-to-ski transition have no direct substitute. The rest can be dropped without much cost.
Looking ahead: Week 7 peaks the phase and brings your first full Endurance Zone rehearsal on Saturday.
Volume: run 2h30 · ski 35m · 2 lift sessions · 6h05 total","","","","","","","","","","","",""
"","ATHX 2027 — Women's Pro Division","Twelve-week preparation plan for ATHX 2027 — Women's edition, Pro division loads. Starts Monday 2 November 2026 and runs to competition weekend, ATHX London on 23-24 January 2027. Four phases: Base (weeks 1-4), Development (5-8), Specific (9-11), then Taper and Competition (12). Six training days a week across 72 training days and 12 rest days, 24 of them doubled AM and PM. Trains all three competition zones — Strength, Endurance and MetCon X — and carries the plan's own fuelling, hydration, recovery, teaching and daily log prompts on each day.","hybrid","","36","AM — Threshold Run","cardio","RUNNING","Note · Why this session","Threshold running raises your 3 km buy-in pace, which converts into ski time. Overhead strength is a third of the Strength score.","","","","","","","","","","","",""
"","ATHX 2027 — Women's Pro Division","Twelve-week preparation plan for ATHX 2027 — Women's edition, Pro division loads. Starts Monday 2 November 2026 and runs to competition weekend, ATHX London on 23-24 January 2027. Four phases: Base (weeks 1-4), Development (5-8), Specific (9-11), then Taper and Competition (12). Six training days a week across 72 training days and 12 rest days, 24 of them doubled AM and PM. Trains all three competition zones — Strength, Endurance and MetCon X — and carries the plan's own fuelling, hydration, recovery, teaching and daily log prompts on each day.","hybrid","","36","AM — Threshold Run","cardio","RUNNING","Note · The repeat-triple","Two near-maximal triples sixty seconds apart is trainable, and rarely addressed directly. Watch the drop from the first triple to the second rather than the weight on the first. Closing that gap improves the average.","","","","","","","","","","","",""
"","ATHX 2027 — Women's Pro Division","Twelve-week preparation plan for ATHX 2027 — Women's edition, Pro division loads. Starts Monday 2 November 2026 and runs to competition weekend, ATHX London on 23-24 January 2027. Four phases: Base (weeks 1-4), Development (5-8), Specific (9-11), then Taper and Competition (12). Six training days a week across 72 training days and 12 rest days, 24 of them doubled AM and PM. Trains all three competition zones — Strength, Endurance and MetCon X — and carries the plan's own fuelling, hydration, recovery, teaching and daily log prompts on each day.","hybrid","","36","PM — Upper Heavy","strength","STRENGTH_TRAINING","Note · Upper Heavy","Min 6 h after AM.","","","","","","","","","","","",""
"","ATHX 2027 — Women's Pro Division","Twelve-week preparation plan for ATHX 2027 — Women's edition, Pro division loads. Starts Monday 2 November 2026 and runs to competition weekend, ATHX London on 23-24 January 2027. Four phases: Base (weeks 1-4), Development (5-8), Specific (9-11), then Taper and Competition (12). Six training days a week across 72 training days and 12 rest days, 24 of them doubled AM and PM. Trains all three competition zones — Strength, Endurance and MetCon X — and carries the plan's own fuelling, hydration, recovery, teaching and daily log prompts on each day.","hybrid","","36","PM — Upper Heavy","strength","STRENGTH_TRAINING","A1 Push Press","5 x 3 · 1 RIR","","","","","5","3","","","","","",""
"","ATHX 2027 — Women's Pro Division","Twelve-week preparation plan for ATHX 2027 — Women's edition, Pro division loads. Starts Monday 2 November 2026 and runs to competition weekend, ATHX London on 23-24 January 2027. Four phases: Base (weeks 1-4), Development (5-8), Specific (9-11), then Taper and Competition (12). Six training days a week across 72 training days and 12 rest days, 24 of them doubled AM and PM. Trains all three competition zones — Strength, Endurance and MetCon X — and carries the plan's own fuelling, hydration, recovery, teaching and daily log prompts on each day.","hybrid","","36","PM — Upper Heavy","strength","STRENGTH_TRAINING","A2 Weighted Pull-Up or Heavy Row","5 x 5 · 2 RIR","","","","","5","5","","","","","",""
"","ATHX 2027 — Women's Pro Division","Twelve-week preparation plan for ATHX 2027 — Women's edition, Pro division loads. Starts Monday 2 November 2026 and runs to competition weekend, ATHX London on 23-24 January 2027. Four phases: Base (weeks 1-4), Development (5-8), Specific (9-11), then Taper and Competition (12). Six training days a week across 72 training days and 12 rest days, 24 of them doubled AM and PM. Trains all three competition zones — Strength, Endurance and MetCon X — and carries the plan's own fuelling, hydration, recovery, teaching and daily log prompts on each day.","hybrid","","36","PM — Upper Heavy","strength","STRENGTH_TRAINING","B1 DB Bench Press (12.5 kg)","4 x 15","","","12.5","","4","15","","","","","",""
"","ATHX 2027 — Women's Pro Division","Twelve-week preparation plan for ATHX 2027 — Women's edition, Pro division loads. Starts Monday 2 November 2026 and runs to competition weekend, ATHX London on 23-24 January 2027. Four phases: Base (weeks 1-4), Development (5-8), Specific (9-11), then Taper and Competition (12). Six training days a week across 72 training days and 12 rest days, 24 of them doubled AM and PM. Trains all three competition zones — Strength, Endurance and MetCon X — and carries the plan's own fuelling, hydration, recovery, teaching and daily log prompts on each day.","hybrid","","36","PM — Upper Heavy","strength","STRENGTH_TRAINING","B2 Barbell Bent-Over Row","4 x 10 · 3 RIR","","","","","4","10","","","","","",""
"","ATHX 2027 — Women's Pro Division","Twelve-week preparation plan for ATHX 2027 — Women's edition, Pro division loads. Starts Monday 2 November 2026 and runs to competition weekend, ATHX London on 23-24 January 2027. Four phases: Base (weeks 1-4), Development (5-8), Specific (9-11), then Taper and Competition (12). Six training days a week across 72 training days and 12 rest days, 24 of them doubled AM and PM. Trains all three competition zones — Strength, Endurance and MetCon X — and carries the plan's own fuelling, hydration, recovery, teaching and daily log prompts on each day.","hybrid","","36","PM — Upper Heavy","strength","STRENGTH_TRAINING","C Half-Kneeling Z Press","3 x 8 · 3 RIR","","","","","3","8","","","","","",""
"","ATHX 2027 — Women's Pro Division","Twelve-week preparation plan for ATHX 2027 — Women's edition, Pro division loads. Starts Monday 2 November 2026 and runs to competition weekend, ATHX London on 23-24 January 2027. Four phases: Base (weeks 1-4), Development (5-8), Specific (9-11), then Taper and Competition (12). Six training days a week across 72 training days and 12 rest days, 24 of them doubled AM and PM. Trains all three competition zones — Strength, Endurance and MetCon X — and carries the plan's own fuelling, hydration, recovery, teaching and daily log prompts on each day.","hybrid","","36","PM — Upper Heavy","strength","STRENGTH_TRAINING","Note · Fuel and hydration","Pre-AM: 30-40 g carbohydrate, 60-90 min before.
Between: Inside 60 min: 1.0-1.5 g/kg carbs plus 30-40 g protein. Non-negotiable on a double day.
Post-PM: 30-40 g protein plus 0.5-1.0 g/kg carbs within two hours.
Daily macros: Day: carbs 5-6 g/kg protein 1.8-2.2 g/kg
Hydration: AM: sweat rate x 0.7 · PM: sweat rate x 0.9
Electrolytes: AM run if over 60 min or warm.","","","","","","","","","","","",""
"","ATHX 2027 — Women's Pro Division","Twelve-week preparation plan for ATHX 2027 — Women's edition, Pro division loads. Starts Monday 2 November 2026 and runs to competition weekend, ATHX London on 23-24 January 2027. Four phases: Base (weeks 1-4), Development (5-8), Specific (9-11), then Taper and Competition (12). Six training days a week across 72 training days and 12 rest days, 24 of them doubled AM and PM. Trains all three competition zones — Strength, Endurance and MetCon X — and carries the plan's own fuelling, hydration, recovery, teaching and daily log prompts on each day.","hybrid","","36","PM — Upper Heavy","strength","STRENGTH_TRAINING","Note · Recovery","Moderate mechanical · moderate central
Sleep is the intervention. You have moved twice today, so more movement is not more recovery. Tomorrow is ski: trunk and lats, legs left alone.","","","","","","","","","","","",""
"","ATHX 2027 — Women's Pro Division","Twelve-week preparation plan for ATHX 2027 — Women's edition, Pro division loads. Starts Monday 2 November 2026 and runs to competition weekend, ATHX London on 23-24 January 2027. Four phases: Base (weeks 1-4), Development (5-8), Specific (9-11), then Taper and Competition (12). Six training days a week across 72 training days and 12 rest days, 24 of them doubled AM and PM. Trains all three competition zones — Strength, Endurance and MetCon X — and carries the plan's own fuelling, hydration, recovery, teaching and daily log prompts on each day.","hybrid","","36","PM — Upper Heavy","strength","STRENGTH_TRAINING","Note · Log today","- Fastest and slowest interval pace, and the gap between them
- Push press top set and RIR
- How the legs felt in the PM session","","","","","","","","","","","",""
"","ATHX 2027 — Women's Pro Division","Twelve-week preparation plan for ATHX 2027 — Women's edition, Pro division loads. Starts Monday 2 November 2026 and runs to competition weekend, ATHX London on 23-24 January 2027. Four phases: Base (weeks 1-4), Development (5-8), Specific (9-11), then Taper and Competition (12). Six training days a week across 72 training days and 12 rest days, 24 of them doubled AM and PM. Trains all three competition zones — Strength, Endurance and MetCon X — and carries the plan's own fuelling, hydration, recovery, teaching and daily log prompts on each day.","hybrid","","36","PM — Upper Heavy","strength","STRENGTH_TRAINING","Note · Day at a glance","Session: Threshold Run + Upper Heavy
Type: Run + Upper strength
Shape: Double — the AM and PM sessions need six hours between them
Relative load: High","","","","","","","","","","","",""
"","ATHX 2027 — Women's Pro Division","Twelve-week preparation plan for ATHX 2027 — Women's edition, Pro division loads. Starts Monday 2 November 2026 and runs to competition weekend, ATHX London on 23-24 January 2027. Four phases: Base (weeks 1-4), Development (5-8), Specific (9-11), then Taper and Competition (12). Six training days a week across 72 training days and 12 rest days, 24 of them doubled AM and PM. Trains all three competition zones — Strength, Endurance and MetCon X — and carries the plan's own fuelling, hydration, recovery, teaching and daily log prompts on each day.","hybrid","","37","Ski Development + Grip","cardio","CARDIO_TRAINING","Ski Intervals · Warm-up","5 min + 3 x 20 s brisk","","","","","","","","","","","",""
"","ATHX 2027 — Women's Pro Division","Twelve-week preparation plan for ATHX 2027 — Women's edition, Pro division loads. Starts Monday 2 November 2026 and runs to competition weekend, ATHX London on 23-24 January 2027. Four phases: Base (weeks 1-4), Development (5-8), Specific (9-11), then Taper and Competition (12). Six training days a week across 72 training days and 12 rest days, 24 of them doubled AM and PM. Trains all three competition zones — Strength, Endurance and MetCon X — and carries the plan's own fuelling, hydration, recovery, teaching and daily log prompts on each day.","hybrid","","37","Ski Development + Grip","cardio","CARDIO_TRAINING","Ski Intervals · Main","5 x 6 min at target competition pace, 90 s recovery between reps","","","","","","","","","","","",""
"","ATHX 2027 — Women's Pro Division","Twelve-week preparation plan for ATHX 2027 — Women's edition, Pro division loads. Starts Monday 2 November 2026 and runs to competition weekend, ATHX London on 23-24 January 2027. Four phases: Base (weeks 1-4), Development (5-8), Specific (9-11), then Taper and Competition (12). Six training days a week across 72 training days and 12 rest days, 24 of them doubled AM and PM. Trains all three competition zones — Strength, Endurance and MetCon X — and carries the plan's own fuelling, hydration, recovery, teaching and daily log prompts on each day.","hybrid","","37","Ski Development + Grip","cardio","CARDIO_TRAINING","Note · Ski Intervals","Target competition pace is roughly 2:20 per 500 m for a well-trained athlete. Use your own figure from the Week 1 benchmark.","","","","","","","","","","","",""
"","ATHX 2027 — Women's Pro Division","Twelve-week preparation plan for ATHX 2027 — Women's edition, Pro division loads. Starts Monday 2 November 2026 and runs to competition weekend, ATHX London on 23-24 January 2027. Four phases: Base (weeks 1-4), Development (5-8), Specific (9-11), then Taper and Competition (12). Six training days a week across 72 training days and 12 rest days, 24 of them doubled AM and PM. Trains all three competition zones — Strength, Endurance and MetCon X — and carries the plan's own fuelling, hydration, recovery, teaching and daily log prompts on each day.","hybrid","","37","Ski Development + Grip","strength","STRENGTH_TRAINING","Note · Grip Block","15 min.","","","","","","","","","","","",""
"","ATHX 2027 — Women's Pro Division","Twelve-week preparation plan for ATHX 2027 — Women's edition, Pro division loads. Starts Monday 2 November 2026 and runs to competition weekend, ATHX London on 23-24 January 2027. Four phases: Base (weeks 1-4), Development (5-8), Specific (9-11), then Taper and Competition (12). Six training days a week across 72 training days and 12 rest days, 24 of them doubled AM and PM. Trains all three competition zones — Strength, Endurance and MetCon X — and carries the plan's own fuelling, hydration, recovery, teaching and daily log prompts on each day.","hybrid","","37","Ski Development + Grip","strength","STRENGTH_TRAINING","Grip Block · Farmer Carry (heavy)","4 x 40 m","","","","","","","","","","","",""
"","ATHX 2027 — Women's Pro Division","Twelve-week preparation plan for ATHX 2027 — Women's edition, Pro division loads. Starts Monday 2 November 2026 and runs to competition weekend, ATHX London on 23-24 January 2027. Four phases: Base (weeks 1-4), Development (5-8), Specific (9-11), then Taper and Competition (12). Six training days a week across 72 training days and 12 rest days, 24 of them doubled AM and PM. Trains all three competition zones — Strength, Endurance and MetCon X — and carries the plan's own fuelling, hydration, recovery, teaching and daily log prompts on each day.","hybrid","","37","Ski Development + Grip","strength","STRENGTH_TRAINING","Grip Block · Dead Hang","3 x max hold","","","","","","","","","","","",""
"","ATHX 2027 — Women's Pro Division","Twelve-week preparation plan for ATHX 2027 — Women's edition, Pro division loads. Starts Monday 2 November 2026 and runs to competition weekend, ATHX London on 23-24 January 2027. Four phases: Base (weeks 1-4), Development (5-8), Specific (9-11), then Taper and Competition (12). Six training days a week across 72 training days and 12 rest days, 24 of them doubled AM and PM. Trains all three competition zones — Strength, Endurance and MetCon X — and carries the plan's own fuelling, hydration, recovery, teaching and daily log prompts on each day.","hybrid","","37","Ski Development + Grip","strength","STRENGTH_TRAINING","Grip Block · Sandbag Bear-Hug Hold (30 kg)","3 x 45 s","","","30","","","","","","","","",""
"","ATHX 2027 — Women's Pro Division","Twelve-week preparation plan for ATHX 2027 — Women's edition, Pro division loads. Starts Monday 2 November 2026 and runs to competition weekend, ATHX London on 23-24 January 2027. Four phases: Base (weeks 1-4), Development (5-8), Specific (9-11), then Taper and Competition (12). Six training days a week across 72 training days and 12 rest days, 24 of them doubled AM and PM. Trains all three competition zones — Strength, Endurance and MetCon X — and carries the plan's own fuelling, hydration, recovery, teaching and daily log prompts on each day.","hybrid","","37","Ski Development + Grip","cardio","CARDIO_TRAINING","Note · Why this session","This is the one day where the SkiErg is the main session rather than a warm-up. Given the Endurance Zone is scored on ski metres, it is worth protecting.","","","","","","","","","","","",""
"","ATHX 2027 — Women's Pro Division","Twelve-week preparation plan for ATHX 2027 — Women's edition, Pro division loads. Starts Monday 2 November 2026 and runs to competition weekend, ATHX London on 23-24 January 2027. Four phases: Base (weeks 1-4), Development (5-8), Specific (9-11), then Taper and Competition (12). Six training days a week across 72 training days and 12 rest days, 24 of them doubled AM and PM. Trains all three competition zones — Strength, Endurance and MetCon X — and carries the plan's own fuelling, hydration, recovery, teaching and daily log prompts on each day.","hybrid","","37","Ski Development + Grip","cardio","CARDIO_TRAINING","Note · The standard - Sandbag carry - the pick","The bag must be taken from the ground. Any method of getting it to a bear hug or to the shoulder is permitted. Both are worth practising. A shoulder carry is usually quicker over 30 m but harder to secure once grip is fatigued.","","","","","","","","","","","",""
"","ATHX 2027 — Women's Pro Division","Twelve-week preparation plan for ATHX 2027 — Women's edition, Pro division loads. Starts Monday 2 November 2026 and runs to competition weekend, ATHX London on 23-24 January 2027. Four phases: Base (weeks 1-4), Development (5-8), Specific (9-11), then Taper and Competition (12). Six training days a week across 72 training days and 12 rest days, 24 of them doubled AM and PM. Trains all three competition zones — Strength, Endurance and MetCon X — and carries the plan's own fuelling, hydration, recovery, teaching and daily log prompts on each day.","hybrid","","37","Ski Development + Grip","cardio","CARDIO_TRAINING","Note · Fuel and hydration","Pre: 30-50 g carbohydrate, 60-90 min before.
Post: 30-40 g protein plus 0.5 g/kg carbohydrate.
Daily macros: Day: carbs 4-5 g/kg protein 1.8-2.2 g/kg
Hydration: Session: sweat rate x 1.0
Electrolytes: if total session exceeds 60 min.","","","","","","","","","","","",""
"","ATHX 2027 — Women's Pro Division","Twelve-week preparation plan for ATHX 2027 — Women's edition, Pro division loads. Starts Monday 2 November 2026 and runs to competition weekend, ATHX London on 23-24 January 2027. Four phases: Base (weeks 1-4), Development (5-8), Specific (9-11), then Taper and Competition (12). Six training days a week across 72 training days and 12 rest days, 24 of them doubled AM and PM. Trains all three competition zones — Strength, Endurance and MetCon X — and carries the plan's own fuelling, hydration, recovery, teaching and daily log prompts on each day.","hybrid","","37","Ski Development + Grip","cardio","CARDIO_TRAINING","Note · Recovery","High metabolic · low mechanical
Hard work, little muscle damage. Active recovery helps here: twenty to thirty minutes of easy walking tonight. Legs should be fresh tomorrow.","","","","","","","","","","","",""
"","ATHX 2027 — Women's Pro Division","Twelve-week preparation plan for ATHX 2027 — Women's edition, Pro division loads. Starts Monday 2 November 2026 and runs to competition weekend, ATHX London on 23-24 January 2027. Four phases: Base (weeks 1-4), Development (5-8), Specific (9-11), then Taper and Competition (12). Six training days a week across 72 training days and 12 rest days, 24 of them doubled AM and PM. Trains all three competition zones — Strength, Endurance and MetCon X — and carries the plan's own fuelling, hydration, recovery, teaching and daily log prompts on each day.","hybrid","","37","Ski Development + Grip","cardio","CARDIO_TRAINING","Note · Log today","- Metres for each ski interval
- Drop from first interval to last, target under 3%
- Grip: farmer carry load, dead hang time","","","","","","","","","","","",""
"","ATHX 2027 — Women's Pro Division","Twelve-week preparation plan for ATHX 2027 — Women's edition, Pro division loads. Starts Monday 2 November 2026 and runs to competition weekend, ATHX London on 23-24 January 2027. Four phases: Base (weeks 1-4), Development (5-8), Specific (9-11), then Taper and Competition (12). Six training days a week across 72 training days and 12 rest days, 24 of them doubled AM and PM. Trains all three competition zones — Strength, Endurance and MetCon X — and carries the plan's own fuelling, hydration, recovery, teaching and daily log prompts on each day.","hybrid","","37","Ski Development + Grip","cardio","CARDIO_TRAINING","Note · Day at a glance","Session: Ski Development + Grip
Type: Ski erg + Grip
Shape: Single
Relative load: Moderate","","","","","","","","","","","",""
"","ATHX 2027 — Women's Pro Division","Twelve-week preparation plan for ATHX 2027 — Women's edition, Pro division loads. Starts Monday 2 November 2026 and runs to competition weekend, ATHX London on 23-24 January 2027. Four phases: Base (weeks 1-4), Development (5-8), Specific (9-11), then Taper and Competition (12). Six training days a week across 72 training days and 12 rest days, 24 of them doubled AM and PM. Trains all three competition zones — Strength, Endurance and MetCon X — and carries the plan's own fuelling, hydration, recovery, teaching and daily log prompts on each day.","hybrid","","38","AM — Easy Aerobic","cardio","RUNNING","Easy Aerobic","45-55 min","","","","","","","","","","","",""
"","ATHX 2027 — Women's Pro Division","Twelve-week preparation plan for ATHX 2027 — Women's edition, Pro division loads. Starts Monday 2 November 2026 and runs to competition weekend, ATHX London on 23-24 January 2027. Four phases: Base (weeks 1-4), Development (5-8), Specific (9-11), then Taper and Competition (12). Six training days a week across 72 training days and 12 rest days, 24 of them doubled AM and PM. Trains all three competition zones — Strength, Endurance and MetCon X — and carries the plan's own fuelling, hydration, recovery, teaching and daily log prompts on each day.","hybrid","","38","AM — Easy Aerobic","cardio","RUNNING","Note","Zone 2 run or bike. Conversational the whole way. This session is not where fitness is won; it is where the base is maintained without cost.","","","","","","","","","","","",""
"","ATHX 2027 — Women's Pro Division","Twelve-week preparation plan for ATHX 2027 — Women's edition, Pro division loads. Starts Monday 2 November 2026 and runs to competition weekend, ATHX London on 23-24 January 2027. Four phases: Base (weeks 1-4), Development (5-8), Specific (9-11), then Taper and Competition (12). Six training days a week across 72 training days and 12 rest days, 24 of them doubled AM and PM. Trains all three competition zones — Strength, Endurance and MetCon X — and carries the plan's own fuelling, hydration, recovery, teaching and daily log prompts on each day.","hybrid","","38","AM — Easy Aerobic","cardio","RUNNING","Note · Why this session","The heaviest day of the week, structured so the two sessions do not work against each other. The repeat-triple protocol mirrors the competition deadlift: two one-minute windows, sixty seconds apart, averaged.","","","","","","","","","","","",""
"","ATHX 2027 — Women's Pro Division","Twelve-week preparation plan for ATHX 2027 — Women's edition, Pro division loads. Starts Monday 2 November 2026 and runs to competition weekend, ATHX London on 23-24 January 2027. Four phases: Base (weeks 1-4), Development (5-8), Specific (9-11), then Taper and Competition (12). Six training days a week across 72 training days and 12 rest days, 24 of them doubled AM and PM. Trains all three competition zones — Strength, Endurance and MetCon X — and carries the plan's own fuelling, hydration, recovery, teaching and daily log prompts on each day.","hybrid","","38","AM — Easy Aerobic","cardio","RUNNING","Note · The number — 69 min","Total working time across all three zones, spread over a two and a half hour window with recovery between. This is why carbohydrate loading suits this event less well than it does longer races. Glycogen is unlikely to be the limiting factor, and loading tends to add water weight and gastrointestinal load.","","","","","","","","","","","",""
"","ATHX 2027 — Women's Pro Division","Twelve-week preparation plan for ATHX 2027 — Women's edition, Pro division loads. Starts Monday 2 November 2026 and runs to competition weekend, ATHX London on 23-24 January 2027. Four phases: Base (weeks 1-4), Development (5-8), Specific (9-11), then Taper and Competition (12). Six training days a week across 72 training days and 12 rest days, 24 of them doubled AM and PM. Trains all three competition zones — Strength, Endurance and MetCon X — and carries the plan's own fuelling, hydration, recovery, teaching and daily log prompts on each day.","hybrid","","38","PM — Lower Heavy","strength","STRENGTH_TRAINING","Note · Lower Heavy","Min 6 h after AM.","","","","","","","","","","","",""
"","ATHX 2027 — Women's Pro Division","Twelve-week preparation plan for ATHX 2027 — Women's edition, Pro division loads. Starts Monday 2 November 2026 and runs to competition weekend, ATHX London on 23-24 January 2027. Four phases: Base (weeks 1-4), Development (5-8), Specific (9-11), then Taper and Competition (12). Six training days a week across 72 training days and 12 rest days, 24 of them doubled AM and PM. Trains all three competition zones — Strength, Endurance and MetCon X — and carries the plan's own fuelling, hydration, recovery, teaching and daily log prompts on each day.","hybrid","","38","PM — Lower Heavy","strength","STRENGTH_TRAINING","A Back Squat","5 x 2 · 1 RIR","","","","","5","2","","","","","",""
"","ATHX 2027 — Women's Pro Division","Twelve-week preparation plan for ATHX 2027 — Women's edition, Pro division loads. Starts Monday 2 November 2026 and runs to competition weekend, ATHX London on 23-24 January 2027. Four phases: Base (weeks 1-4), Development (5-8), Specific (9-11), then Taper and Competition (12). Six training days a week across 72 training days and 12 rest days, 24 of them doubled AM and PM. Trains all three competition zones — Strength, Endurance and MetCon X — and carries the plan's own fuelling, hydration, recovery, teaching and daily log prompts on each day.","hybrid","","38","PM — Lower Heavy","strength","STRENGTH_TRAINING","B Deadlift - repeat-triple","2 x [3, rest 60 s, 3] · 2-3 RIR","","","","60","","","","","","","",""
"","ATHX 2027 — Women's Pro Division","Twelve-week preparation plan for ATHX 2027 — Women's edition, Pro division loads. Starts Monday 2 November 2026 and runs to competition weekend, ATHX London on 23-24 January 2027. Four phases: Base (weeks 1-4), Development (5-8), Specific (9-11), then Taper and Competition (12). Six training days a week across 72 training days and 12 rest days, 24 of them doubled AM and PM. Trains all three competition zones — Strength, Endurance and MetCon X — and carries the plan's own fuelling, hydration, recovery, teaching and daily log prompts on each day.","hybrid","","38","PM — Lower Heavy","strength","STRENGTH_TRAINING","C Bulgarian Split Squat","3 x 8 each leg · 3 RIR","","","","","","","","","","","",""
"","ATHX 2027 — Women's Pro Division","Twelve-week preparation plan for ATHX 2027 — Women's edition, Pro division loads. Starts Monday 2 November 2026 and runs to competition weekend, ATHX London on 23-24 January 2027. Four phases: Base (weeks 1-4), Development (5-8), Specific (9-11), then Taper and Competition (12). Six training days a week across 72 training days and 12 rest days, 24 of them doubled AM and PM. Trains all three competition zones — Strength, Endurance and MetCon X — and carries the plan's own fuelling, hydration, recovery, teaching and daily log prompts on each day.","hybrid","","38","PM — Lower Heavy","strength","STRENGTH_TRAINING","D Copenhagen Plank","3 x 30 s each side","","","","","","","","","","","",""
"","ATHX 2027 — Women's Pro Division","Twelve-week preparation plan for ATHX 2027 — Women's edition, Pro division loads. Starts Monday 2 November 2026 and runs to competition weekend, ATHX London on 23-24 January 2027. Four phases: Base (weeks 1-4), Development (5-8), Specific (9-11), then Taper and Competition (12). Six training days a week across 72 training days and 12 rest days, 24 of them doubled AM and PM. Trains all three competition zones — Strength, Endurance and MetCon X — and carries the plan's own fuelling, hydration, recovery, teaching and daily log prompts on each day.","hybrid","","38","PM — Lower Heavy","strength","STRENGTH_TRAINING","Note","The repeat-triple: work to a triple with two or three reps in the bank. Rest exactly sixty seconds. Repeat the same weight. That is one round. Three minutes between rounds.","","","","","","","","","","","",""
"","ATHX 2027 — Women's Pro Division","Twelve-week preparation plan for ATHX 2027 — Women's edition, Pro division loads. Starts Monday 2 November 2026 and runs to competition weekend, ATHX London on 23-24 January 2027. Four phases: Base (weeks 1-4), Development (5-8), Specific (9-11), then Taper and Competition (12). Six training days a week across 72 training days and 12 rest days, 24 of them doubled AM and PM. Trains all three competition zones — Strength, Endurance and MetCon X — and carries the plan's own fuelling, hydration, recovery, teaching and daily log prompts on each day.","hybrid","","38","PM — Lower Heavy","strength","STRENGTH_TRAINING","Note · Fuel and hydration","Pre-AM: 20-30 g carbohydrate, or fasted if you tolerate it.
Between: Inside 60 min: 1.0-1.5 g/kg carbs plus 30-40 g protein.
Post-PM: 40 g protein plus 1.0 g/kg carbs within two hours.
Daily macros: Day: carbs 5-6 g/kg protein 2.0-2.2 g/kg
Hydration: AM: sweat rate x 0.8 · PM: sweat rate x 1.0
Electrolytes: PM session. Dehydration cuts force and spinal stability.","","","","","","","","","","","",""
"","ATHX 2027 — Women's Pro Division","Twelve-week preparation plan for ATHX 2027 — Women's edition, Pro division loads. Starts Monday 2 November 2026 and runs to competition weekend, ATHX London on 23-24 January 2027. Four phases: Base (weeks 1-4), Development (5-8), Specific (9-11), then Taper and Competition (12). Six training days a week across 72 training days and 12 rest days, 24 of them doubled AM and PM. Trains all three competition zones — Strength, Endurance and MetCon X — and carries the plan's own fuelling, hydration, recovery, teaching and daily log prompts on each day.","hybrid","","38","PM — Lower Heavy","strength","STRENGTH_TRAINING","Note · Recovery","Highest central load of the week
Complete rest tonight. After high central load, light cardio does not speed neural recovery; sleep, downregulation and food do. Tomorrow is rest for the same reason.","","","","","","","","","","","",""
"","ATHX 2027 — Women's Pro Division","Twelve-week preparation plan for ATHX 2027 — Women's edition, Pro division loads. Starts Monday 2 November 2026 and runs to competition weekend, ATHX London on 23-24 January 2027. Four phases: Base (weeks 1-4), Development (5-8), Specific (9-11), then Taper and Competition (12). Six training days a week across 72 training days and 12 rest days, 24 of them doubled AM and PM. Trains all three competition zones — Strength, Endurance and MetCon X — and carries the plan's own fuelling, hydration, recovery, teaching and daily log prompts on each day.","hybrid","","38","PM — Lower Heavy","strength","STRENGTH_TRAINING","Note · Log today","- Back squat top set and RIR
- Deadlift - triple 1 / triple 2, each round
- The gap between the two triples","","","","","","","","","","","",""
"","ATHX 2027 — Women's Pro Division","Twelve-week preparation plan for ATHX 2027 — Women's edition, Pro division loads. Starts Monday 2 November 2026 and runs to competition weekend, ATHX London on 23-24 January 2027. Four phases: Base (weeks 1-4), Development (5-8), Specific (9-11), then Taper and Competition (12). Six training days a week across 72 training days and 12 rest days, 24 of them doubled AM and PM. Trains all three competition zones — Strength, Endurance and MetCon X — and carries the plan's own fuelling, hydration, recovery, teaching and daily log prompts on each day.","hybrid","","38","PM — Lower Heavy","strength","STRENGTH_TRAINING","Note · Day at a glance","Session: Easy Aerobic + Lower Heavy
Type: Aerobic + Lower strength
Shape: Double — the AM and PM sessions need six hours between them
Relative load: Highest","","","","","","","","","","","",""
"","ATHX 2027 — Women's Pro Division","Twelve-week preparation plan for ATHX 2027 — Women's edition, Pro division loads. Starts Monday 2 November 2026 and runs to competition weekend, ATHX London on 23-24 January 2027. Four phases: Base (weeks 1-4), Development (5-8), Specific (9-11), then Taper and Competition (12). Six training days a week across 72 training days and 12 rest days, 24 of them doubled AM and PM. Trains all three competition zones — Strength, Endurance and MetCon X — and carries the plan's own fuelling, hydration, recovery, teaching and daily log prompts on each day.","hybrid","","39","Complete Rest","cardio","GENERIC","Note","Optional, ten to fifteen minutes: thoracic rotation, hip flexor lengthening, ankle dorsiflexion. Nothing that raises the heart rate. If it starts to feel like a session, stop.

Feeling good on a rest day is a sign the rest day is doing its job rather than a reason to add a session.

More progress tends to be lost to training through fatigue than to taking a day off.","","","","","","","","","","","",""
"","ATHX 2027 — Women's Pro Division","Twelve-week preparation plan for ATHX 2027 — Women's edition, Pro division loads. Starts Monday 2 November 2026 and runs to competition weekend, ATHX London on 23-24 January 2027. Four phases: Base (weeks 1-4), Development (5-8), Specific (9-11), then Taper and Competition (12). Six training days a week across 72 training days and 12 rest days, 24 of them doubled AM and PM. Trains all three competition zones — Strength, Endurance and MetCon X — and carries the plan's own fuelling, hydration, recovery, teaching and daily log prompts on each day.","hybrid","","39","Complete Rest","cardio","GENERIC","Note · Why this session","Yesterday carried the heaviest central nervous system load of the week, and the weekend holds the most specific sessions. This day is part of the programme rather than a gap in it, and it is what allows Friday and Saturday to be productive.","","","","","","","","","","","",""
"","ATHX 2027 — Women's Pro Division","Twelve-week preparation plan for ATHX 2027 — Women's edition, Pro division loads. Starts Monday 2 November 2026 and runs to competition weekend, ATHX London on 23-24 January 2027. Four phases: Base (weeks 1-4), Development (5-8), Specific (9-11), then Taper and Competition (12). Six training days a week across 72 training days and 12 rest days, 24 of them doubled AM and PM. Trains all three competition zones — Strength, Endurance and MetCon X — and carries the plan's own fuelling, hydration, recovery, teaching and daily log prompts on each day.","hybrid","","39","Complete Rest","cardio","GENERIC","Note · Kit - Belts and wraps","Weightlifting belts, wrist wraps, elbow sleeves and knee sleeves are all permitted. Knee wraps and elbow wraps are not. If you plan to compete in a belt, train in it on your heavy days rather than introducing it on the day.","","","","","","","","","","","",""
"","ATHX 2027 — Women's Pro Division","Twelve-week preparation plan for ATHX 2027 — Women's edition, Pro division loads. Starts Monday 2 November 2026 and runs to competition weekend, ATHX London on 23-24 January 2027. Four phases: Base (weeks 1-4), Development (5-8), Specific (9-11), then Taper and Competition (12). Six training days a week across 72 training days and 12 rest days, 24 of them doubled AM and PM. Trains all three competition zones — Strength, Endurance and MetCon X — and carries the plan's own fuelling, hydration, recovery, teaching and daily log prompts on each day.","hybrid","","39","Complete Rest","cardio","GENERIC","Note · Fuel and hydration","All day: Carbs come down because you are not training. Protein does not - rest days are when repair happens.
Intake: Eat at roughly maintenance. A build block is not the place for a deficit.
Daily macros: Day: carbs 3-4 g/kg protein 1.8-2.2 g/kg
Hydration: Session: none - baseline only, and still drink it
Electrolytes: not required today.","","","","","","","","","","","",""
"","ATHX 2027 — Women's Pro Division","Twelve-week preparation plan for ATHX 2027 — Women's edition, Pro division loads. Starts Monday 2 November 2026 and runs to competition weekend, ATHX London on 23-24 January 2027. Four phases: Base (weeks 1-4), Development (5-8), Specific (9-11), then Taper and Competition (12). Six training days a week across 72 training days and 12 rest days, 24 of them doubled AM and PM. Trains all three competition zones — Strength, Endurance and MetCon X — and carries the plan's own fuelling, hydration, recovery, teaching and daily log prompts on each day.","hybrid","","39","Complete Rest","cardio","GENERIC","Note · Recovery","Clearing central nervous system load
A working day for your nervous system even though it does not look like one. Sleep, downregulation and nutrition do the work. Get to bed thirty minutes earlier.","","","","","","","","","","","",""
"","ATHX 2027 — Women's Pro Division","Twelve-week preparation plan for ATHX 2027 — Women's edition, Pro division loads. Starts Monday 2 November 2026 and runs to competition weekend, ATHX London on 23-24 January 2027. Four phases: Base (weeks 1-4), Development (5-8), Specific (9-11), then Taper and Competition (12). Six training days a week across 72 training days and 12 rest days, 24 of them doubled AM and PM. Trains all three competition zones — Strength, Endurance and MetCon X — and carries the plan's own fuelling, hydration, recovery, teaching and daily log prompts on each day.","hybrid","","39","Complete Rest","cardio","GENERIC","Note · Log today","- Morning resting heart rate
- HRV if you track it
- If elevated two days running, reduce Friday volume by a third","","","","","","","","","","","",""
"","ATHX 2027 — Women's Pro Division","Twelve-week preparation plan for ATHX 2027 — Women's edition, Pro division loads. Starts Monday 2 November 2026 and runs to competition weekend, ATHX London on 23-24 January 2027. Four phases: Base (weeks 1-4), Development (5-8), Specific (9-11), then Taper and Competition (12). Six training days a week across 72 training days and 12 rest days, 24 of them doubled AM and PM. Trains all three competition zones — Strength, Endurance and MetCon X — and carries the plan's own fuelling, hydration, recovery, teaching and daily log prompts on each day.","hybrid","","39","Complete Rest","cardio","GENERIC","Note · Day at a glance","Session: Complete Rest
Type: Rest
Shape: Rest
Relative load: not rated","","","","","","","","","","","",""
"","ATHX 2027 — Women's Pro Division","Twelve-week preparation plan for ATHX 2027 — Women's edition, Pro division loads. Starts Monday 2 November 2026 and runs to competition weekend, ATHX London on 23-24 January 2027. Four phases: Base (weeks 1-4), Development (5-8), Specific (9-11), then Taper and Competition (12). Six training days a week across 72 training days and 12 rest days, 24 of them doubled AM and PM. Trains all three competition zones — Strength, Endurance and MetCon X — and carries the plan's own fuelling, hydration, recovery, teaching and daily log prompts on each day.","hybrid","","40","MetCon Specific","cardio","CARDIO_TRAINING","Note · Circuit","5 rounds. Rest 3 min between rounds.","","","","","","","","","","","",""
"","ATHX 2027 — Women's Pro Division","Twelve-week preparation plan for ATHX 2027 — Women's edition, Pro division loads. Starts Monday 2 November 2026 and runs to competition weekend, ATHX London on 23-24 January 2027. Four phases: Base (weeks 1-4), Development (5-8), Specific (9-11), then Taper and Competition (12). Six training days a week across 72 training days and 12 rest days, 24 of them doubled AM and PM. Trains all three competition zones — Strength, Endurance and MetCon X — and carries the plan's own fuelling, hydration, recovery, teaching and daily log prompts on each day.","hybrid","","40","MetCon Specific","cardio","CARDIO_TRAINING","Circuit · DB Bench Press","15 @ 15 kg","","","15","","","15","","","","","",""
"","ATHX 2027 — Women's Pro Division","Twelve-week preparation plan for ATHX 2027 — Women's edition, Pro division loads. Starts Monday 2 November 2026 and runs to competition weekend, ATHX London on 23-24 January 2027. Four phases: Base (weeks 1-4), Development (5-8), Specific (9-11), then Taper and Competition (12). Six training days a week across 72 training days and 12 rest days, 24 of them doubled AM and PM. Trains all three competition zones — Strength, Endurance and MetCon X — and carries the plan's own fuelling, hydration, recovery, teaching and daily log prompts on each day.","hybrid","","40","MetCon Specific","cardio","CARDIO_TRAINING","Circuit · DB Ground to Overhead","15 dual @ 15 kg","","","15","","","15","","","","","",""
"","ATHX 2027 — Women's Pro Division","Twelve-week preparation plan for ATHX 2027 — Women's edition, Pro division loads. Starts Monday 2 November 2026 and runs to competition weekend, ATHX London on 23-24 January 2027. Four phases: Base (weeks 1-4), Development (5-8), Specific (9-11), then Taper and Competition (12). Six training days a week across 72 training days and 12 rest days, 24 of them doubled AM and PM. Trains all three competition zones — Strength, Endurance and MetCon X — and carries the plan's own fuelling, hydration, recovery, teaching and daily log prompts on each day.","hybrid","","40","MetCon Specific","cardio","CARDIO_TRAINING","Circuit · Sandbag Squats","15 @ 50 kg","","","50","","","15","","","","","",""
"","ATHX 2027 — Women's Pro Division","Twelve-week preparation plan for ATHX 2027 — Women's edition, Pro division loads. Starts Monday 2 November 2026 and runs to competition weekend, ATHX London on 23-24 January 2027. Four phases: Base (weeks 1-4), Development (5-8), Specific (9-11), then Taper and Competition (12). Six training days a week across 72 training days and 12 rest days, 24 of them doubled AM and PM. Trains all three competition zones — Strength, Endurance and MetCon X — and carries the plan's own fuelling, hydration, recovery, teaching and daily log prompts on each day.","hybrid","","40","MetCon Specific","cardio","CARDIO_TRAINING","Circuit · Sandbag Carry (no rest)","30 m @ 50 kg","","","50","","","","","","","","",""
"","ATHX 2027 — Women's Pro Division","Twelve-week preparation plan for ATHX 2027 — Women's edition, Pro division loads. Starts Monday 2 November 2026 and runs to competition weekend, ATHX London on 23-24 January 2027. Four phases: Base (weeks 1-4), Development (5-8), Specific (9-11), then Taper and Competition (12). Six training days a week across 72 training days and 12 rest days, 24 of them doubled AM and PM. Trains all three competition zones — Strength, Endurance and MetCon X — and carries the plan's own fuelling, hydration, recovery, teaching and daily log prompts on each day.","hybrid","","40","MetCon Specific","cardio","CARDIO_TRAINING","Note · Circuit","One full exhale on each squat ascent, without holding your breath at the bottom. Some guidance suggests nasal breathing through this block, but it limits airflow below what thirty loaded squats require, so a steady rhythm works better.","","","","","","","","","","","",""
"","ATHX 2027 — Women's Pro Division","Twelve-week preparation plan for ATHX 2027 — Women's edition, Pro division loads. Starts Monday 2 November 2026 and runs to competition weekend, ATHX London on 23-24 January 2027. Four phases: Base (weeks 1-4), Development (5-8), Specific (9-11), then Taper and Competition (12). Six training days a week across 72 training days and 12 rest days, 24 of them doubled AM and PM. Trains all three competition zones — Strength, Endurance and MetCon X — and carries the plan's own fuelling, hydration, recovery, teaching and daily log prompts on each day.","hybrid","","40","MetCon Specific","cardio","CARDIO_TRAINING","Note · Finisher","300 m row, hard.","","","","","","","","","","","",""
"","ATHX 2027 — Women's Pro Division","Twelve-week preparation plan for ATHX 2027 — Women's edition, Pro division loads. Starts Monday 2 November 2026 and runs to competition weekend, ATHX London on 23-24 January 2027. Four phases: Base (weeks 1-4), Development (5-8), Specific (9-11), then Taper and Competition (12). Six training days a week across 72 training days and 12 rest days, 24 of them doubled AM and PM. Trains all three competition zones — Strength, Endurance and MetCon X — and carries the plan's own fuelling, hydration, recovery, teaching and daily log prompts on each day.","hybrid","","40","MetCon Specific","cardio","CARDIO_TRAINING","Note · Why this session","The middle of MetCon X is where most of the time is won or lost, and the sandbag squat into an immediate carry is the hardest part of it. The same grip and trunk work throughout, with no break between the two.","","","","","","","","","","","",""
"","ATHX 2027 — Women's Pro Division","Twelve-week preparation plan for ATHX 2027 — Women's edition, Pro division loads. Starts Monday 2 November 2026 and runs to competition weekend, ATHX London on 23-24 January 2027. Four phases: Base (weeks 1-4), Development (5-8), Specific (9-11), then Taper and Competition (12). Six training days a week across 72 training days and 12 rest days, 24 of them doubled AM and PM. Trains all three competition zones — Strength, Endurance and MetCon X — and carries the plan's own fuelling, hydration, recovery, teaching and daily log prompts on each day.","hybrid","","40","MetCon Specific","cardio","CARDIO_TRAINING","Note · No rep - Deadlift - the finish","The rep is credited when hips and knees reach full extension and your head and shoulders are behind the bar. Stopping just short is easy to do under fatigue, so stand fully upright and hold the position briefly.","","","","","","","","","","","",""
"","ATHX 2027 — Women's Pro Division","Twelve-week preparation plan for ATHX 2027 — Women's edition, Pro division loads. Starts Monday 2 November 2026 and runs to competition weekend, ATHX London on 23-24 January 2027. Four phases: Base (weeks 1-4), Development (5-8), Specific (9-11), then Taper and Competition (12). Six training days a week across 72 training days and 12 rest days, 24 of them doubled AM and PM. Trains all three competition zones — Strength, Endurance and MetCon X — and carries the plan's own fuelling, hydration, recovery, teaching and daily log prompts on each day.","hybrid","","40","MetCon Specific","cardio","CARDIO_TRAINING","Note · Fuel and hydration","Pre: 40-50 g carbohydrate, 90 min before.
Intra: Electrolyte drink between rounds, not during them.
Post: 40 g protein plus 1.0 g/kg carbs within two hours.
Daily macros: Day: carbs 5-6 g/kg protein 1.8-2.2 g/kg
Hydration: Session: sweat rate x 1.2
Electrolytes: required. Highest sweat rate of your week.","","","","","","","","","","","",""
"","ATHX 2027 — Women's Pro Division","Twelve-week preparation plan for ATHX 2027 — Women's edition, Pro division loads. Starts Monday 2 November 2026 and runs to competition weekend, ATHX London on 23-24 January 2027. Four phases: Base (weeks 1-4), Development (5-8), Specific (9-11), then Taper and Competition (12). Six training days a week across 72 training days and 12 rest days, 24 of them doubled AM and PM. Trains all three competition zones — Strength, Endurance and MetCon X — and carries the plan's own fuelling, hydration, recovery, teaching and daily log prompts on each day.","hybrid","","40","MetCon Specific","cardio","CARDIO_TRAINING","Note · Recovery","High metabolic · moderate mechanical
Loaded squatting and grip, no heavy eccentrics. Twenty minutes of easy walking or light cycling tonight. Not running - tomorrow needs your legs.","","","","","","","","","","","",""
"","ATHX 2027 — Women's Pro Division","Twelve-week preparation plan for ATHX 2027 — Women's edition, Pro division loads. Starts Monday 2 November 2026 and runs to competition weekend, ATHX London on 23-24 January 2027. Four phases: Base (weeks 1-4), Development (5-8), Specific (9-11), then Taper and Competition (12). Six training days a week across 72 training days and 12 rest days, 24 of them doubled AM and PM. Trains all three competition zones — Strength, Endurance and MetCon X — and carries the plan's own fuelling, hydration, recovery, teaching and daily log prompts on each day.","hybrid","","40","MetCon Specific","cardio","CARDIO_TRAINING","Note · Log today","- Time for each round
- Drop from round one to the final round, target within 10%
- Where the sandbag block broke down","","","","","","","","","","","",""
"","ATHX 2027 — Women's Pro Division","Twelve-week preparation plan for ATHX 2027 — Women's edition, Pro division loads. Starts Monday 2 November 2026 and runs to competition weekend, ATHX London on 23-24 January 2027. Four phases: Base (weeks 1-4), Development (5-8), Specific (9-11), then Taper and Competition (12). Six training days a week across 72 training days and 12 rest days, 24 of them doubled AM and PM. Trains all three competition zones — Strength, Endurance and MetCon X — and carries the plan's own fuelling, hydration, recovery, teaching and daily log prompts on each day.","hybrid","","40","MetCon Specific","cardio","CARDIO_TRAINING","Note · Day at a glance","Session: MetCon Specific
Type: MetCon circuit
Shape: Single
Relative load: High","","","","","","","","","","","",""
"","ATHX 2027 — Women's Pro Division","Twelve-week preparation plan for ATHX 2027 — Women's edition, Pro division loads. Starts Monday 2 November 2026 and runs to competition weekend, ATHX London on 23-24 January 2027. Four phases: Base (weeks 1-4), Development (5-8), Specific (9-11), then Taper and Competition (12). Six training days a week across 72 training days and 12 rest days, 24 of them doubled AM and PM. Trains all three competition zones — Strength, Endurance and MetCon X — and carries the plan's own fuelling, hydration, recovery, teaching and daily log prompts on each day.","hybrid","","41","Run-to-Ski Transition","cardio","CARDIO_TRAINING","Note · Main","5 rounds. Rest 3 min between rounds.","","","","","","","","","","","",""
"","ATHX 2027 — Women's Pro Division","Twelve-week preparation plan for ATHX 2027 — Women's edition, Pro division loads. Starts Monday 2 November 2026 and runs to competition weekend, ATHX London on 23-24 January 2027. Four phases: Base (weeks 1-4), Development (5-8), Specific (9-11), then Taper and Competition (12). Six training days a week across 72 training days and 12 rest days, 24 of them doubled AM and PM. Trains all three competition zones — Strength, Endurance and MetCon X — and carries the plan's own fuelling, hydration, recovery, teaching and daily log prompts on each day.","hybrid","","41","Run-to-Ski Transition","cardio","CARDIO_TRAINING","Run","800 m at 3 km race effort","","","","","","","","","","","",""
"","ATHX 2027 — Women's Pro Division","Twelve-week preparation plan for ATHX 2027 — Women's edition, Pro division loads. Starts Monday 2 November 2026 and runs to competition weekend, ATHX London on 23-24 January 2027. Four phases: Base (weeks 1-4), Development (5-8), Specific (9-11), then Taper and Competition (12). Six training days a week across 72 training days and 12 rest days, 24 of them doubled AM and PM. Trains all three competition zones — Strength, Endurance and MetCon X — and carries the plan's own fuelling, hydration, recovery, teaching and daily log prompts on each day.","hybrid","","41","Run-to-Ski Transition","cardio","CARDIO_TRAINING","Ski (immediate)","3 min at target competition pace","","","","","","","","","","","",""
"","ATHX 2027 — Women's Pro Division","Twelve-week preparation plan for ATHX 2027 — Women's edition, Pro division loads. Starts Monday 2 November 2026 and runs to competition weekend, ATHX London on 23-24 January 2027. Four phases: Base (weeks 1-4), Development (5-8), Specific (9-11), then Taper and Competition (12). Six training days a week across 72 training days and 12 rest days, 24 of them doubled AM and PM. Trains all three competition zones — Strength, Endurance and MetCon X — and carries the plan's own fuelling, hydration, recovery, teaching and daily log prompts on each day.","hybrid","","41","Run-to-Ski Transition","cardio","CARDIO_TRAINING","Note","Move from the run to the ski without pausing, as you would in competition.","","","","","","","","","","","",""
"","ATHX 2027 — Women's Pro Division","Twelve-week preparation plan for ATHX 2027 — Women's edition, Pro division loads. Starts Monday 2 November 2026 and runs to competition weekend, ATHX London on 23-24 January 2027. Four phases: Base (weeks 1-4), Development (5-8), Specific (9-11), then Taper and Competition (12). Six training days a week across 72 training days and 12 rest days, 24 of them doubled AM and PM. Trains all three competition zones — Strength, Endurance and MetCon X — and carries the plan's own fuelling, hydration, recovery, teaching and daily log prompts on each day.","hybrid","","41","Run-to-Ski Transition","cardio","CARDIO_TRAINING","Note · Why this session","Second exposure. Watch the consistency of your ski metres across rounds rather than the size of round one.","","","","","","","","","","","",""
"","ATHX 2027 — Women's Pro Division","Twelve-week preparation plan for ATHX 2027 — Women's edition, Pro division loads. Starts Monday 2 November 2026 and runs to competition weekend, ATHX London on 23-24 January 2027. Four phases: Base (weeks 1-4), Development (5-8), Specific (9-11), then Taper and Competition (12). Six training days a week across 72 training days and 12 rest days, 24 of them doubled AM and PM. Trains all three competition zones — Strength, Endurance and MetCon X — and carries the plan's own fuelling, hydration, recovery, teaching and daily log prompts on each day.","hybrid","","41","Run-to-Ski Transition","cardio","CARDIO_TRAINING","Note · From the floor - Ski damper","The damper may be adjusted before and during the workout, though every second spent adjusting is a second not skiing. Set it in your warm-up and leave it alone.","","","","","","","","","","","",""
"","ATHX 2027 — Women's Pro Division","Twelve-week preparation plan for ATHX 2027 — Women's edition, Pro division loads. Starts Monday 2 November 2026 and runs to competition weekend, ATHX London on 23-24 January 2027. Four phases: Base (weeks 1-4), Development (5-8), Specific (9-11), then Taper and Competition (12). Six training days a week across 72 training days and 12 rest days, 24 of them doubled AM and PM. Trains all three competition zones — Strength, Endurance and MetCon X — and carries the plan's own fuelling, hydration, recovery, teaching and daily log prompts on each day.","hybrid","","41","Run-to-Ski Transition","cardio","CARDIO_TRAINING","Note · Fuel and hydration","Pre: 40-50 g carbohydrate, 90 min before. Under-fuel this and the data is meaningless.
Post: 30-40 g protein plus 1.0 g/kg carbohydrate.
Daily macros: Day: carbs 5-6 g/kg protein 1.8-2.2 g/kg
Hydration: Session: sweat rate x 1.1
Electrolytes: yes. Sip between rounds.","","","","","","","","","","","",""
"","ATHX 2027 — Women's Pro Division","Twelve-week preparation plan for ATHX 2027 — Women's edition, Pro division loads. Starts Monday 2 November 2026 and runs to competition weekend, ATHX London on 23-24 January 2027. Four phases: Base (weeks 1-4), Development (5-8), Specific (9-11), then Taper and Competition (12). Six training days a week across 72 training days and 12 rest days, 24 of them doubled AM and PM. Trains all three competition zones — Strength, Endurance and MetCon X — and carries the plan's own fuelling, hydration, recovery, teaching and daily log prompts on each day.","hybrid","","41","Run-to-Ski Transition","cardio","CARDIO_TRAINING","Note · Recovery","High metabolic · moderate mechanical
Tomorrow's easy aerobic is your recovery, which is why it sits there. Sleep is tonight's priority. Legs beaten up in the morning? Take Sunday as a walk.","","","","","","","","","","","",""
"","ATHX 2027 — Women's Pro Division","Twelve-week preparation plan for ATHX 2027 — Women's edition, Pro division loads. Starts Monday 2 November 2026 and runs to competition weekend, ATHX London on 23-24 January 2027. Four phases: Base (weeks 1-4), Development (5-8), Specific (9-11), then Taper and Competition (12). Six training days a week across 72 training days and 12 rest days, 24 of them doubled AM and PM. Trains all three competition zones — Strength, Endurance and MetCon X — and carries the plan's own fuelling, hydration, recovery, teaching and daily log prompts on each day.","hybrid","","41","Run-to-Ski Transition","cardio","CARDIO_TRAINING","Note · Log today","- Ski metres per round, or 500 m splits if rehearsing the full zone
- Final round as a percentage of the first, target within 5%
- How the first thirty seconds of each ski felt","","","","","","","","","","","",""
"","ATHX 2027 — Women's Pro Division","Twelve-week preparation plan for ATHX 2027 — Women's edition, Pro division loads. Starts Monday 2 November 2026 and runs to competition weekend, ATHX London on 23-24 January 2027. Four phases: Base (weeks 1-4), Development (5-8), Specific (9-11), then Taper and Competition (12). Six training days a week across 72 training days and 12 rest days, 24 of them doubled AM and PM. Trains all three competition zones — Strength, Endurance and MetCon X — and carries the plan's own fuelling, hydration, recovery, teaching and daily log prompts on each day.","hybrid","","41","Run-to-Ski Transition","cardio","CARDIO_TRAINING","Note · Day at a glance","Session: Run-to-Ski Transition
Type: Run to ski transition
Shape: Single
Relative load: High","","","","","","","","","","","",""
"","ATHX 2027 — Women's Pro Division","Twelve-week preparation plan for ATHX 2027 — Women's edition, Pro division loads. Starts Monday 2 November 2026 and runs to competition weekend, ATHX London on 23-24 January 2027. Four phases: Base (weeks 1-4), Development (5-8), Specific (9-11), then Taper and Competition (12). Six training days a week across 72 training days and 12 rest days, 24 of them doubled AM and PM. Trains all three competition zones — Strength, Endurance and MetCon X — and carries the plan's own fuelling, hydration, recovery, teaching and daily log prompts on each day.","hybrid","","42","Easy Aerobic","cardio","RUNNING","Easy Aerobic","60-75 min — Zone 2 run / bike","","","","","","","","","","","",""
"","ATHX 2027 — Women's Pro Division","Twelve-week preparation plan for ATHX 2027 — Women's edition, Pro division loads. Starts Monday 2 November 2026 and runs to competition weekend, ATHX London on 23-24 January 2027. Four phases: Base (weeks 1-4), Development (5-8), Specific (9-11), then Taper and Competition (12). Six training days a week across 72 training days and 12 rest days, 24 of them doubled AM and PM. Trains all three competition zones — Strength, Endurance and MetCon X — and carries the plan's own fuelling, hydration, recovery, teaching and daily log prompts on each day.","hybrid","","42","Easy Aerobic","cardio","RUNNING","Note","Conversational the entire time. Running this session too quickly is the easiest way to compromise the following week.","","","","","","","","","","","",""
"","ATHX 2027 — Women's Pro Division","Twelve-week preparation plan for ATHX 2027 — Women's edition, Pro division loads. Starts Monday 2 November 2026 and runs to competition weekend, ATHX London on 23-24 January 2027. Four phases: Base (weeks 1-4), Development (5-8), Specific (9-11), then Taper and Competition (12). Six training days a week across 72 training days and 12 rest days, 24 of them doubled AM and PM. Trains all three competition zones — Strength, Endurance and MetCon X — and carries the plan's own fuelling, hydration, recovery, teaching and daily log prompts on each day.","hybrid","","42","Easy Aerobic","cardio","RUNNING","Note · Why this session","This day does two things: it maintains the aerobic base the rest of the plan is built on, and it helps clear yesterday's session by promoting blood flow without adding stress.","","","","","","","","","","","",""
"","ATHX 2027 — Women's Pro Division","Twelve-week preparation plan for ATHX 2027 — Women's edition, Pro division loads. Starts Monday 2 November 2026 and runs to competition weekend, ATHX London on 23-24 January 2027. Four phases: Base (weeks 1-4), Development (5-8), Specific (9-11), then Taper and Competition (12). Six training days a week across 72 training days and 12 rest days, 24 of them doubled AM and PM. Trains all three competition zones — Strength, Endurance and MetCon X — and carries the plan's own fuelling, hydration, recovery, teaching and daily log prompts on each day.","hybrid","","42","Easy Aerobic","cardio","RUNNING","Note · Score impact","Consistency across the three zones matters more than an outstanding result in any one of them. Every zone gets dedicated weekly attention in this plan, which suits the way rank-sum scoring rewards balance.","","","","","","","","","","","",""
"","ATHX 2027 — Women's Pro Division","Twelve-week preparation plan for ATHX 2027 — Women's edition, Pro division loads. Starts Monday 2 November 2026 and runs to competition weekend, ATHX London on 23-24 January 2027. Four phases: Base (weeks 1-4), Development (5-8), Specific (9-11), then Taper and Competition (12). Six training days a week across 72 training days and 12 rest days, 24 of them doubled AM and PM. Trains all three competition zones — Strength, Endurance and MetCon X — and carries the plan's own fuelling, hydration, recovery, teaching and daily log prompts on each day.","hybrid","","42","Easy Aerobic","cardio","RUNNING","Note · Fuel and hydration","Pre: Optional. Small carbohydrate serving if you prefer not to train empty.
Post: Normal meal within a couple of hours.
Daily macros: Day: carbs 4-5 g/kg protein 1.8-2.2 g/kg
Hydration: Session: sweat rate x 0.8
Electrolytes: only if over 60 min or hot.","","","","","","","","","","","",""
"","ATHX 2027 — Women's Pro Division","Twelve-week preparation plan for ATHX 2027 — Women's edition, Pro division loads. Starts Monday 2 November 2026 and runs to competition weekend, ATHX London on 23-24 January 2027. Four phases: Base (weeks 1-4), Development (5-8), Specific (9-11), then Taper and Competition (12). Six training days a week across 72 training days and 12 rest days, 24 of them doubled AM and PM. Trains all three competition zones — Strength, Endurance and MetCon X — and carries the plan's own fuelling, hydration, recovery, teaching and daily log prompts on each day.","hybrid","","42","Easy Aerobic","cardio","RUNNING","Note · Recovery","Minimal · this session is the recovery
Low mechanical load, sustained blood flow, negligible metabolic cost. After it, take the rest of the day genuinely off.","","","","","","","","","","","",""
"","ATHX 2027 — Women's Pro Division","Twelve-week preparation plan for ATHX 2027 — Women's edition, Pro division loads. Starts Monday 2 November 2026 and runs to competition weekend, ATHX London on 23-24 January 2027. Four phases: Base (weeks 1-4), Development (5-8), Specific (9-11), then Taper and Competition (12). Six training days a week across 72 training days and 12 rest days, 24 of them doubled AM and PM. Trains all three competition zones — Strength, Endurance and MetCon X — and carries the plan's own fuelling, hydration, recovery, teaching and daily log prompts on each day.","hybrid","","42","Easy Aerobic","cardio","RUNNING","Note · Log today","- Average heart rate
- Compare to the same session in Week 1
- How the week felt overall","","","","","","","","","","","",""
"","ATHX 2027 — Women's Pro Division","Twelve-week preparation plan for ATHX 2027 — Women's edition, Pro division loads. Starts Monday 2 November 2026 and runs to competition weekend, ATHX London on 23-24 January 2027. Four phases: Base (weeks 1-4), Development (5-8), Specific (9-11), then Taper and Competition (12). Six training days a week across 72 training days and 12 rest days, 24 of them doubled AM and PM. Trains all three competition zones — Strength, Endurance and MetCon X — and carries the plan's own fuelling, hydration, recovery, teaching and daily log prompts on each day.","hybrid","","42","Easy Aerobic","cardio","RUNNING","Note · Day at a glance","Session: Easy Aerobic
Type: Easy aerobic
Shape: Single
Relative load: Low","","","","","","","","","","","",""
"","ATHX 2027 — Women's Pro Division","Twelve-week preparation plan for ATHX 2027 — Women's edition, Pro division loads. Starts Monday 2 November 2026 and runs to competition weekend, ATHX London on 23-24 January 2027. Four phases: Base (weeks 1-4), Development (5-8), Specific (9-11), then Taper and Competition (12). Six training days a week across 72 training days and 12 rest days, 24 of them doubled AM and PM. Trains all three competition zones — Strength, Endurance and MetCon X — and carries the plan's own fuelling, hydration, recovery, teaching and daily log prompts on each day.","hybrid","","43","AM — Threshold Run","cardio","RUNNING","Threshold Run","4 x 7 min","","","","","","","","","","","",""
"","ATHX 2027 — Women's Pro Division","Twelve-week preparation plan for ATHX 2027 — Women's edition, Pro division loads. Starts Monday 2 November 2026 and runs to competition weekend, ATHX London on 23-24 January 2027. Four phases: Base (weeks 1-4), Development (5-8), Specific (9-11), then Taper and Competition (12). Six training days a week across 72 training days and 12 rest days, 24 of them doubled AM and PM. Trains all three competition zones — Strength, Endurance and MetCon X — and carries the plan's own fuelling, hydration, recovery, teaching and daily log prompts on each day.","hybrid","","43","AM — Threshold Run","cardio","RUNNING","Note","Warm-up 10 min + 4 strides. Main set at 10 km race effort, 90 s jog. Cool-down 8 min easy. You should be able to speak a short sentence, not a long one. Comfortable talking means go faster. No talking at all means ease off - this is not an interval session.","","","","","","","","","","","",""
"","ATHX 2027 — Women's Pro Division","Twelve-week preparation plan for ATHX 2027 — Women's edition, Pro division loads. Starts Monday 2 November 2026 and runs to competition weekend, ATHX London on 23-24 January 2027. Four phases: Base (weeks 1-4), Development (5-8), Specific (9-11), then Taper and Competition (12). Six training days a week across 72 training days and 12 rest days, 24 of them doubled AM and PM. Trains all three competition zones — Strength, Endurance and MetCon X — and carries the plan's own fuelling, hydration, recovery, teaching and daily log prompts on each day.","hybrid","","43","AM — Threshold Run","cardio","RUNNING","Note · Week 7 of 12 — Development Phase","WEEK 3 OF 4, week commencing 2026-12-14.
What changes: Peak week of the phase, and the first full rehearsal of the Endurance Zone on Saturday. Treat that session as data collection, not a workout.
One priority: Saturday's rehearsal. Run the buy-in at the pace you intend to race and record every 500 m ski split.
If you miss a session: Tuesday and Saturday are the ones to protect, since ski work and the run-to-ski transition have no direct substitute. The rest can be dropped without much cost.
Looking ahead: Week 8 is a deload. Intensity stays, volume halves, and you arrive at the Specific phase recovered.
Volume: run 2h35 · ski 42m · 2 lift sessions · 6h20 total","","","","","","","","","","","",""
"","ATHX 2027 — Women's Pro Division","Twelve-week preparation plan for ATHX 2027 — Women's edition, Pro division loads. Starts Monday 2 November 2026 and runs to competition weekend, ATHX London on 23-24 January 2027. Four phases: Base (weeks 1-4), Development (5-8), Specific (9-11), then Taper and Competition (12). Six training days a week across 72 training days and 12 rest days, 24 of them doubled AM and PM. Trains all three competition zones — Strength, Endurance and MetCon X — and carries the plan's own fuelling, hydration, recovery, teaching and daily log prompts on each day.","hybrid","","43","AM — Threshold Run","cardio","RUNNING","Note · Why this session","Threshold running raises your 3 km buy-in pace, which converts into ski time. Overhead strength is a third of the Strength score.","","","","","","","","","","","",""
"","ATHX 2027 — Women's Pro Division","Twelve-week preparation plan for ATHX 2027 — Women's edition, Pro division loads. Starts Monday 2 November 2026 and runs to competition weekend, ATHX London on 23-24 January 2027. Four phases: Base (weeks 1-4), Development (5-8), Specific (9-11), then Taper and Competition (12). Six training days a week across 72 training days and 12 rest days, 24 of them doubled AM and PM. Trains all three competition zones — Strength, Endurance and MetCon X — and carries the plan's own fuelling, hydration, recovery, teaching and daily log prompts on each day.","hybrid","","43","AM — Threshold Run","cardio","RUNNING","Note · From the floor - Rehearsal, not workout","Today's session is data collection. Run the buy-in at the pace you intend to race and record every 500 m ski split. Try not to adjust mid-session to protect the number. A rehearsal that shows a genuine result is more useful than one that flatters.","","","","","","","","","","","",""
"","ATHX 2027 — Women's Pro Division","Twelve-week preparation plan for ATHX 2027 — Women's edition, Pro division loads. Starts Monday 2 November 2026 and runs to competition weekend, ATHX London on 23-24 January 2027. Four phases: Base (weeks 1-4), Development (5-8), Specific (9-11), then Taper and Competition (12). Six training days a week across 72 training days and 12 rest days, 24 of them doubled AM and PM. Trains all three competition zones — Strength, Endurance and MetCon X — and carries the plan's own fuelling, hydration, recovery, teaching and daily log prompts on each day.","hybrid","","43","PM — Upper Heavy","strength","STRENGTH_TRAINING","Note · Upper Heavy","Min 6 h after AM.","","","","","","","","","","","",""
"","ATHX 2027 — Women's Pro Division","Twelve-week preparation plan for ATHX 2027 — Women's edition, Pro division loads. Starts Monday 2 November 2026 and runs to competition weekend, ATHX London on 23-24 January 2027. Four phases: Base (weeks 1-4), Development (5-8), Specific (9-11), then Taper and Competition (12). Six training days a week across 72 training days and 12 rest days, 24 of them doubled AM and PM. Trains all three competition zones — Strength, Endurance and MetCon X — and carries the plan's own fuelling, hydration, recovery, teaching and daily log prompts on each day.","hybrid","","43","PM — Upper Heavy","strength","STRENGTH_TRAINING","A1 Push Press","4 x 3 · 1 RIR","","","","","4","3","","","","","",""
"","ATHX 2027 — Women's Pro Division","Twelve-week preparation plan for ATHX 2027 — Women's edition, Pro division loads. Starts Monday 2 November 2026 and runs to competition weekend, ATHX London on 23-24 January 2027. Four phases: Base (weeks 1-4), Development (5-8), Specific (9-11), then Taper and Competition (12). Six training days a week across 72 training days and 12 rest days, 24 of them doubled AM and PM. Trains all three competition zones — Strength, Endurance and MetCon X — and carries the plan's own fuelling, hydration, recovery, teaching and daily log prompts on each day.","hybrid","","43","PM — Upper Heavy","strength","STRENGTH_TRAINING","A2 Weighted Pull-Up or Heavy Row","5 x 5 · 2 RIR","","","","","5","5","","","","","",""
"","ATHX 2027 — Women's Pro Division","Twelve-week preparation plan for ATHX 2027 — Women's edition, Pro division loads. Starts Monday 2 November 2026 and runs to competition weekend, ATHX London on 23-24 January 2027. Four phases: Base (weeks 1-4), Development (5-8), Specific (9-11), then Taper and Competition (12). Six training days a week across 72 training days and 12 rest days, 24 of them doubled AM and PM. Trains all three competition zones — Strength, Endurance and MetCon X — and carries the plan's own fuelling, hydration, recovery, teaching and daily log prompts on each day.","hybrid","","43","PM — Upper Heavy","strength","STRENGTH_TRAINING","B1 DB Bench Press (12.5 kg)","5 x 15","","","12.5","","5","15","","","","","",""
"","ATHX 2027 — Women's Pro Division","Twelve-week preparation plan for ATHX 2027 — Women's edition, Pro division loads. Starts Monday 2 November 2026 and runs to competition weekend, ATHX London on 23-24 January 2027. Four phases: Base (weeks 1-4), Development (5-8), Specific (9-11), then Taper and Competition (12). Six training days a week across 72 training days and 12 rest days, 24 of them doubled AM and PM. Trains all three competition zones — Strength, Endurance and MetCon X — and carries the plan's own fuelling, hydration, recovery, teaching and daily log prompts on each day.","hybrid","","43","PM — Upper Heavy","strength","STRENGTH_TRAINING","B2 Barbell Bent-Over Row","4 x 10 · 3 RIR","","","","","4","10","","","","","",""
"","ATHX 2027 — Women's Pro Division","Twelve-week preparation plan for ATHX 2027 — Women's edition, Pro division loads. Starts Monday 2 November 2026 and runs to competition weekend, ATHX London on 23-24 January 2027. Four phases: Base (weeks 1-4), Development (5-8), Specific (9-11), then Taper and Competition (12). Six training days a week across 72 training days and 12 rest days, 24 of them doubled AM and PM. Trains all three competition zones — Strength, Endurance and MetCon X — and carries the plan's own fuelling, hydration, recovery, teaching and daily log prompts on each day.","hybrid","","43","PM — Upper Heavy","strength","STRENGTH_TRAINING","C Half-Kneeling Z Press","3 x 8 · 3 RIR","","","","","3","8","","","","","",""
"","ATHX 2027 — Women's Pro Division","Twelve-week preparation plan for ATHX 2027 — Women's edition, Pro division loads. Starts Monday 2 November 2026 and runs to competition weekend, ATHX London on 23-24 January 2027. Four phases: Base (weeks 1-4), Development (5-8), Specific (9-11), then Taper and Competition (12). Six training days a week across 72 training days and 12 rest days, 24 of them doubled AM and PM. Trains all three competition zones — Strength, Endurance and MetCon X — and carries the plan's own fuelling, hydration, recovery, teaching and daily log prompts on each day.","hybrid","","43","PM — Upper Heavy","strength","STRENGTH_TRAINING","Note · Fuel and hydration","Pre-AM: 30-40 g carbohydrate, 60-90 min before.
Between: Inside 60 min: 1.0-1.5 g/kg carbs plus 30-40 g protein. Non-negotiable on a double day.
Post-PM: 30-40 g protein plus 0.5-1.0 g/kg carbs within two hours.
Daily macros: Day: carbs 5-6 g/kg protein 1.8-2.2 g/kg
Hydration: AM: sweat rate x 0.7 · PM: sweat rate x 0.9
Electrolytes: AM run if over 60 min or warm.","","","","","","","","","","","",""
"","ATHX 2027 — Women's Pro Division","Twelve-week preparation plan for ATHX 2027 — Women's edition, Pro division loads. Starts Monday 2 November 2026 and runs to competition weekend, ATHX London on 23-24 January 2027. Four phases: Base (weeks 1-4), Development (5-8), Specific (9-11), then Taper and Competition (12). Six training days a week across 72 training days and 12 rest days, 24 of them doubled AM and PM. Trains all three competition zones — Strength, Endurance and MetCon X — and carries the plan's own fuelling, hydration, recovery, teaching and daily log prompts on each day.","hybrid","","43","PM — Upper Heavy","strength","STRENGTH_TRAINING","Note · Recovery","Moderate mechanical · moderate central
Sleep is the intervention. You have moved twice today, so more movement is not more recovery. Tomorrow is ski: trunk and lats, legs left alone.","","","","","","","","","","","",""
"","ATHX 2027 — Women's Pro Division","Twelve-week preparation plan for ATHX 2027 — Women's edition, Pro division loads. Starts Monday 2 November 2026 and runs to competition weekend, ATHX London on 23-24 January 2027. Four phases: Base (weeks 1-4), Development (5-8), Specific (9-11), then Taper and Competition (12). Six training days a week across 72 training days and 12 rest days, 24 of them doubled AM and PM. Trains all three competition zones — Strength, Endurance and MetCon X — and carries the plan's own fuelling, hydration, recovery, teaching and daily log prompts on each day.","hybrid","","43","PM — Upper Heavy","strength","STRENGTH_TRAINING","Note · Log today","- Fastest and slowest interval pace, and the gap between them
- Push press top set and RIR
- How the legs felt in the PM session","","","","","","","","","","","",""
"","ATHX 2027 — Women's Pro Division","Twelve-week preparation plan for ATHX 2027 — Women's edition, Pro division loads. Starts Monday 2 November 2026 and runs to competition weekend, ATHX London on 23-24 January 2027. Four phases: Base (weeks 1-4), Development (5-8), Specific (9-11), then Taper and Competition (12). Six training days a week across 72 training days and 12 rest days, 24 of them doubled AM and PM. Trains all three competition zones — Strength, Endurance and MetCon X — and carries the plan's own fuelling, hydration, recovery, teaching and daily log prompts on each day.","hybrid","","43","PM — Upper Heavy","strength","STRENGTH_TRAINING","Note · Day at a glance","Session: Threshold Run + Upper Heavy
Type: Run + Upper strength
Shape: Double — the AM and PM sessions need six hours between them
Relative load: High","","","","","","","","","","","",""
"","ATHX 2027 — Women's Pro Division","Twelve-week preparation plan for ATHX 2027 — Women's edition, Pro division loads. Starts Monday 2 November 2026 and runs to competition weekend, ATHX London on 23-24 January 2027. Four phases: Base (weeks 1-4), Development (5-8), Specific (9-11), then Taper and Competition (12). Six training days a week across 72 training days and 12 rest days, 24 of them doubled AM and PM. Trains all three competition zones — Strength, Endurance and MetCon X — and carries the plan's own fuelling, hydration, recovery, teaching and daily log prompts on each day.","hybrid","","44","Ski Development + Grip","cardio","CARDIO_TRAINING","Ski Intervals · Warm-up","5 min + 3 x 20 s brisk","","","","","","","","","","","",""
"","ATHX 2027 — Women's Pro Division","Twelve-week preparation plan for ATHX 2027 — Women's edition, Pro division loads. Starts Monday 2 November 2026 and runs to competition weekend, ATHX London on 23-24 January 2027. Four phases: Base (weeks 1-4), Development (5-8), Specific (9-11), then Taper and Competition (12). Six training days a week across 72 training days and 12 rest days, 24 of them doubled AM and PM. Trains all three competition zones — Strength, Endurance and MetCon X — and carries the plan's own fuelling, hydration, recovery, teaching and daily log prompts on each day.","hybrid","","44","Ski Development + Grip","cardio","CARDIO_TRAINING","Ski Intervals · Main","3 x 9 min at target competition pace, 90 s recovery between reps","","","","","","","","","","","",""
"","ATHX 2027 — Women's Pro Division","Twelve-week preparation plan for ATHX 2027 — Women's edition, Pro division loads. Starts Monday 2 November 2026 and runs to competition weekend, ATHX London on 23-24 January 2027. Four phases: Base (weeks 1-4), Development (5-8), Specific (9-11), then Taper and Competition (12). Six training days a week across 72 training days and 12 rest days, 24 of them doubled AM and PM. Trains all three competition zones — Strength, Endurance and MetCon X — and carries the plan's own fuelling, hydration, recovery, teaching and daily log prompts on each day.","hybrid","","44","Ski Development + Grip","cardio","CARDIO_TRAINING","Note · Ski Intervals","Target competition pace is roughly 2:20 per 500 m for a well-trained athlete. Use your own figure from the Week 1 benchmark.","","","","","","","","","","","",""
"","ATHX 2027 — Women's Pro Division","Twelve-week preparation plan for ATHX 2027 — Women's edition, Pro division loads. Starts Monday 2 November 2026 and runs to competition weekend, ATHX London on 23-24 January 2027. Four phases: Base (weeks 1-4), Development (5-8), Specific (9-11), then Taper and Competition (12). Six training days a week across 72 training days and 12 rest days, 24 of them doubled AM and PM. Trains all three competition zones — Strength, Endurance and MetCon X — and carries the plan's own fuelling, hydration, recovery, teaching and daily log prompts on each day.","hybrid","","44","Ski Development + Grip","strength","STRENGTH_TRAINING","Note · Grip Block","15 min.","","","","","","","","","","","",""
"","ATHX 2027 — Women's Pro Division","Twelve-week preparation plan for ATHX 2027 — Women's edition, Pro division loads. Starts Monday 2 November 2026 and runs to competition weekend, ATHX London on 23-24 January 2027. Four phases: Base (weeks 1-4), Development (5-8), Specific (9-11), then Taper and Competition (12). Six training days a week across 72 training days and 12 rest days, 24 of them doubled AM and PM. Trains all three competition zones — Strength, Endurance and MetCon X — and carries the plan's own fuelling, hydration, recovery, teaching and daily log prompts on each day.","hybrid","","44","Ski Development + Grip","strength","STRENGTH_TRAINING","Grip Block · Farmer Carry (heavy)","4 x 40 m","","","","","","","","","","","",""
"","ATHX 2027 — Women's Pro Division","Twelve-week preparation plan for ATHX 2027 — Women's edition, Pro division loads. Starts Monday 2 November 2026 and runs to competition weekend, ATHX London on 23-24 January 2027. Four phases: Base (weeks 1-4), Development (5-8), Specific (9-11), then Taper and Competition (12). Six training days a week across 72 training days and 12 rest days, 24 of them doubled AM and PM. Trains all three competition zones — Strength, Endurance and MetCon X — and carries the plan's own fuelling, hydration, recovery, teaching and daily log prompts on each day.","hybrid","","44","Ski Development + Grip","strength","STRENGTH_TRAINING","Grip Block · Dead Hang","3 x max hold","","","","","","","","","","","",""
"","ATHX 2027 — Women's Pro Division","Twelve-week preparation plan for ATHX 2027 — Women's edition, Pro division loads. Starts Monday 2 November 2026 and runs to competition weekend, ATHX London on 23-24 January 2027. Four phases: Base (weeks 1-4), Development (5-8), Specific (9-11), then Taper and Competition (12). Six training days a week across 72 training days and 12 rest days, 24 of them doubled AM and PM. Trains all three competition zones — Strength, Endurance and MetCon X — and carries the plan's own fuelling, hydration, recovery, teaching and daily log prompts on each day.","hybrid","","44","Ski Development + Grip","strength","STRENGTH_TRAINING","Grip Block · Sandbag Bear-Hug Hold (30 kg)","3 x 45 s","","","30","","","","","","","","",""
"","ATHX 2027 — Women's Pro Division","Twelve-week preparation plan for ATHX 2027 — Women's edition, Pro division loads. Starts Monday 2 November 2026 and runs to competition weekend, ATHX London on 23-24 January 2027. Four phases: Base (weeks 1-4), Development (5-8), Specific (9-11), then Taper and Competition (12). Six training days a week across 72 training days and 12 rest days, 24 of them doubled AM and PM. Trains all three competition zones — Strength, Endurance and MetCon X — and carries the plan's own fuelling, hydration, recovery, teaching and daily log prompts on each day.","hybrid","","44","Ski Development + Grip","cardio","CARDIO_TRAINING","Note · Why this session","This is the one day where the SkiErg is the main session rather than a warm-up. Given the Endurance Zone is scored on ski metres, it is worth protecting.","","","","","","","","","","","",""
"","ATHX 2027 — Women's Pro Division","Twelve-week preparation plan for ATHX 2027 — Women's edition, Pro division loads. Starts Monday 2 November 2026 and runs to competition weekend, ATHX London on 23-24 January 2027. Four phases: Base (weeks 1-4), Development (5-8), Specific (9-11), then Taper and Competition (12). Six training days a week across 72 training days and 12 rest days, 24 of them doubled AM and PM. Trains all three competition zones — Strength, Endurance and MetCon X — and carries the plan's own fuelling, hydration, recovery, teaching and daily log prompts on each day.","hybrid","","44","Ski Development + Grip","cardio","CARDIO_TRAINING","Note · Reading the decay curve","If your first two ski minutes are poor and you recover, you have a transition problem, and that is trainable. If the pace decays steadily throughout, you have a ski endurance problem and you need more of Tuesday.","","","","","","","","","","","",""
"","ATHX 2027 — Women's Pro Division","Twelve-week preparation plan for ATHX 2027 — Women's edition, Pro division loads. Starts Monday 2 November 2026 and runs to competition weekend, ATHX London on 23-24 January 2027. Four phases: Base (weeks 1-4), Development (5-8), Specific (9-11), then Taper and Competition (12). Six training days a week across 72 training days and 12 rest days, 24 of them doubled AM and PM. Trains all three competition zones — Strength, Endurance and MetCon X — and carries the plan's own fuelling, hydration, recovery, teaching and daily log prompts on each day.","hybrid","","44","Ski Development + Grip","cardio","CARDIO_TRAINING","Note · Fuel and hydration","Pre: 30-50 g carbohydrate, 60-90 min before.
Post: 30-40 g protein plus 0.5 g/kg carbohydrate.
Daily macros: Day: carbs 4-5 g/kg protein 1.8-2.2 g/kg
Hydration: Session: sweat rate x 1.0
Electrolytes: if total session exceeds 60 min.","","","","","","","","","","","",""
"","ATHX 2027 — Women's Pro Division","Twelve-week preparation plan for ATHX 2027 — Women's edition, Pro division loads. Starts Monday 2 November 2026 and runs to competition weekend, ATHX London on 23-24 January 2027. Four phases: Base (weeks 1-4), Development (5-8), Specific (9-11), then Taper and Competition (12). Six training days a week across 72 training days and 12 rest days, 24 of them doubled AM and PM. Trains all three competition zones — Strength, Endurance and MetCon X — and carries the plan's own fuelling, hydration, recovery, teaching and daily log prompts on each day.","hybrid","","44","Ski Development + Grip","cardio","CARDIO_TRAINING","Note · Recovery","High metabolic · low mechanical
Hard work, little muscle damage. Active recovery helps here: twenty to thirty minutes of easy walking tonight. Legs should be fresh tomorrow.","","","","","","","","","","","",""
"","ATHX 2027 — Women's Pro Division","Twelve-week preparation plan for ATHX 2027 — Women's edition, Pro division loads. Starts Monday 2 November 2026 and runs to competition weekend, ATHX London on 23-24 January 2027. Four phases: Base (weeks 1-4), Development (5-8), Specific (9-11), then Taper and Competition (12). Six training days a week across 72 training days and 12 rest days, 24 of them doubled AM and PM. Trains all three competition zones — Strength, Endurance and MetCon X — and carries the plan's own fuelling, hydration, recovery, teaching and daily log prompts on each day.","hybrid","","44","Ski Development + Grip","cardio","CARDIO_TRAINING","Note · Log today","- Metres for each ski interval
- Drop from first interval to last, target under 3%
- Grip: farmer carry load, dead hang time","","","","","","","","","","","",""
"","ATHX 2027 — Women's Pro Division","Twelve-week preparation plan for ATHX 2027 — Women's edition, Pro division loads. Starts Monday 2 November 2026 and runs to competition weekend, ATHX London on 23-24 January 2027. Four phases: Base (weeks 1-4), Development (5-8), Specific (9-11), then Taper and Competition (12). Six training days a week across 72 training days and 12 rest days, 24 of them doubled AM and PM. Trains all three competition zones — Strength, Endurance and MetCon X — and carries the plan's own fuelling, hydration, recovery, teaching and daily log prompts on each day.","hybrid","","44","Ski Development + Grip","cardio","CARDIO_TRAINING","Note · Day at a glance","Session: Ski Development + Grip
Type: Ski erg + Grip
Shape: Single
Relative load: Moderate","","","","","","","","","","","",""
"","ATHX 2027 — Women's Pro Division","Twelve-week preparation plan for ATHX 2027 — Women's edition, Pro division loads. Starts Monday 2 November 2026 and runs to competition weekend, ATHX London on 23-24 January 2027. Four phases: Base (weeks 1-4), Development (5-8), Specific (9-11), then Taper and Competition (12). Six training days a week across 72 training days and 12 rest days, 24 of them doubled AM and PM. Trains all three competition zones — Strength, Endurance and MetCon X — and carries the plan's own fuelling, hydration, recovery, teaching and daily log prompts on each day.","hybrid","","45","AM — Easy Aerobic","cardio","RUNNING","Easy Aerobic","45-55 min","","","","","","","","","","","",""
"","ATHX 2027 — Women's Pro Division","Twelve-week preparation plan for ATHX 2027 — Women's edition, Pro division loads. Starts Monday 2 November 2026 and runs to competition weekend, ATHX London on 23-24 January 2027. Four phases: Base (weeks 1-4), Development (5-8), Specific (9-11), then Taper and Competition (12). Six training days a week across 72 training days and 12 rest days, 24 of them doubled AM and PM. Trains all three competition zones — Strength, Endurance and MetCon X — and carries the plan's own fuelling, hydration, recovery, teaching and daily log prompts on each day.","hybrid","","45","AM — Easy Aerobic","cardio","RUNNING","Note","Zone 2 run or bike. Conversational the whole way. This session is not where fitness is won; it is where the base is maintained without cost.","","","","","","","","","","","",""
"","ATHX 2027 — Women's Pro Division","Twelve-week preparation plan for ATHX 2027 — Women's edition, Pro division loads. Starts Monday 2 November 2026 and runs to competition weekend, ATHX London on 23-24 January 2027. Four phases: Base (weeks 1-4), Development (5-8), Specific (9-11), then Taper and Competition (12). Six training days a week across 72 training days and 12 rest days, 24 of them doubled AM and PM. Trains all three competition zones — Strength, Endurance and MetCon X — and carries the plan's own fuelling, hydration, recovery, teaching and daily log prompts on each day.","hybrid","","45","AM — Easy Aerobic","cardio","RUNNING","Note · Why this session","The heaviest day of the week, structured so the two sessions do not work against each other. The repeat-triple protocol mirrors the competition deadlift: two one-minute windows, sixty seconds apart, averaged.","","","","","","","","","","","",""
"","ATHX 2027 — Women's Pro Division","Twelve-week preparation plan for ATHX 2027 — Women's edition, Pro division loads. Starts Monday 2 November 2026 and runs to competition weekend, ATHX London on 23-24 January 2027. Four phases: Base (weeks 1-4), Development (5-8), Specific (9-11), then Taper and Competition (12). Six training days a week across 72 training days and 12 rest days, 24 of them doubled AM and PM. Trains all three competition zones — Strength, Endurance and MetCon X — and carries the plan's own fuelling, hydration, recovery, teaching and daily log prompts on each day.","hybrid","","45","AM — Easy Aerobic","cardio","RUNNING","Note · The number — 14.3 %","How much ski pace you can afford to lose by running the buy-in thirty seconds per kilometre faster, and still score the same. Most athletes lose between six and twelve per cent moving to a 5 km effort. The trade is comfortably positive.","","","","","","","","","","","",""
"","ATHX 2027 — Women's Pro Division","Twelve-week preparation plan for ATHX 2027 — Women's edition, Pro division loads. Starts Monday 2 November 2026 and runs to competition weekend, ATHX London on 23-24 January 2027. Four phases: Base (weeks 1-4), Development (5-8), Specific (9-11), then Taper and Competition (12). Six training days a week across 72 training days and 12 rest days, 24 of them doubled AM and PM. Trains all three competition zones — Strength, Endurance and MetCon X — and carries the plan's own fuelling, hydration, recovery, teaching and daily log prompts on each day.","hybrid","","45","PM — Lower Heavy","strength","STRENGTH_TRAINING","Note · Lower Heavy","Min 6 h after AM.","","","","","","","","","","","",""
"","ATHX 2027 — Women's Pro Division","Twelve-week preparation plan for ATHX 2027 — Women's edition, Pro division loads. Starts Monday 2 November 2026 and runs to competition weekend, ATHX London on 23-24 January 2027. Four phases: Base (weeks 1-4), Development (5-8), Specific (9-11), then Taper and Competition (12). Six training days a week across 72 training days and 12 rest days, 24 of them doubled AM and PM. Trains all three competition zones — Strength, Endurance and MetCon X — and carries the plan's own fuelling, hydration, recovery, teaching and daily log prompts on each day.","hybrid","","45","PM — Lower Heavy","strength","STRENGTH_TRAINING","A Back Squat","4 x 2 · 1 RIR","","","","","4","2","","","","","",""
"","ATHX 2027 — Women's Pro Division","Twelve-week preparation plan for ATHX 2027 — Women's edition, Pro division loads. Starts Monday 2 November 2026 and runs to competition weekend, ATHX London on 23-24 January 2027. Four phases: Base (weeks 1-4), Development (5-8), Specific (9-11), then Taper and Competition (12). Six training days a week across 72 training days and 12 rest days, 24 of them doubled AM and PM. Trains all three competition zones — Strength, Endurance and MetCon X — and carries the plan's own fuelling, hydration, recovery, teaching and daily log prompts on each day.","hybrid","","45","PM — Lower Heavy","strength","STRENGTH_TRAINING","B Deadlift - repeat-triple","3 x [3, rest 60 s, 3] · 2-3 RIR","","","","60","","","","","","","",""
"","ATHX 2027 — Women's Pro Division","Twelve-week preparation plan for ATHX 2027 — Women's edition, Pro division loads. Starts Monday 2 November 2026 and runs to competition weekend, ATHX London on 23-24 January 2027. Four phases: Base (weeks 1-4), Development (5-8), Specific (9-11), then Taper and Competition (12). Six training days a week across 72 training days and 12 rest days, 24 of them doubled AM and PM. Trains all three competition zones — Strength, Endurance and MetCon X — and carries the plan's own fuelling, hydration, recovery, teaching and daily log prompts on each day.","hybrid","","45","PM — Lower Heavy","strength","STRENGTH_TRAINING","C Bulgarian Split Squat","3 x 8 each leg · 3 RIR","","","","","","","","","","","",""
"","ATHX 2027 — Women's Pro Division","Twelve-week preparation plan for ATHX 2027 — Women's edition, Pro division loads. Starts Monday 2 November 2026 and runs to competition weekend, ATHX London on 23-24 January 2027. Four phases: Base (weeks 1-4), Development (5-8), Specific (9-11), then Taper and Competition (12). Six training days a week across 72 training days and 12 rest days, 24 of them doubled AM and PM. Trains all three competition zones — Strength, Endurance and MetCon X — and carries the plan's own fuelling, hydration, recovery, teaching and daily log prompts on each day.","hybrid","","45","PM — Lower Heavy","strength","STRENGTH_TRAINING","D Copenhagen Plank","3 x 30 s each side","","","","","","","","","","","",""
"","ATHX 2027 — Women's Pro Division","Twelve-week preparation plan for ATHX 2027 — Women's edition, Pro division loads. Starts Monday 2 November 2026 and runs to competition weekend, ATHX London on 23-24 January 2027. Four phases: Base (weeks 1-4), Development (5-8), Specific (9-11), then Taper and Competition (12). Six training days a week across 72 training days and 12 rest days, 24 of them doubled AM and PM. Trains all three competition zones — Strength, Endurance and MetCon X — and carries the plan's own fuelling, hydration, recovery, teaching and daily log prompts on each day.","hybrid","","45","PM — Lower Heavy","strength","STRENGTH_TRAINING","Note","The repeat-triple: work to a triple with two or three reps in the bank. Rest exactly sixty seconds. Repeat the same weight. That is one round. Three minutes between rounds.","","","","","","","","","","","",""
"","ATHX 2027 — Women's Pro Division","Twelve-week preparation plan for ATHX 2027 — Women's edition, Pro division loads. Starts Monday 2 November 2026 and runs to competition weekend, ATHX London on 23-24 January 2027. Four phases: Base (weeks 1-4), Development (5-8), Specific (9-11), then Taper and Competition (12). Six training days a week across 72 training days and 12 rest days, 24 of them doubled AM and PM. Trains all three competition zones — Strength, Endurance and MetCon X — and carries the plan's own fuelling, hydration, recovery, teaching and daily log prompts on each day.","hybrid","","45","PM — Lower Heavy","strength","STRENGTH_TRAINING","Note · Fuel and hydration","Pre-AM: 20-30 g carbohydrate, or fasted if you tolerate it.
Between: Inside 60 min: 1.0-1.5 g/kg carbs plus 30-40 g protein.
Post-PM: 40 g protein plus 1.0 g/kg carbs within two hours.
Daily macros: Day: carbs 5-6 g/kg protein 2.0-2.2 g/kg
Hydration: AM: sweat rate x 0.8 · PM: sweat rate x 1.0
Electrolytes: PM session. Dehydration cuts force and spinal stability.","","","","","","","","","","","",""
"","ATHX 2027 — Women's Pro Division","Twelve-week preparation plan for ATHX 2027 — Women's edition, Pro division loads. Starts Monday 2 November 2026 and runs to competition weekend, ATHX London on 23-24 January 2027. Four phases: Base (weeks 1-4), Development (5-8), Specific (9-11), then Taper and Competition (12). Six training days a week across 72 training days and 12 rest days, 24 of them doubled AM and PM. Trains all three competition zones — Strength, Endurance and MetCon X — and carries the plan's own fuelling, hydration, recovery, teaching and daily log prompts on each day.","hybrid","","45","PM — Lower Heavy","strength","STRENGTH_TRAINING","Note · Recovery","Highest central load of the week
Complete rest tonight. After high central load, light cardio does not speed neural recovery; sleep, downregulation and food do. Tomorrow is rest for the same reason.","","","","","","","","","","","",""
"","ATHX 2027 — Women's Pro Division","Twelve-week preparation plan for ATHX 2027 — Women's edition, Pro division loads. Starts Monday 2 November 2026 and runs to competition weekend, ATHX London on 23-24 January 2027. Four phases: Base (weeks 1-4), Development (5-8), Specific (9-11), then Taper and Competition (12). Six training days a week across 72 training days and 12 rest days, 24 of them doubled AM and PM. Trains all three competition zones — Strength, Endurance and MetCon X — and carries the plan's own fuelling, hydration, recovery, teaching and daily log prompts on each day.","hybrid","","45","PM — Lower Heavy","strength","STRENGTH_TRAINING","Note · Log today","- Back squat top set and RIR
- Deadlift - triple 1 / triple 2, each round
- The gap between the two triples","","","","","","","","","","","",""
"","ATHX 2027 — Women's Pro Division","Twelve-week preparation plan for ATHX 2027 — Women's edition, Pro division loads. Starts Monday 2 November 2026 and runs to competition weekend, ATHX London on 23-24 January 2027. Four phases: Base (weeks 1-4), Development (5-8), Specific (9-11), then Taper and Competition (12). Six training days a week across 72 training days and 12 rest days, 24 of them doubled AM and PM. Trains all three competition zones — Strength, Endurance and MetCon X — and carries the plan's own fuelling, hydration, recovery, teaching and daily log prompts on each day.","hybrid","","45","PM — Lower Heavy","strength","STRENGTH_TRAINING","Note · Day at a glance","Session: Easy Aerobic + Lower Heavy
Type: Aerobic + Lower strength
Shape: Double — the AM and PM sessions need six hours between them
Relative load: Highest","","","","","","","","","","","",""
"","ATHX 2027 — Women's Pro Division","Twelve-week preparation plan for ATHX 2027 — Women's edition, Pro division loads. Starts Monday 2 November 2026 and runs to competition weekend, ATHX London on 23-24 January 2027. Four phases: Base (weeks 1-4), Development (5-8), Specific (9-11), then Taper and Competition (12). Six training days a week across 72 training days and 12 rest days, 24 of them doubled AM and PM. Trains all three competition zones — Strength, Endurance and MetCon X — and carries the plan's own fuelling, hydration, recovery, teaching and daily log prompts on each day.","hybrid","","46","Complete Rest","cardio","GENERIC","Note","Optional, ten to fifteen minutes: thoracic rotation, hip flexor lengthening, ankle dorsiflexion. Nothing that raises the heart rate. If it starts to feel like a session, stop.

Feeling good on a rest day is a sign the rest day is doing its job rather than a reason to add a session.

More progress tends to be lost to training through fatigue than to taking a day off.","","","","","","","","","","","",""
"","ATHX 2027 — Women's Pro Division","Twelve-week preparation plan for ATHX 2027 — Women's edition, Pro division loads. Starts Monday 2 November 2026 and runs to competition weekend, ATHX London on 23-24 January 2027. Four phases: Base (weeks 1-4), Development (5-8), Specific (9-11), then Taper and Competition (12). Six training days a week across 72 training days and 12 rest days, 24 of them doubled AM and PM. Trains all three competition zones — Strength, Endurance and MetCon X — and carries the plan's own fuelling, hydration, recovery, teaching and daily log prompts on each day.","hybrid","","46","Complete Rest","cardio","GENERIC","Note · Why this session","Yesterday carried the heaviest central nervous system load of the week, and the weekend holds the most specific sessions. This day is part of the programme rather than a gap in it, and it is what allows Friday and Saturday to be productive.","","","","","","","","","","","",""
"","ATHX 2027 — Women's Pro Division","Twelve-week preparation plan for ATHX 2027 — Women's edition, Pro division loads. Starts Monday 2 November 2026 and runs to competition weekend, ATHX London on 23-24 January 2027. Four phases: Base (weeks 1-4), Development (5-8), Specific (9-11), then Taper and Competition (12). Six training days a week across 72 training days and 12 rest days, 24 of them doubled AM and PM. Trains all three competition zones — Strength, Endurance and MetCon X — and carries the plan's own fuelling, hydration, recovery, teaching and daily log prompts on each day.","hybrid","","46","Complete Rest","cardio","GENERIC","Note · The standard - Back squat - continuity","As long as the bar stays in the back rack position, your reps do not need to be consecutive. But if you re-rack or dump the bar, the score is void and you start again. That means you can pause and reset between reps of a heavy double. Use it.","","","","","","","","","","","",""
"","ATHX 2027 — Women's Pro Division","Twelve-week preparation plan for ATHX 2027 — Women's edition, Pro division loads. Starts Monday 2 November 2026 and runs to competition weekend, ATHX London on 23-24 January 2027. Four phases: Base (weeks 1-4), Development (5-8), Specific (9-11), then Taper and Competition (12). Six training days a week across 72 training days and 12 rest days, 24 of them doubled AM and PM. Trains all three competition zones — Strength, Endurance and MetCon X — and carries the plan's own fuelling, hydration, recovery, teaching and daily log prompts on each day.","hybrid","","46","Complete Rest","cardio","GENERIC","Note · Fuel and hydration","All day: Carbs come down because you are not training. Protein does not - rest days are when repair happens.
Intake: Eat at roughly maintenance. A build block is not the place for a deficit.
Daily macros: Day: carbs 3-4 g/kg protein 1.8-2.2 g/kg
Hydration: Session: none - baseline only, and still drink it
Electrolytes: not required today.","","","","","","","","","","","",""
"","ATHX 2027 — Women's Pro Division","Twelve-week preparation plan for ATHX 2027 — Women's edition, Pro division loads. Starts Monday 2 November 2026 and runs to competition weekend, ATHX London on 23-24 January 2027. Four phases: Base (weeks 1-4), Development (5-8), Specific (9-11), then Taper and Competition (12). Six training days a week across 72 training days and 12 rest days, 24 of them doubled AM and PM. Trains all three competition zones — Strength, Endurance and MetCon X — and carries the plan's own fuelling, hydration, recovery, teaching and daily log prompts on each day.","hybrid","","46","Complete Rest","cardio","GENERIC","Note · Recovery","Clearing central nervous system load
A working day for your nervous system even though it does not look like one. Sleep, downregulation and nutrition do the work. Get to bed thirty minutes earlier.","","","","","","","","","","","",""
"","ATHX 2027 — Women's Pro Division","Twelve-week preparation plan for ATHX 2027 — Women's edition, Pro division loads. Starts Monday 2 November 2026 and runs to competition weekend, ATHX London on 23-24 January 2027. Four phases: Base (weeks 1-4), Development (5-8), Specific (9-11), then Taper and Competition (12). Six training days a week across 72 training days and 12 rest days, 24 of them doubled AM and PM. Trains all three competition zones — Strength, Endurance and MetCon X — and carries the plan's own fuelling, hydration, recovery, teaching and daily log prompts on each day.","hybrid","","46","Complete Rest","cardio","GENERIC","Note · Log today","- Morning resting heart rate
- HRV if you track it
- If elevated two days running, reduce Friday volume by a third","","","","","","","","","","","",""
"","ATHX 2027 — Women's Pro Division","Twelve-week preparation plan for ATHX 2027 — Women's edition, Pro division loads. Starts Monday 2 November 2026 and runs to competition weekend, ATHX London on 23-24 January 2027. Four phases: Base (weeks 1-4), Development (5-8), Specific (9-11), then Taper and Competition (12). Six training days a week across 72 training days and 12 rest days, 24 of them doubled AM and PM. Trains all three competition zones — Strength, Endurance and MetCon X — and carries the plan's own fuelling, hydration, recovery, teaching and daily log prompts on each day.","hybrid","","46","Complete Rest","cardio","GENERIC","Note · Day at a glance","Session: Complete Rest
Type: Rest
Shape: Rest
Relative load: not rated","","","","","","","","","","","",""
"","ATHX 2027 — Women's Pro Division","Twelve-week preparation plan for ATHX 2027 — Women's edition, Pro division loads. Starts Monday 2 November 2026 and runs to competition weekend, ATHX London on 23-24 January 2027. Four phases: Base (weeks 1-4), Development (5-8), Specific (9-11), then Taper and Competition (12). Six training days a week across 72 training days and 12 rest days, 24 of them doubled AM and PM. Trains all three competition zones — Strength, Endurance and MetCon X — and carries the plan's own fuelling, hydration, recovery, teaching and daily log prompts on each day.","hybrid","","47","MetCon Specific","cardio","CARDIO_TRAINING","Note · Circuit","5 rounds. Rest 3 min between rounds.","","","","","","","","","","","",""
"","ATHX 2027 — Women's Pro Division","Twelve-week preparation plan for ATHX 2027 — Women's edition, Pro division loads. Starts Monday 2 November 2026 and runs to competition weekend, ATHX London on 23-24 January 2027. Four phases: Base (weeks 1-4), Development (5-8), Specific (9-11), then Taper and Competition (12). Six training days a week across 72 training days and 12 rest days, 24 of them doubled AM and PM. Trains all three competition zones — Strength, Endurance and MetCon X — and carries the plan's own fuelling, hydration, recovery, teaching and daily log prompts on each day.","hybrid","","47","MetCon Specific","cardio","CARDIO_TRAINING","Circuit · DB Bench Press","15 @ 15 kg","","","15","","","15","","","","","",""
"","ATHX 2027 — Women's Pro Division","Twelve-week preparation plan for ATHX 2027 — Women's edition, Pro division loads. Starts Monday 2 November 2026 and runs to competition weekend, ATHX London on 23-24 January 2027. Four phases: Base (weeks 1-4), Development (5-8), Specific (9-11), then Taper and Competition (12). Six training days a week across 72 training days and 12 rest days, 24 of them doubled AM and PM. Trains all three competition zones — Strength, Endurance and MetCon X — and carries the plan's own fuelling, hydration, recovery, teaching and daily log prompts on each day.","hybrid","","47","MetCon Specific","cardio","CARDIO_TRAINING","Circuit · DB Ground to Overhead","15 dual @ 15 kg","","","15","","","15","","","","","",""
"","ATHX 2027 — Women's Pro Division","Twelve-week preparation plan for ATHX 2027 — Women's edition, Pro division loads. Starts Monday 2 November 2026 and runs to competition weekend, ATHX London on 23-24 January 2027. Four phases: Base (weeks 1-4), Development (5-8), Specific (9-11), then Taper and Competition (12). Six training days a week across 72 training days and 12 rest days, 24 of them doubled AM and PM. Trains all three competition zones — Strength, Endurance and MetCon X — and carries the plan's own fuelling, hydration, recovery, teaching and daily log prompts on each day.","hybrid","","47","MetCon Specific","cardio","CARDIO_TRAINING","Circuit · Sandbag Squats","15 @ 50 kg","","","50","","","15","","","","","",""
"","ATHX 2027 — Women's Pro Division","Twelve-week preparation plan for ATHX 2027 — Women's edition, Pro division loads. Starts Monday 2 November 2026 and runs to competition weekend, ATHX London on 23-24 January 2027. Four phases: Base (weeks 1-4), Development (5-8), Specific (9-11), then Taper and Competition (12). Six training days a week across 72 training days and 12 rest days, 24 of them doubled AM and PM. Trains all three competition zones — Strength, Endurance and MetCon X — and carries the plan's own fuelling, hydration, recovery, teaching and daily log prompts on each day.","hybrid","","47","MetCon Specific","cardio","CARDIO_TRAINING","Circuit · Sandbag Carry (no rest)","30 m @ 50 kg","","","50","","","","","","","","",""
"","ATHX 2027 — Women's Pro Division","Twelve-week preparation plan for ATHX 2027 — Women's edition, Pro division loads. Starts Monday 2 November 2026 and runs to competition weekend, ATHX London on 23-24 January 2027. Four phases: Base (weeks 1-4), Development (5-8), Specific (9-11), then Taper and Competition (12). Six training days a week across 72 training days and 12 rest days, 24 of them doubled AM and PM. Trains all three competition zones — Strength, Endurance and MetCon X — and carries the plan's own fuelling, hydration, recovery, teaching and daily log prompts on each day.","hybrid","","47","MetCon Specific","cardio","CARDIO_TRAINING","Note · Circuit","One full exhale on each squat ascent, without holding your breath at the bottom. Some guidance suggests nasal breathing through this block, but it limits airflow below what thirty loaded squats require, so a steady rhythm works better.","","","","","","","","","","","",""
"","ATHX 2027 — Women's Pro Division","Twelve-week preparation plan for ATHX 2027 — Women's edition, Pro division loads. Starts Monday 2 November 2026 and runs to competition weekend, ATHX London on 23-24 January 2027. Four phases: Base (weeks 1-4), Development (5-8), Specific (9-11), then Taper and Competition (12). Six training days a week across 72 training days and 12 rest days, 24 of them doubled AM and PM. Trains all three competition zones — Strength, Endurance and MetCon X — and carries the plan's own fuelling, hydration, recovery, teaching and daily log prompts on each day.","hybrid","","47","MetCon Specific","cardio","CARDIO_TRAINING","Note · Finisher","300 m row, hard.","","","","","","","","","","","",""
"","ATHX 2027 — Women's Pro Division","Twelve-week preparation plan for ATHX 2027 — Women's edition, Pro division loads. Starts Monday 2 November 2026 and runs to competition weekend, ATHX London on 23-24 January 2027. Four phases: Base (weeks 1-4), Development (5-8), Specific (9-11), then Taper and Competition (12). Six training days a week across 72 training days and 12 rest days, 24 of them doubled AM and PM. Trains all three competition zones — Strength, Endurance and MetCon X — and carries the plan's own fuelling, hydration, recovery, teaching and daily log prompts on each day.","hybrid","","47","MetCon Specific","cardio","CARDIO_TRAINING","Note · Why this session","The middle of MetCon X is where most of the time is won or lost, and the sandbag squat into an immediate carry is the hardest part of it. The same grip and trunk work throughout, with no break between the two.","","","","","","","","","","","",""
"","ATHX 2027 — Women's Pro Division","Twelve-week preparation plan for ATHX 2027 — Women's edition, Pro division loads. Starts Monday 2 November 2026 and runs to competition weekend, ATHX London on 23-24 January 2027. Four phases: Base (weeks 1-4), Development (5-8), Specific (9-11), then Taper and Competition (12). Six training days a week across 72 training days and 12 rest days, 24 of them doubled AM and PM. Trains all three competition zones — Strength, Endurance and MetCon X — and carries the plan's own fuelling, hydration, recovery, teaching and daily log prompts on each day.","hybrid","","47","MetCon Specific","cardio","CARDIO_TRAINING","Note · No rep - Burpees over the bench","Chest must clearly touch the ground on every rep. Chest contact is usually the first standard to slip thirty reps into MetCon X, and judges watch for it.","","","","","","","","","","","",""
"","ATHX 2027 — Women's Pro Division","Twelve-week preparation plan for ATHX 2027 — Women's edition, Pro division loads. Starts Monday 2 November 2026 and runs to competition weekend, ATHX London on 23-24 January 2027. Four phases: Base (weeks 1-4), Development (5-8), Specific (9-11), then Taper and Competition (12). Six training days a week across 72 training days and 12 rest days, 24 of them doubled AM and PM. Trains all three competition zones — Strength, Endurance and MetCon X — and carries the plan's own fuelling, hydration, recovery, teaching and daily log prompts on each day.","hybrid","","47","MetCon Specific","cardio","CARDIO_TRAINING","Note · Fuel and hydration","Pre: 40-50 g carbohydrate, 90 min before.
Intra: Electrolyte drink between rounds, not during them.
Post: 40 g protein plus 1.0 g/kg carbs within two hours.
Daily macros: Day: carbs 5-6 g/kg protein 1.8-2.2 g/kg
Hydration: Session: sweat rate x 1.2
Electrolytes: required. Highest sweat rate of your week.","","","","","","","","","","","",""
"","ATHX 2027 — Women's Pro Division","Twelve-week preparation plan for ATHX 2027 — Women's edition, Pro division loads. Starts Monday 2 November 2026 and runs to competition weekend, ATHX London on 23-24 January 2027. Four phases: Base (weeks 1-4), Development (5-8), Specific (9-11), then Taper and Competition (12). Six training days a week across 72 training days and 12 rest days, 24 of them doubled AM and PM. Trains all three competition zones — Strength, Endurance and MetCon X — and carries the plan's own fuelling, hydration, recovery, teaching and daily log prompts on each day.","hybrid","","47","MetCon Specific","cardio","CARDIO_TRAINING","Note · Recovery","High metabolic · moderate mechanical
Loaded squatting and grip, no heavy eccentrics. Twenty minutes of easy walking or light cycling tonight. Not running - tomorrow needs your legs.","","","","","","","","","","","",""
"","ATHX 2027 — Women's Pro Division","Twelve-week preparation plan for ATHX 2027 — Women's edition, Pro division loads. Starts Monday 2 November 2026 and runs to competition weekend, ATHX London on 23-24 January 2027. Four phases: Base (weeks 1-4), Development (5-8), Specific (9-11), then Taper and Competition (12). Six training days a week across 72 training days and 12 rest days, 24 of them doubled AM and PM. Trains all three competition zones — Strength, Endurance and MetCon X — and carries the plan's own fuelling, hydration, recovery, teaching and daily log prompts on each day.","hybrid","","47","MetCon Specific","cardio","CARDIO_TRAINING","Note · Log today","- Time for each round
- Drop from round one to the final round, target within 10%
- Where the sandbag block broke down","","","","","","","","","","","",""
"","ATHX 2027 — Women's Pro Division","Twelve-week preparation plan for ATHX 2027 — Women's edition, Pro division loads. Starts Monday 2 November 2026 and runs to competition weekend, ATHX London on 23-24 January 2027. Four phases: Base (weeks 1-4), Development (5-8), Specific (9-11), then Taper and Competition (12). Six training days a week across 72 training days and 12 rest days, 24 of them doubled AM and PM. Trains all three competition zones — Strength, Endurance and MetCon X — and carries the plan's own fuelling, hydration, recovery, teaching and daily log prompts on each day.","hybrid","","47","MetCon Specific","cardio","CARDIO_TRAINING","Note · Day at a glance","Session: MetCon Specific
Type: MetCon circuit
Shape: Single
Relative load: High","","","","","","","","","","","",""
"","ATHX 2027 — Women's Pro Division","Twelve-week preparation plan for ATHX 2027 — Women's edition, Pro division loads. Starts Monday 2 November 2026 and runs to competition weekend, ATHX London on 23-24 January 2027. Four phases: Base (weeks 1-4), Development (5-8), Specific (9-11), then Taper and Competition (12). Six training days a week across 72 training days and 12 rest days, 24 of them doubled AM and PM. Trains all three competition zones — Strength, Endurance and MetCon X — and carries the plan's own fuelling, hydration, recovery, teaching and daily log prompts on each day.","hybrid","","48","Endurance Zone - Full Rehearsal","cardio","CARDIO_TRAINING","Note · Full Endurance Zone","24 min cap.","","","","","","","","","","","",""
"","ATHX 2027 — Women's Pro Division","Twelve-week preparation plan for ATHX 2027 — Women's edition, Pro division loads. Starts Monday 2 November 2026 and runs to competition weekend, ATHX London on 23-24 January 2027. Four phases: Base (weeks 1-4), Development (5-8), Specific (9-11), then Taper and Competition (12). Six training days a week across 72 training days and 12 rest days, 24 of them doubled AM and PM. Trains all three competition zones — Strength, Endurance and MetCon X — and carries the plan's own fuelling, hydration, recovery, teaching and daily log prompts on each day.","hybrid","","48","Endurance Zone - Full Rehearsal","cardio","CARDIO_TRAINING","Run buy-in","3 km at your chosen entry pace","","","","","","","","","","","",""
"","ATHX 2027 — Women's Pro Division","Twelve-week preparation plan for ATHX 2027 — Women's edition, Pro division loads. Starts Monday 2 November 2026 and runs to competition weekend, ATHX London on 23-24 January 2027. Four phases: Base (weeks 1-4), Development (5-8), Specific (9-11), then Taper and Competition (12). Six training days a week across 72 training days and 12 rest days, 24 of them doubled AM and PM. Trains all three competition zones — Strength, Endurance and MetCon X — and carries the plan's own fuelling, hydration, recovery, teaching and daily log prompts on each day.","hybrid","","48","Endurance Zone - Full Rehearsal","cardio","CARDIO_TRAINING","Then","max ski to cap","","","","","","","","","","","",""
"","ATHX 2027 — Women's Pro Division","Twelve-week preparation plan for ATHX 2027 — Women's edition, Pro division loads. Starts Monday 2 November 2026 and runs to competition weekend, ATHX London on 23-24 January 2027. Four phases: Base (weeks 1-4), Development (5-8), Specific (9-11), then Taper and Competition (12). Six training days a week across 72 training days and 12 rest days, 24 of them doubled AM and PM. Trains all three competition zones — Strength, Endurance and MetCon X — and carries the plan's own fuelling, hydration, recovery, teaching and daily log prompts on each day.","hybrid","","48","Endurance Zone - Full Rehearsal","cardio","CARDIO_TRAINING","Note · Score","ski metres only","","","","","","","","","","","",""
"","ATHX 2027 — Women's Pro Division","Twelve-week preparation plan for ATHX 2027 — Women's edition, Pro division loads. Starts Monday 2 November 2026 and runs to competition weekend, ATHX London on 23-24 January 2027. Four phases: Base (weeks 1-4), Development (5-8), Specific (9-11), then Taper and Competition (12). Six training days a week across 72 training days and 12 rest days, 24 of them doubled AM and PM. Trains all three competition zones — Strength, Endurance and MetCon X — and carries the plan's own fuelling, hydration, recovery, teaching and daily log prompts on each day.","hybrid","","48","Endurance Zone - Full Rehearsal","cardio","CARDIO_TRAINING","Note","Run the buy-in at the pace you intend to race and record ski distance at every 500 m. The shape of the decay curve shows whether the limiting factor is the transition or ski endurance.

Repeat this in Week 9 at a different entry pace. Whichever produces more total ski metres is your race strategy.","","","","","","","","","","","",""
"","ATHX 2027 — Women's Pro Division","Twelve-week preparation plan for ATHX 2027 — Women's edition, Pro division loads. Starts Monday 2 November 2026 and runs to competition weekend, ATHX London on 23-24 January 2027. Four phases: Base (weeks 1-4), Development (5-8), Specific (9-11), then Taper and Competition (12). Six training days a week across 72 training days and 12 rest days, 24 of them doubled AM and PM. Trains all three competition zones — Strength, Endurance and MetCon X — and carries the plan's own fuelling, hydration, recovery, teaching and daily log prompts on each day.","hybrid","","48","Endurance Zone - Full Rehearsal","cardio","CARDIO_TRAINING","Note · Why this session","The whole zone, once, exactly as it will run on the day. This is data collection, so record every 500 m ski split and let the session run as planned rather than adjusting to protect the number.","","","","","","","","","","","",""
"","ATHX 2027 — Women's Pro Division","Twelve-week preparation plan for ATHX 2027 — Women's edition, Pro division loads. Starts Monday 2 November 2026 and runs to competition weekend, ATHX London on 23-24 January 2027. Four phases: Base (weeks 1-4), Development (5-8), Specific (9-11), then Taper and Competition (12). Six training days a week across 72 training days and 12 rest days, 24 of them doubled AM and PM. Trains all three competition zones — Strength, Endurance and MetCon X — and carries the plan's own fuelling, hydration, recovery, teaching and daily log prompts on each day.","hybrid","","48","Endurance Zone - Full Rehearsal","cardio","CARDIO_TRAINING","Note · Kit - Shoes","Weightlifting shoes are permitted in the Strength Zone, though one pair of stable trainers across all three zones suits most athletes better. Changing shoes costs time between zones and adds another thing to remember.","","","","","","","","","","","",""
"","ATHX 2027 — Women's Pro Division","Twelve-week preparation plan for ATHX 2027 — Women's edition, Pro division loads. Starts Monday 2 November 2026 and runs to competition weekend, ATHX London on 23-24 January 2027. Four phases: Base (weeks 1-4), Development (5-8), Specific (9-11), then Taper and Competition (12). Six training days a week across 72 training days and 12 rest days, 24 of them doubled AM and PM. Trains all three competition zones — Strength, Endurance and MetCon X — and carries the plan's own fuelling, hydration, recovery, teaching and daily log prompts on each day.","hybrid","","48","Endurance Zone - Full Rehearsal","cardio","CARDIO_TRAINING","Note · Fuel and hydration","Pre: 40-50 g carbohydrate, 90 min before. Under-fuel this and the data is meaningless.
Post: 30-40 g protein plus 1.0 g/kg carbohydrate.
Daily macros: Day: carbs 5-6 g/kg protein 1.8-2.2 g/kg
Hydration: Session: sweat rate x 1.1
Electrolytes: yes. Sip between rounds.","","","","","","","","","","","",""
"","ATHX 2027 — Women's Pro Division","Twelve-week preparation plan for ATHX 2027 — Women's edition, Pro division loads. Starts Monday 2 November 2026 and runs to competition weekend, ATHX London on 23-24 January 2027. Four phases: Base (weeks 1-4), Development (5-8), Specific (9-11), then Taper and Competition (12). Six training days a week across 72 training days and 12 rest days, 24 of them doubled AM and PM. Trains all three competition zones — Strength, Endurance and MetCon X — and carries the plan's own fuelling, hydration, recovery, teaching and daily log prompts on each day.","hybrid","","48","Endurance Zone - Full Rehearsal","cardio","CARDIO_TRAINING","Note · Recovery","High metabolic · moderate mechanical
Tomorrow's easy aerobic is your recovery, which is why it sits there. Sleep is tonight's priority. Legs beaten up in the morning? Take Sunday as a walk.","","","","","","","","","","","",""
"","ATHX 2027 — Women's Pro Division","Twelve-week preparation plan for ATHX 2027 — Women's edition, Pro division loads. Starts Monday 2 November 2026 and runs to competition weekend, ATHX London on 23-24 January 2027. Four phases: Base (weeks 1-4), Development (5-8), Specific (9-11), then Taper and Competition (12). Six training days a week across 72 training days and 12 rest days, 24 of them doubled AM and PM. Trains all three competition zones — Strength, Endurance and MetCon X — and carries the plan's own fuelling, hydration, recovery, teaching and daily log prompts on each day.","hybrid","","48","Endurance Zone - Full Rehearsal","cardio","CARDIO_TRAINING","Note · Log today","- Ski metres per round, or 500 m splits if rehearsing the full zone
- Final round as a percentage of the first, target within 5%
- How the first thirty seconds of each ski felt","","","","","","","","","","","",""
"","ATHX 2027 — Women's Pro Division","Twelve-week preparation plan for ATHX 2027 — Women's edition, Pro division loads. Starts Monday 2 November 2026 and runs to competition weekend, ATHX London on 23-24 January 2027. Four phases: Base (weeks 1-4), Development (5-8), Specific (9-11), then Taper and Competition (12). Six training days a week across 72 training days and 12 rest days, 24 of them doubled AM and PM. Trains all three competition zones — Strength, Endurance and MetCon X — and carries the plan's own fuelling, hydration, recovery, teaching and daily log prompts on each day.","hybrid","","48","Endurance Zone - Full Rehearsal","cardio","CARDIO_TRAINING","Note · Day at a glance","Session: Endurance Zone - Full Rehearsal
Type: Run to ski transition
Shape: Single
Relative load: High","","","","","","","","","","","",""
"","ATHX 2027 — Women's Pro Division","Twelve-week preparation plan for ATHX 2027 — Women's edition, Pro division loads. Starts Monday 2 November 2026 and runs to competition weekend, ATHX London on 23-24 January 2027. Four phases: Base (weeks 1-4), Development (5-8), Specific (9-11), then Taper and Competition (12). Six training days a week across 72 training days and 12 rest days, 24 of them doubled AM and PM. Trains all three competition zones — Strength, Endurance and MetCon X — and carries the plan's own fuelling, hydration, recovery, teaching and daily log prompts on each day.","hybrid","","49","Easy Aerobic","cardio","RUNNING","Easy Aerobic","60-75 min — Zone 2 run / bike","","","","","","","","","","","",""
"","ATHX 2027 — Women's Pro Division","Twelve-week preparation plan for ATHX 2027 — Women's edition, Pro division loads. Starts Monday 2 November 2026 and runs to competition weekend, ATHX London on 23-24 January 2027. Four phases: Base (weeks 1-4), Development (5-8), Specific (9-11), then Taper and Competition (12). Six training days a week across 72 training days and 12 rest days, 24 of them doubled AM and PM. Trains all three competition zones — Strength, Endurance and MetCon X — and carries the plan's own fuelling, hydration, recovery, teaching and daily log prompts on each day.","hybrid","","49","Easy Aerobic","cardio","RUNNING","Note","Conversational the entire time. Running this session too quickly is the easiest way to compromise the following week.","","","","","","","","","","","",""
"","ATHX 2027 — Women's Pro Division","Twelve-week preparation plan for ATHX 2027 — Women's edition, Pro division loads. Starts Monday 2 November 2026 and runs to competition weekend, ATHX London on 23-24 January 2027. Four phases: Base (weeks 1-4), Development (5-8), Specific (9-11), then Taper and Competition (12). Six training days a week across 72 training days and 12 rest days, 24 of them doubled AM and PM. Trains all three competition zones — Strength, Endurance and MetCon X — and carries the plan's own fuelling, hydration, recovery, teaching and daily log prompts on each day.","hybrid","","49","Easy Aerobic","cardio","RUNNING","Note · Why this session","This day does two things: it maintains the aerobic base the rest of the plan is built on, and it helps clear yesterday's session by promoting blood flow without adding stress.","","","","","","","","","","","",""
"","ATHX 2027 — Women's Pro Division","Twelve-week preparation plan for ATHX 2027 — Women's edition, Pro division loads. Starts Monday 2 November 2026 and runs to competition weekend, ATHX London on 23-24 January 2027. Four phases: Base (weeks 1-4), Development (5-8), Specific (9-11), then Taper and Competition (12). Six training days a week across 72 training days and 12 rest days, 24 of them doubled AM and PM. Trains all three competition zones — Strength, Endurance and MetCon X — and carries the plan's own fuelling, hydration, recovery, teaching and daily log prompts on each day.","hybrid","","49","Easy Aerobic","cardio","RUNNING","Note · Sunday audit","If Wednesday's deadlift gap widened rather than narrowed, and Saturday's ski faded more than five per cent, you are accumulating fatigue faster than you are clearing it. In that case the Week 8 deload is worth taking in full rather than pushing through.","","","","","","","","","","","",""
"","ATHX 2027 — Women's Pro Division","Twelve-week preparation plan for ATHX 2027 — Women's edition, Pro division loads. Starts Monday 2 November 2026 and runs to competition weekend, ATHX London on 23-24 January 2027. Four phases: Base (weeks 1-4), Development (5-8), Specific (9-11), then Taper and Competition (12). Six training days a week across 72 training days and 12 rest days, 24 of them doubled AM and PM. Trains all three competition zones — Strength, Endurance and MetCon X — and carries the plan's own fuelling, hydration, recovery, teaching and daily log prompts on each day.","hybrid","","49","Easy Aerobic","cardio","RUNNING","Note · Fuel and hydration","Pre: Optional. Small carbohydrate serving if you prefer not to train empty.
Post: Normal meal within a couple of hours.
Daily macros: Day: carbs 4-5 g/kg protein 1.8-2.2 g/kg
Hydration: Session: sweat rate x 0.8
Electrolytes: only if over 60 min or hot.","","","","","","","","","","","",""
"","ATHX 2027 — Women's Pro Division","Twelve-week preparation plan for ATHX 2027 — Women's edition, Pro division loads. Starts Monday 2 November 2026 and runs to competition weekend, ATHX London on 23-24 January 2027. Four phases: Base (weeks 1-4), Development (5-8), Specific (9-11), then Taper and Competition (12). Six training days a week across 72 training days and 12 rest days, 24 of them doubled AM and PM. Trains all three competition zones — Strength, Endurance and MetCon X — and carries the plan's own fuelling, hydration, recovery, teaching and daily log prompts on each day.","hybrid","","49","Easy Aerobic","cardio","RUNNING","Note · Recovery","Minimal · this session is the recovery
Low mechanical load, sustained blood flow, negligible metabolic cost. After it, take the rest of the day genuinely off.","","","","","","","","","","","",""
"","ATHX 2027 — Women's Pro Division","Twelve-week preparation plan for ATHX 2027 — Women's edition, Pro division loads. Starts Monday 2 November 2026 and runs to competition weekend, ATHX London on 23-24 January 2027. Four phases: Base (weeks 1-4), Development (5-8), Specific (9-11), then Taper and Competition (12). Six training days a week across 72 training days and 12 rest days, 24 of them doubled AM and PM. Trains all three competition zones — Strength, Endurance and MetCon X — and carries the plan's own fuelling, hydration, recovery, teaching and daily log prompts on each day.","hybrid","","49","Easy Aerobic","cardio","RUNNING","Note · Log today","- Average heart rate
- Compare to the same session in Week 1
- How the week felt overall","","","","","","","","","","","",""
"","ATHX 2027 — Women's Pro Division","Twelve-week preparation plan for ATHX 2027 — Women's edition, Pro division loads. Starts Monday 2 November 2026 and runs to competition weekend, ATHX London on 23-24 January 2027. Four phases: Base (weeks 1-4), Development (5-8), Specific (9-11), then Taper and Competition (12). Six training days a week across 72 training days and 12 rest days, 24 of them doubled AM and PM. Trains all three competition zones — Strength, Endurance and MetCon X — and carries the plan's own fuelling, hydration, recovery, teaching and daily log prompts on each day.","hybrid","","49","Easy Aerobic","cardio","RUNNING","Note · Day at a glance","Session: Easy Aerobic
Type: Easy aerobic
Shape: Single
Relative load: Low","","","","","","","","","","","",""
"","ATHX 2027 — Women's Pro Division","Twelve-week preparation plan for ATHX 2027 — Women's edition, Pro division loads. Starts Monday 2 November 2026 and runs to competition weekend, ATHX London on 23-24 January 2027. Four phases: Base (weeks 1-4), Development (5-8), Specific (9-11), then Taper and Competition (12). Six training days a week across 72 training days and 12 rest days, 24 of them doubled AM and PM. Trains all three competition zones — Strength, Endurance and MetCon X — and carries the plan's own fuelling, hydration, recovery, teaching and daily log prompts on each day.","hybrid","","50","AM — Threshold Run","cardio","RUNNING","Threshold Run","3 x 5 min","","","","","","","","","","","",""
"","ATHX 2027 — Women's Pro Division","Twelve-week preparation plan for ATHX 2027 — Women's edition, Pro division loads. Starts Monday 2 November 2026 and runs to competition weekend, ATHX London on 23-24 January 2027. Four phases: Base (weeks 1-4), Development (5-8), Specific (9-11), then Taper and Competition (12). Six training days a week across 72 training days and 12 rest days, 24 of them doubled AM and PM. Trains all three competition zones — Strength, Endurance and MetCon X — and carries the plan's own fuelling, hydration, recovery, teaching and daily log prompts on each day.","hybrid","","50","AM — Threshold Run","cardio","RUNNING","Note","Warm-up 10 min + 4 strides. Main set at 10 km race effort, 90 s jog. Cool-down 8 min easy. You should be able to speak a short sentence, not a long one. Comfortable talking means go faster. No talking at all means ease off - this is not an interval session.","","","","","","","","","","","",""
"","ATHX 2027 — Women's Pro Division","Twelve-week preparation plan for ATHX 2027 — Women's edition, Pro division loads. Starts Monday 2 November 2026 and runs to competition weekend, ATHX London on 23-24 January 2027. Four phases: Base (weeks 1-4), Development (5-8), Specific (9-11), then Taper and Competition (12). Six training days a week across 72 training days and 12 rest days, 24 of them doubled AM and PM. Trains all three competition zones — Strength, Endurance and MetCon X — and carries the plan's own fuelling, hydration, recovery, teaching and daily log prompts on each day.","hybrid","","50","AM — Threshold Run","cardio","RUNNING","Note · Week 8 of 12 — Development Phase","WEEK 4 OF 4, week commencing 2026-12-21.
What changes: Deload before the specific phase. Intensity stays, volume halves. You are clearing fatigue to arrive sharp, not losing fitness.
One priority: Arrive at Week 9 recovered, since the Specific phase depends on it.
If you miss a session: Tuesday and Saturday are the ones to protect, since ski work and the run-to-ski transition have no direct substitute. The rest can be dropped without much cost.
Looking ahead: Week 9 opens the Specific phase. Everything now runs at competition pace, weight and timing.
Volume: run 1h45 · ski 22m · 2 lift sessions · 4h15 total","","","","","","","","","","","",""
"","ATHX 2027 — Women's Pro Division","Twelve-week preparation plan for ATHX 2027 — Women's edition, Pro division loads. Starts Monday 2 November 2026 and runs to competition weekend, ATHX London on 23-24 January 2027. Four phases: Base (weeks 1-4), Development (5-8), Specific (9-11), then Taper and Competition (12). Six training days a week across 72 training days and 12 rest days, 24 of them doubled AM and PM. Trains all three competition zones — Strength, Endurance and MetCon X — and carries the plan's own fuelling, hydration, recovery, teaching and daily log prompts on each day.","hybrid","","50","AM — Threshold Run","cardio","RUNNING","Note · Why this session","Threshold running raises your 3 km buy-in pace, which converts into ski time. Overhead strength is a third of the Strength score.","","","","","","","","","","","",""
"","ATHX 2027 — Women's Pro Division","Twelve-week preparation plan for ATHX 2027 — Women's edition, Pro division loads. Starts Monday 2 November 2026 and runs to competition weekend, ATHX London on 23-24 January 2027. Four phases: Base (weeks 1-4), Development (5-8), Specific (9-11), then Taper and Competition (12). Six training days a week across 72 training days and 12 rest days, 24 of them doubled AM and PM. Trains all three competition zones — Strength, Endurance and MetCon X — and carries the plan's own fuelling, hydration, recovery, teaching and daily log prompts on each day.","hybrid","","50","AM — Threshold Run","cardio","RUNNING","Note · Taper the deload","Intensity stays and volume halves, so this is a sharpening week rather than a rest week. The Specific phase depends on arriving recovered, so week nine is worth reaching in good shape.","","","","","","","","","","","",""
"","ATHX 2027 — Women's Pro Division","Twelve-week preparation plan for ATHX 2027 — Women's edition, Pro division loads. Starts Monday 2 November 2026 and runs to competition weekend, ATHX London on 23-24 January 2027. Four phases: Base (weeks 1-4), Development (5-8), Specific (9-11), then Taper and Competition (12). Six training days a week across 72 training days and 12 rest days, 24 of them doubled AM and PM. Trains all three competition zones — Strength, Endurance and MetCon X — and carries the plan's own fuelling, hydration, recovery, teaching and daily log prompts on each day.","hybrid","","50","PM — Upper Heavy","strength","STRENGTH_TRAINING","Note · Upper Heavy","Min 6 h after AM.","","","","","","","","","","","",""
"","ATHX 2027 — Women's Pro Division","Twelve-week preparation plan for ATHX 2027 — Women's edition, Pro division loads. Starts Monday 2 November 2026 and runs to competition weekend, ATHX London on 23-24 January 2027. Four phases: Base (weeks 1-4), Development (5-8), Specific (9-11), then Taper and Competition (12). Six training days a week across 72 training days and 12 rest days, 24 of them doubled AM and PM. Trains all three competition zones — Strength, Endurance and MetCon X — and carries the plan's own fuelling, hydration, recovery, teaching and daily log prompts on each day.","hybrid","","50","PM — Upper Heavy","strength","STRENGTH_TRAINING","A1 Push Press","3 x 3 · 3 RIR","","","","","3","3","","","","","",""
"","ATHX 2027 — Women's Pro Division","Twelve-week preparation plan for ATHX 2027 — Women's edition, Pro division loads. Starts Monday 2 November 2026 and runs to competition weekend, ATHX London on 23-24 January 2027. Four phases: Base (weeks 1-4), Development (5-8), Specific (9-11), then Taper and Competition (12). Six training days a week across 72 training days and 12 rest days, 24 of them doubled AM and PM. Trains all three competition zones — Strength, Endurance and MetCon X — and carries the plan's own fuelling, hydration, recovery, teaching and daily log prompts on each day.","hybrid","","50","PM — Upper Heavy","strength","STRENGTH_TRAINING","A2 Weighted Pull-Up or Heavy Row","5 x 5 · 2 RIR","","","","","5","5","","","","","",""
"","ATHX 2027 — Women's Pro Division","Twelve-week preparation plan for ATHX 2027 — Women's edition, Pro division loads. Starts Monday 2 November 2026 and runs to competition weekend, ATHX London on 23-24 January 2027. Four phases: Base (weeks 1-4), Development (5-8), Specific (9-11), then Taper and Competition (12). Six training days a week across 72 training days and 12 rest days, 24 of them doubled AM and PM. Trains all three competition zones — Strength, Endurance and MetCon X — and carries the plan's own fuelling, hydration, recovery, teaching and daily log prompts on each day.","hybrid","","50","PM — Upper Heavy","strength","STRENGTH_TRAINING","B1 DB Bench Press (12.5 kg)","3 x 12","","","12.5","","3","12","","","","","",""
"","ATHX 2027 — Women's Pro Division","Twelve-week preparation plan for ATHX 2027 — Women's edition, Pro division loads. Starts Monday 2 November 2026 and runs to competition weekend, ATHX London on 23-24 January 2027. Four phases: Base (weeks 1-4), Development (5-8), Specific (9-11), then Taper and Competition (12). Six training days a week across 72 training days and 12 rest days, 24 of them doubled AM and PM. Trains all three competition zones — Strength, Endurance and MetCon X — and carries the plan's own fuelling, hydration, recovery, teaching and daily log prompts on each day.","hybrid","","50","PM — Upper Heavy","strength","STRENGTH_TRAINING","B2 Barbell Bent-Over Row","4 x 10 · 3 RIR","","","","","4","10","","","","","",""
"","ATHX 2027 — Women's Pro Division","Twelve-week preparation plan for ATHX 2027 — Women's edition, Pro division loads. Starts Monday 2 November 2026 and runs to competition weekend, ATHX London on 23-24 January 2027. Four phases: Base (weeks 1-4), Development (5-8), Specific (9-11), then Taper and Competition (12). Six training days a week across 72 training days and 12 rest days, 24 of them doubled AM and PM. Trains all three competition zones — Strength, Endurance and MetCon X — and carries the plan's own fuelling, hydration, recovery, teaching and daily log prompts on each day.","hybrid","","50","PM — Upper Heavy","strength","STRENGTH_TRAINING","C Half-Kneeling Z Press","3 x 8 · 3 RIR","","","","","3","8","","","","","",""
"","ATHX 2027 — Women's Pro Division","Twelve-week preparation plan for ATHX 2027 — Women's edition, Pro division loads. Starts Monday 2 November 2026 and runs to competition weekend, ATHX London on 23-24 January 2027. Four phases: Base (weeks 1-4), Development (5-8), Specific (9-11), then Taper and Competition (12). Six training days a week across 72 training days and 12 rest days, 24 of them doubled AM and PM. Trains all three competition zones — Strength, Endurance and MetCon X — and carries the plan's own fuelling, hydration, recovery, teaching and daily log prompts on each day.","hybrid","","50","PM — Upper Heavy","strength","STRENGTH_TRAINING","Note · Fuel and hydration","Pre-AM: 30-40 g carbohydrate, 60-90 min before.
Between: Inside 60 min: 1.0-1.5 g/kg carbs plus 30-40 g protein. Non-negotiable on a double day.
Post-PM: 30-40 g protein plus 0.5-1.0 g/kg carbs within two hours.
Daily macros: Day: carbs 5-6 g/kg protein 1.8-2.2 g/kg
Hydration: AM: sweat rate x 0.7 · PM: sweat rate x 0.9
Electrolytes: AM run if over 60 min or warm.","","","","","","","","","","","",""
"","ATHX 2027 — Women's Pro Division","Twelve-week preparation plan for ATHX 2027 — Women's edition, Pro division loads. Starts Monday 2 November 2026 and runs to competition weekend, ATHX London on 23-24 January 2027. Four phases: Base (weeks 1-4), Development (5-8), Specific (9-11), then Taper and Competition (12). Six training days a week across 72 training days and 12 rest days, 24 of them doubled AM and PM. Trains all three competition zones — Strength, Endurance and MetCon X — and carries the plan's own fuelling, hydration, recovery, teaching and daily log prompts on each day.","hybrid","","50","PM — Upper Heavy","strength","STRENGTH_TRAINING","Note · Recovery","Moderate mechanical · moderate central
Sleep is the intervention. You have moved twice today, so more movement is not more recovery. Tomorrow is ski: trunk and lats, legs left alone.","","","","","","","","","","","",""
"","ATHX 2027 — Women's Pro Division","Twelve-week preparation plan for ATHX 2027 — Women's edition, Pro division loads. Starts Monday 2 November 2026 and runs to competition weekend, ATHX London on 23-24 January 2027. Four phases: Base (weeks 1-4), Development (5-8), Specific (9-11), then Taper and Competition (12). Six training days a week across 72 training days and 12 rest days, 24 of them doubled AM and PM. Trains all three competition zones — Strength, Endurance and MetCon X — and carries the plan's own fuelling, hydration, recovery, teaching and daily log prompts on each day.","hybrid","","50","PM — Upper Heavy","strength","STRENGTH_TRAINING","Note · Log today","- Fastest and slowest interval pace, and the gap between them
- Push press top set and RIR
- How the legs felt in the PM session","","","","","","","","","","","",""
"","ATHX 2027 — Women's Pro Division","Twelve-week preparation plan for ATHX 2027 — Women's edition, Pro division loads. Starts Monday 2 November 2026 and runs to competition weekend, ATHX London on 23-24 January 2027. Four phases: Base (weeks 1-4), Development (5-8), Specific (9-11), then Taper and Competition (12). Six training days a week across 72 training days and 12 rest days, 24 of them doubled AM and PM. Trains all three competition zones — Strength, Endurance and MetCon X — and carries the plan's own fuelling, hydration, recovery, teaching and daily log prompts on each day.","hybrid","","50","PM — Upper Heavy","strength","STRENGTH_TRAINING","Note · Day at a glance","Session: Threshold Run + Upper Heavy
Type: Run + Upper strength
Shape: Double — the AM and PM sessions need six hours between them
Relative load: High","","","","","","","","","","","",""
"","ATHX 2027 — Women's Pro Division","Twelve-week preparation plan for ATHX 2027 — Women's edition, Pro division loads. Starts Monday 2 November 2026 and runs to competition weekend, ATHX London on 23-24 January 2027. Four phases: Base (weeks 1-4), Development (5-8), Specific (9-11), then Taper and Competition (12). Six training days a week across 72 training days and 12 rest days, 24 of them doubled AM and PM. Trains all three competition zones — Strength, Endurance and MetCon X — and carries the plan's own fuelling, hydration, recovery, teaching and daily log prompts on each day.","hybrid","","51","Ski Development + Grip","cardio","CARDIO_TRAINING","Ski Intervals · Warm-up","5 min + 3 x 20 s brisk","","","","","","","","","","","",""
"","ATHX 2027 — Women's Pro Division","Twelve-week preparation plan for ATHX 2027 — Women's edition, Pro division loads. Starts Monday 2 November 2026 and runs to competition weekend, ATHX London on 23-24 January 2027. Four phases: Base (weeks 1-4), Development (5-8), Specific (9-11), then Taper and Competition (12). Six training days a week across 72 training days and 12 rest days, 24 of them doubled AM and PM. Trains all three competition zones — Strength, Endurance and MetCon X — and carries the plan's own fuelling, hydration, recovery, teaching and daily log prompts on each day.","hybrid","","51","Ski Development + Grip","cardio","CARDIO_TRAINING","Ski Intervals · Main","4 x 4 min at target competition pace, 90 s recovery between reps","","","","","","","","","","","",""
"","ATHX 2027 — Women's Pro Division","Twelve-week preparation plan for ATHX 2027 — Women's edition, Pro division loads. Starts Monday 2 November 2026 and runs to competition weekend, ATHX London on 23-24 January 2027. Four phases: Base (weeks 1-4), Development (5-8), Specific (9-11), then Taper and Competition (12). Six training days a week across 72 training days and 12 rest days, 24 of them doubled AM and PM. Trains all three competition zones — Strength, Endurance and MetCon X — and carries the plan's own fuelling, hydration, recovery, teaching and daily log prompts on each day.","hybrid","","51","Ski Development + Grip","cardio","CARDIO_TRAINING","Note · Ski Intervals","Target competition pace is roughly 2:20 per 500 m for a well-trained athlete. Use your own figure from the Week 1 benchmark.","","","","","","","","","","","",""
"","ATHX 2027 — Women's Pro Division","Twelve-week preparation plan for ATHX 2027 — Women's edition, Pro division loads. Starts Monday 2 November 2026 and runs to competition weekend, ATHX London on 23-24 January 2027. Four phases: Base (weeks 1-4), Development (5-8), Specific (9-11), then Taper and Competition (12). Six training days a week across 72 training days and 12 rest days, 24 of them doubled AM and PM. Trains all three competition zones — Strength, Endurance and MetCon X — and carries the plan's own fuelling, hydration, recovery, teaching and daily log prompts on each day.","hybrid","","51","Ski Development + Grip","strength","STRENGTH_TRAINING","Note · Grip Block","15 min.","","","","","","","","","","","",""
"","ATHX 2027 — Women's Pro Division","Twelve-week preparation plan for ATHX 2027 — Women's edition, Pro division loads. Starts Monday 2 November 2026 and runs to competition weekend, ATHX London on 23-24 January 2027. Four phases: Base (weeks 1-4), Development (5-8), Specific (9-11), then Taper and Competition (12). Six training days a week across 72 training days and 12 rest days, 24 of them doubled AM and PM. Trains all three competition zones — Strength, Endurance and MetCon X — and carries the plan's own fuelling, hydration, recovery, teaching and daily log prompts on each day.","hybrid","","51","Ski Development + Grip","strength","STRENGTH_TRAINING","Grip Block · Farmer Carry (heavy)","4 x 40 m","","","","","","","","","","","",""
"","ATHX 2027 — Women's Pro Division","Twelve-week preparation plan for ATHX 2027 — Women's edition, Pro division loads. Starts Monday 2 November 2026 and runs to competition weekend, ATHX London on 23-24 January 2027. Four phases: Base (weeks 1-4), Development (5-8), Specific (9-11), then Taper and Competition (12). Six training days a week across 72 training days and 12 rest days, 24 of them doubled AM and PM. Trains all three competition zones — Strength, Endurance and MetCon X — and carries the plan's own fuelling, hydration, recovery, teaching and daily log prompts on each day.","hybrid","","51","Ski Development + Grip","strength","STRENGTH_TRAINING","Grip Block · Dead Hang","3 x max hold","","","","","","","","","","","",""
"","ATHX 2027 — Women's Pro Division","Twelve-week preparation plan for ATHX 2027 — Women's edition, Pro division loads. Starts Monday 2 November 2026 and runs to competition weekend, ATHX London on 23-24 January 2027. Four phases: Base (weeks 1-4), Development (5-8), Specific (9-11), then Taper and Competition (12). Six training days a week across 72 training days and 12 rest days, 24 of them doubled AM and PM. Trains all three competition zones — Strength, Endurance and MetCon X — and carries the plan's own fuelling, hydration, recovery, teaching and daily log prompts on each day.","hybrid","","51","Ski Development + Grip","strength","STRENGTH_TRAINING","Grip Block · Sandbag Bear-Hug Hold (30 kg)","3 x 45 s","","","30","","","","","","","","",""
"","ATHX 2027 — Women's Pro Division","Twelve-week preparation plan for ATHX 2027 — Women's edition, Pro division loads. Starts Monday 2 November 2026 and runs to competition weekend, ATHX London on 23-24 January 2027. Four phases: Base (weeks 1-4), Development (5-8), Specific (9-11), then Taper and Competition (12). Six training days a week across 72 training days and 12 rest days, 24 of them doubled AM and PM. Trains all three competition zones — Strength, Endurance and MetCon X — and carries the plan's own fuelling, hydration, recovery, teaching and daily log prompts on each day.","hybrid","","51","Ski Development + Grip","cardio","CARDIO_TRAINING","Note · Why this session","This is the one day where the SkiErg is the main session rather than a warm-up. Given the Endurance Zone is scored on ski metres, it is worth protecting.","","","","","","","","","","","",""
"","ATHX 2027 — Women's Pro Division","Twelve-week preparation plan for ATHX 2027 — Women's edition, Pro division loads. Starts Monday 2 November 2026 and runs to competition weekend, ATHX London on 23-24 January 2027. Four phases: Base (weeks 1-4), Development (5-8), Specific (9-11), then Taper and Competition (12). Six training days a week across 72 training days and 12 rest days, 24 of them doubled AM and PM. Trains all three competition zones — Strength, Endurance and MetCon X — and carries the plan's own fuelling, hydration, recovery, teaching and daily log prompts on each day.","hybrid","","51","Ski Development + Grip","cardio","CARDIO_TRAINING","Note · Score impact","Field size sets the downside. In a hundred-athlete field, a last place in one zone costs a hundred points, which is difficult to recover elsewhere. That is why the pacing guidance here favours protecting a solid result over chasing a peak one.","","","","","","","","","","","",""
"","ATHX 2027 — Women's Pro Division","Twelve-week preparation plan for ATHX 2027 — Women's edition, Pro division loads. Starts Monday 2 November 2026 and runs to competition weekend, ATHX London on 23-24 January 2027. Four phases: Base (weeks 1-4), Development (5-8), Specific (9-11), then Taper and Competition (12). Six training days a week across 72 training days and 12 rest days, 24 of them doubled AM and PM. Trains all three competition zones — Strength, Endurance and MetCon X — and carries the plan's own fuelling, hydration, recovery, teaching and daily log prompts on each day.","hybrid","","51","Ski Development + Grip","cardio","CARDIO_TRAINING","Note · Fuel and hydration","Pre: 30-50 g carbohydrate, 60-90 min before.
Post: 30-40 g protein plus 0.5 g/kg carbohydrate.
Daily macros: Day: carbs 4-5 g/kg protein 1.8-2.2 g/kg
Hydration: Session: sweat rate x 1.0
Electrolytes: if total session exceeds 60 min.","","","","","","","","","","","",""
"","ATHX 2027 — Women's Pro Division","Twelve-week preparation plan for ATHX 2027 — Women's edition, Pro division loads. Starts Monday 2 November 2026 and runs to competition weekend, ATHX London on 23-24 January 2027. Four phases: Base (weeks 1-4), Development (5-8), Specific (9-11), then Taper and Competition (12). Six training days a week across 72 training days and 12 rest days, 24 of them doubled AM and PM. Trains all three competition zones — Strength, Endurance and MetCon X — and carries the plan's own fuelling, hydration, recovery, teaching and daily log prompts on each day.","hybrid","","51","Ski Development + Grip","cardio","CARDIO_TRAINING","Note · Recovery","High metabolic · low mechanical
Hard work, little muscle damage. Active recovery helps here: twenty to thirty minutes of easy walking tonight. Legs should be fresh tomorrow.","","","","","","","","","","","",""
"","ATHX 2027 — Women's Pro Division","Twelve-week preparation plan for ATHX 2027 — Women's edition, Pro division loads. Starts Monday 2 November 2026 and runs to competition weekend, ATHX London on 23-24 January 2027. Four phases: Base (weeks 1-4), Development (5-8), Specific (9-11), then Taper and Competition (12). Six training days a week across 72 training days and 12 rest days, 24 of them doubled AM and PM. Trains all three competition zones — Strength, Endurance and MetCon X — and carries the plan's own fuelling, hydration, recovery, teaching and daily log prompts on each day.","hybrid","","51","Ski Development + Grip","cardio","CARDIO_TRAINING","Note · Log today","- Metres for each ski interval
- Drop from first interval to last, target under 3%
- Grip: farmer carry load, dead hang time","","","","","","","","","","","",""
"","ATHX 2027 — Women's Pro Division","Twelve-week preparation plan for ATHX 2027 — Women's edition, Pro division loads. Starts Monday 2 November 2026 and runs to competition weekend, ATHX London on 23-24 January 2027. Four phases: Base (weeks 1-4), Development (5-8), Specific (9-11), then Taper and Competition (12). Six training days a week across 72 training days and 12 rest days, 24 of them doubled AM and PM. Trains all three competition zones — Strength, Endurance and MetCon X — and carries the plan's own fuelling, hydration, recovery, teaching and daily log prompts on each day.","hybrid","","51","Ski Development + Grip","cardio","CARDIO_TRAINING","Note · Day at a glance","Session: Ski Development + Grip
Type: Ski erg + Grip
Shape: Single
Relative load: Moderate","","","","","","","","","","","",""
"","ATHX 2027 — Women's Pro Division","Twelve-week preparation plan for ATHX 2027 — Women's edition, Pro division loads. Starts Monday 2 November 2026 and runs to competition weekend, ATHX London on 23-24 January 2027. Four phases: Base (weeks 1-4), Development (5-8), Specific (9-11), then Taper and Competition (12). Six training days a week across 72 training days and 12 rest days, 24 of them doubled AM and PM. Trains all three competition zones — Strength, Endurance and MetCon X — and carries the plan's own fuelling, hydration, recovery, teaching and daily log prompts on each day.","hybrid","","52","AM — Easy Aerobic","cardio","RUNNING","Easy Aerobic","45-55 min","","","","","","","","","","","",""
"","ATHX 2027 — Women's Pro Division","Twelve-week preparation plan for ATHX 2027 — Women's edition, Pro division loads. Starts Monday 2 November 2026 and runs to competition weekend, ATHX London on 23-24 January 2027. Four phases: Base (weeks 1-4), Development (5-8), Specific (9-11), then Taper and Competition (12). Six training days a week across 72 training days and 12 rest days, 24 of them doubled AM and PM. Trains all three competition zones — Strength, Endurance and MetCon X — and carries the plan's own fuelling, hydration, recovery, teaching and daily log prompts on each day.","hybrid","","52","AM — Easy Aerobic","cardio","RUNNING","Note","Zone 2 run or bike. Conversational the whole way. This session is not where fitness is won; it is where the base is maintained without cost.","","","","","","","","","","","",""
"","ATHX 2027 — Women's Pro Division","Twelve-week preparation plan for ATHX 2027 — Women's edition, Pro division loads. Starts Monday 2 November 2026 and runs to competition weekend, ATHX London on 23-24 January 2027. Four phases: Base (weeks 1-4), Development (5-8), Specific (9-11), then Taper and Competition (12). Six training days a week across 72 training days and 12 rest days, 24 of them doubled AM and PM. Trains all three competition zones — Strength, Endurance and MetCon X — and carries the plan's own fuelling, hydration, recovery, teaching and daily log prompts on each day.","hybrid","","52","AM — Easy Aerobic","cardio","RUNNING","Note · Why this session","The heaviest day of the week, structured so the two sessions do not work against each other. The repeat-triple protocol mirrors the competition deadlift: two one-minute windows, sixty seconds apart, averaged.","","","","","","","","","","","",""
"","ATHX 2027 — Women's Pro Division","Twelve-week preparation plan for ATHX 2027 — Women's edition, Pro division loads. Starts Monday 2 November 2026 and runs to competition weekend, ATHX London on 23-24 January 2027. Four phases: Base (weeks 1-4), Development (5-8), Specific (9-11), then Taper and Competition (12). Six training days a week across 72 training days and 12 rest days, 24 of them doubled AM and PM. Trains all three competition zones — Strength, Endurance and MetCon X — and carries the plan's own fuelling, hydration, recovery, teaching and daily log prompts on each day.","hybrid","","52","AM — Easy Aerobic","cardio","RUNNING","Note · The number — 3 x","How much more a given improvement is worth in placings from the middle of the field than from the top seven per cent. Giving your weakest zone the most attention returns more placings than the same effort spent on a strong one.","","","","","","","","","","","",""
"","ATHX 2027 — Women's Pro Division","Twelve-week preparation plan for ATHX 2027 — Women's edition, Pro division loads. Starts Monday 2 November 2026 and runs to competition weekend, ATHX London on 23-24 January 2027. Four phases: Base (weeks 1-4), Development (5-8), Specific (9-11), then Taper and Competition (12). Six training days a week across 72 training days and 12 rest days, 24 of them doubled AM and PM. Trains all three competition zones — Strength, Endurance and MetCon X — and carries the plan's own fuelling, hydration, recovery, teaching and daily log prompts on each day.","hybrid","","52","PM — Lower Heavy","strength","STRENGTH_TRAINING","Note · Lower Heavy","Min 6 h after AM.","","","","","","","","","","","",""
"","ATHX 2027 — Women's Pro Division","Twelve-week preparation plan for ATHX 2027 — Women's edition, Pro division loads. Starts Monday 2 November 2026 and runs to competition weekend, ATHX London on 23-24 January 2027. Four phases: Base (weeks 1-4), Development (5-8), Specific (9-11), then Taper and Competition (12). Six training days a week across 72 training days and 12 rest days, 24 of them doubled AM and PM. Trains all three competition zones — Strength, Endurance and MetCon X — and carries the plan's own fuelling, hydration, recovery, teaching and daily log prompts on each day.","hybrid","","52","PM — Lower Heavy","strength","STRENGTH_TRAINING","A Back Squat","3 x 2 · 3 RIR","","","","","3","2","","","","","",""
"","ATHX 2027 — Women's Pro Division","Twelve-week preparation plan for ATHX 2027 — Women's edition, Pro division loads. Starts Monday 2 November 2026 and runs to competition weekend, ATHX London on 23-24 January 2027. Four phases: Base (weeks 1-4), Development (5-8), Specific (9-11), then Taper and Competition (12). Six training days a week across 72 training days and 12 rest days, 24 of them doubled AM and PM. Trains all three competition zones — Strength, Endurance and MetCon X — and carries the plan's own fuelling, hydration, recovery, teaching and daily log prompts on each day.","hybrid","","52","PM — Lower Heavy","strength","STRENGTH_TRAINING","B Deadlift - repeat-triple","1 x [3, rest 60 s, 3] · 2-3 RIR","","","","60","","","","","","","",""
"","ATHX 2027 — Women's Pro Division","Twelve-week preparation plan for ATHX 2027 — Women's edition, Pro division loads. Starts Monday 2 November 2026 and runs to competition weekend, ATHX London on 23-24 January 2027. Four phases: Base (weeks 1-4), Development (5-8), Specific (9-11), then Taper and Competition (12). Six training days a week across 72 training days and 12 rest days, 24 of them doubled AM and PM. Trains all three competition zones — Strength, Endurance and MetCon X — and carries the plan's own fuelling, hydration, recovery, teaching and daily log prompts on each day.","hybrid","","52","PM — Lower Heavy","strength","STRENGTH_TRAINING","C Bulgarian Split Squat","3 x 8 each leg · 3 RIR","","","","","","","","","","","",""
"","ATHX 2027 — Women's Pro Division","Twelve-week preparation plan for ATHX 2027 — Women's edition, Pro division loads. Starts Monday 2 November 2026 and runs to competition weekend, ATHX London on 23-24 January 2027. Four phases: Base (weeks 1-4), Development (5-8), Specific (9-11), then Taper and Competition (12). Six training days a week across 72 training days and 12 rest days, 24 of them doubled AM and PM. Trains all three competition zones — Strength, Endurance and MetCon X — and carries the plan's own fuelling, hydration, recovery, teaching and daily log prompts on each day.","hybrid","","52","PM — Lower Heavy","strength","STRENGTH_TRAINING","D Copenhagen Plank","3 x 30 s each side","","","","","","","","","","","",""
"","ATHX 2027 — Women's Pro Division","Twelve-week preparation plan for ATHX 2027 — Women's edition, Pro division loads. Starts Monday 2 November 2026 and runs to competition weekend, ATHX London on 23-24 January 2027. Four phases: Base (weeks 1-4), Development (5-8), Specific (9-11), then Taper and Competition (12). Six training days a week across 72 training days and 12 rest days, 24 of them doubled AM and PM. Trains all three competition zones — Strength, Endurance and MetCon X — and carries the plan's own fuelling, hydration, recovery, teaching and daily log prompts on each day.","hybrid","","52","PM — Lower Heavy","strength","STRENGTH_TRAINING","Note","The repeat-triple: work to a triple with two or three reps in the bank. Rest exactly sixty seconds. Repeat the same weight. That is one round. Three minutes between rounds.","","","","","","","","","","","",""
"","ATHX 2027 — Women's Pro Division","Twelve-week preparation plan for ATHX 2027 — Women's edition, Pro division loads. Starts Monday 2 November 2026 and runs to competition weekend, ATHX London on 23-24 January 2027. Four phases: Base (weeks 1-4), Development (5-8), Specific (9-11), then Taper and Competition (12). Six training days a week across 72 training days and 12 rest days, 24 of them doubled AM and PM. Trains all three competition zones — Strength, Endurance and MetCon X — and carries the plan's own fuelling, hydration, recovery, teaching and daily log prompts on each day.","hybrid","","52","PM — Lower Heavy","strength","STRENGTH_TRAINING","Note · Fuel and hydration","Pre-AM: 20-30 g carbohydrate, or fasted if you tolerate it.
Between: Inside 60 min: 1.0-1.5 g/kg carbs plus 30-40 g protein.
Post-PM: 40 g protein plus 1.0 g/kg carbs within two hours.
Daily macros: Day: carbs 5-6 g/kg protein 2.0-2.2 g/kg
Hydration: AM: sweat rate x 0.8 · PM: sweat rate x 1.0
Electrolytes: PM session. Dehydration cuts force and spinal stability.","","","","","","","","","","","",""
"","ATHX 2027 — Women's Pro Division","Twelve-week preparation plan for ATHX 2027 — Women's edition, Pro division loads. Starts Monday 2 November 2026 and runs to competition weekend, ATHX London on 23-24 January 2027. Four phases: Base (weeks 1-4), Development (5-8), Specific (9-11), then Taper and Competition (12). Six training days a week across 72 training days and 12 rest days, 24 of them doubled AM and PM. Trains all three competition zones — Strength, Endurance and MetCon X — and carries the plan's own fuelling, hydration, recovery, teaching and daily log prompts on each day.","hybrid","","52","PM — Lower Heavy","strength","STRENGTH_TRAINING","Note · Recovery","Highest central load of the week
Complete rest tonight. After high central load, light cardio does not speed neural recovery; sleep, downregulation and food do. Tomorrow is rest for the same reason.","","","","","","","","","","","",""
"","ATHX 2027 — Women's Pro Division","Twelve-week preparation plan for ATHX 2027 — Women's edition, Pro division loads. Starts Monday 2 November 2026 and runs to competition weekend, ATHX London on 23-24 January 2027. Four phases: Base (weeks 1-4), Development (5-8), Specific (9-11), then Taper and Competition (12). Six training days a week across 72 training days and 12 rest days, 24 of them doubled AM and PM. Trains all three competition zones — Strength, Endurance and MetCon X — and carries the plan's own fuelling, hydration, recovery, teaching and daily log prompts on each day.","hybrid","","52","PM — Lower Heavy","strength","STRENGTH_TRAINING","Note · Log today","- Back squat top set and RIR
- Deadlift - triple 1 / triple 2, each round
- The gap between the two triples","","","","","","","","","","","",""
"","ATHX 2027 — Women's Pro Division","Twelve-week preparation plan for ATHX 2027 — Women's edition, Pro division loads. Starts Monday 2 November 2026 and runs to competition weekend, ATHX London on 23-24 January 2027. Four phases: Base (weeks 1-4), Development (5-8), Specific (9-11), then Taper and Competition (12). Six training days a week across 72 training days and 12 rest days, 24 of them doubled AM and PM. Trains all three competition zones — Strength, Endurance and MetCon X — and carries the plan's own fuelling, hydration, recovery, teaching and daily log prompts on each day.","hybrid","","52","PM — Lower Heavy","strength","STRENGTH_TRAINING","Note · Day at a glance","Session: Easy Aerobic + Lower Heavy
Type: Aerobic + Lower strength
Shape: Double — the AM and PM sessions need six hours between them
Relative load: Highest","","","","","","","","","","","",""
"","ATHX 2027 — Women's Pro Division","Twelve-week preparation plan for ATHX 2027 — Women's edition, Pro division loads. Starts Monday 2 November 2026 and runs to competition weekend, ATHX London on 23-24 January 2027. Four phases: Base (weeks 1-4), Development (5-8), Specific (9-11), then Taper and Competition (12). Six training days a week across 72 training days and 12 rest days, 24 of them doubled AM and PM. Trains all three competition zones — Strength, Endurance and MetCon X — and carries the plan's own fuelling, hydration, recovery, teaching and daily log prompts on each day.","hybrid","","53","Complete Rest","cardio","GENERIC","Note","Optional, ten to fifteen minutes: thoracic rotation, hip flexor lengthening, ankle dorsiflexion. Nothing that raises the heart rate. If it starts to feel like a session, stop.

Feeling good on a rest day is a sign the rest day is doing its job rather than a reason to add a session.

More progress tends to be lost to training through fatigue than to taking a day off.","","","","","","","","","","","",""
"","ATHX 2027 — Women's Pro Division","Twelve-week preparation plan for ATHX 2027 — Women's edition, Pro division loads. Starts Monday 2 November 2026 and runs to competition weekend, ATHX London on 23-24 January 2027. Four phases: Base (weeks 1-4), Development (5-8), Specific (9-11), then Taper and Competition (12). Six training days a week across 72 training days and 12 rest days, 24 of them doubled AM and PM. Trains all three competition zones — Strength, Endurance and MetCon X — and carries the plan's own fuelling, hydration, recovery, teaching and daily log prompts on each day.","hybrid","","53","Complete Rest","cardio","GENERIC","Note · Why this session","Yesterday carried the heaviest central nervous system load of the week, and the weekend holds the most specific sessions. This day is part of the programme rather than a gap in it, and it is what allows Friday and Saturday to be productive.","","","","","","","","","","","",""
"","ATHX 2027 — Women's Pro Division","Twelve-week preparation plan for ATHX 2027 — Women's edition, Pro division loads. Starts Monday 2 November 2026 and runs to competition weekend, ATHX London on 23-24 January 2027. Four phases: Base (weeks 1-4), Development (5-8), Specific (9-11), then Taper and Competition (12). Six training days a week across 72 training days and 12 rest days, 24 of them doubled AM and PM. Trains all three competition zones — Strength, Endurance and MetCon X — and carries the plan's own fuelling, hydration, recovery, teaching and daily log prompts on each day.","hybrid","","53","Complete Rest","cardio","GENERIC","Note · The standard - Run laps","Completing the full number of laps is the athlete's responsibility, and a miscount means the distance does not count. Know the lap length before you start and count deliberately.","","","","","","","","","","","",""
"","ATHX 2027 — Women's Pro Division","Twelve-week preparation plan for ATHX 2027 — Women's edition, Pro division loads. Starts Monday 2 November 2026 and runs to competition weekend, ATHX London on 23-24 January 2027. Four phases: Base (weeks 1-4), Development (5-8), Specific (9-11), then Taper and Competition (12). Six training days a week across 72 training days and 12 rest days, 24 of them doubled AM and PM. Trains all three competition zones — Strength, Endurance and MetCon X — and carries the plan's own fuelling, hydration, recovery, teaching and daily log prompts on each day.","hybrid","","53","Complete Rest","cardio","GENERIC","Note · Fuel and hydration","All day: Carbs come down because you are not training. Protein does not - rest days are when repair happens.
Intake: Eat at roughly maintenance. A build block is not the place for a deficit.
Daily macros: Day: carbs 3-4 g/kg protein 1.8-2.2 g/kg
Hydration: Session: none - baseline only, and still drink it
Electrolytes: not required today.","","","","","","","","","","","",""
"","ATHX 2027 — Women's Pro Division","Twelve-week preparation plan for ATHX 2027 — Women's edition, Pro division loads. Starts Monday 2 November 2026 and runs to competition weekend, ATHX London on 23-24 January 2027. Four phases: Base (weeks 1-4), Development (5-8), Specific (9-11), then Taper and Competition (12). Six training days a week across 72 training days and 12 rest days, 24 of them doubled AM and PM. Trains all three competition zones — Strength, Endurance and MetCon X — and carries the plan's own fuelling, hydration, recovery, teaching and daily log prompts on each day.","hybrid","","53","Complete Rest","cardio","GENERIC","Note · Recovery","Clearing central nervous system load
A working day for your nervous system even though it does not look like one. Sleep, downregulation and nutrition do the work. Get to bed thirty minutes earlier.","","","","","","","","","","","",""
"","ATHX 2027 — Women's Pro Division","Twelve-week preparation plan for ATHX 2027 — Women's edition, Pro division loads. Starts Monday 2 November 2026 and runs to competition weekend, ATHX London on 23-24 January 2027. Four phases: Base (weeks 1-4), Development (5-8), Specific (9-11), then Taper and Competition (12). Six training days a week across 72 training days and 12 rest days, 24 of them doubled AM and PM. Trains all three competition zones — Strength, Endurance and MetCon X — and carries the plan's own fuelling, hydration, recovery, teaching and daily log prompts on each day.","hybrid","","53","Complete Rest","cardio","GENERIC","Note · Log today","- Morning resting heart rate
- HRV if you track it
- If elevated two days running, reduce Friday volume by a third","","","","","","","","","","","",""
"","ATHX 2027 — Women's Pro Division","Twelve-week preparation plan for ATHX 2027 — Women's edition, Pro division loads. Starts Monday 2 November 2026 and runs to competition weekend, ATHX London on 23-24 January 2027. Four phases: Base (weeks 1-4), Development (5-8), Specific (9-11), then Taper and Competition (12). Six training days a week across 72 training days and 12 rest days, 24 of them doubled AM and PM. Trains all three competition zones — Strength, Endurance and MetCon X — and carries the plan's own fuelling, hydration, recovery, teaching and daily log prompts on each day.","hybrid","","53","Complete Rest","cardio","GENERIC","Note · Day at a glance","Session: Complete Rest
Type: Rest
Shape: Rest
Relative load: not rated","","","","","","","","","","","",""
"","ATHX 2027 — Women's Pro Division","Twelve-week preparation plan for ATHX 2027 — Women's edition, Pro division loads. Starts Monday 2 November 2026 and runs to competition weekend, ATHX London on 23-24 January 2027. Four phases: Base (weeks 1-4), Development (5-8), Specific (9-11), then Taper and Competition (12). Six training days a week across 72 training days and 12 rest days, 24 of them doubled AM and PM. Trains all three competition zones — Strength, Endurance and MetCon X — and carries the plan's own fuelling, hydration, recovery, teaching and daily log prompts on each day.","hybrid","","54","MetCon Specific","cardio","CARDIO_TRAINING","Note · Circuit","3 rounds. Rest 3 min between rounds.","","","","","","","","","","","",""
"","ATHX 2027 — Women's Pro Division","Twelve-week preparation plan for ATHX 2027 — Women's edition, Pro division loads. Starts Monday 2 November 2026 and runs to competition weekend, ATHX London on 23-24 January 2027. Four phases: Base (weeks 1-4), Development (5-8), Specific (9-11), then Taper and Competition (12). Six training days a week across 72 training days and 12 rest days, 24 of them doubled AM and PM. Trains all three competition zones — Strength, Endurance and MetCon X — and carries the plan's own fuelling, hydration, recovery, teaching and daily log prompts on each day.","hybrid","","54","MetCon Specific","cardio","CARDIO_TRAINING","Circuit · DB Bench Press","15 @ 15 kg","","","15","","","15","","","","","",""
"","ATHX 2027 — Women's Pro Division","Twelve-week preparation plan for ATHX 2027 — Women's edition, Pro division loads. Starts Monday 2 November 2026 and runs to competition weekend, ATHX London on 23-24 January 2027. Four phases: Base (weeks 1-4), Development (5-8), Specific (9-11), then Taper and Competition (12). Six training days a week across 72 training days and 12 rest days, 24 of them doubled AM and PM. Trains all three competition zones — Strength, Endurance and MetCon X — and carries the plan's own fuelling, hydration, recovery, teaching and daily log prompts on each day.","hybrid","","54","MetCon Specific","cardio","CARDIO_TRAINING","Circuit · DB Ground to Overhead","15 dual @ 15 kg","","","15","","","15","","","","","",""
"","ATHX 2027 — Women's Pro Division","Twelve-week preparation plan for ATHX 2027 — Women's edition, Pro division loads. Starts Monday 2 November 2026 and runs to competition weekend, ATHX London on 23-24 January 2027. Four phases: Base (weeks 1-4), Development (5-8), Specific (9-11), then Taper and Competition (12). Six training days a week across 72 training days and 12 rest days, 24 of them doubled AM and PM. Trains all three competition zones — Strength, Endurance and MetCon X — and carries the plan's own fuelling, hydration, recovery, teaching and daily log prompts on each day.","hybrid","","54","MetCon Specific","cardio","CARDIO_TRAINING","Circuit · Sandbag Squats","15 @ 50 kg","","","50","","","15","","","","","",""
"","ATHX 2027 — Women's Pro Division","Twelve-week preparation plan for ATHX 2027 — Women's edition, Pro division loads. Starts Monday 2 November 2026 and runs to competition weekend, ATHX London on 23-24 January 2027. Four phases: Base (weeks 1-4), Development (5-8), Specific (9-11), then Taper and Competition (12). Six training days a week across 72 training days and 12 rest days, 24 of them doubled AM and PM. Trains all three competition zones — Strength, Endurance and MetCon X — and carries the plan's own fuelling, hydration, recovery, teaching and daily log prompts on each day.","hybrid","","54","MetCon Specific","cardio","CARDIO_TRAINING","Circuit · Sandbag Carry (no rest)","30 m @ 50 kg","","","50","","","","","","","","",""
"","ATHX 2027 — Women's Pro Division","Twelve-week preparation plan for ATHX 2027 — Women's edition, Pro division loads. Starts Monday 2 November 2026 and runs to competition weekend, ATHX London on 23-24 January 2027. Four phases: Base (weeks 1-4), Development (5-8), Specific (9-11), then Taper and Competition (12). Six training days a week across 72 training days and 12 rest days, 24 of them doubled AM and PM. Trains all three competition zones — Strength, Endurance and MetCon X — and carries the plan's own fuelling, hydration, recovery, teaching and daily log prompts on each day.","hybrid","","54","MetCon Specific","cardio","CARDIO_TRAINING","Note · Circuit","One full exhale on each squat ascent, without holding your breath at the bottom. Some guidance suggests nasal breathing through this block, but it limits airflow below what thirty loaded squats require, so a steady rhythm works better.","","","","","","","","","","","",""
"","ATHX 2027 — Women's Pro Division","Twelve-week preparation plan for ATHX 2027 — Women's edition, Pro division loads. Starts Monday 2 November 2026 and runs to competition weekend, ATHX London on 23-24 January 2027. Four phases: Base (weeks 1-4), Development (5-8), Specific (9-11), then Taper and Competition (12). Six training days a week across 72 training days and 12 rest days, 24 of them doubled AM and PM. Trains all three competition zones — Strength, Endurance and MetCon X — and carries the plan's own fuelling, hydration, recovery, teaching and daily log prompts on each day.","hybrid","","54","MetCon Specific","cardio","CARDIO_TRAINING","Note · Finisher","300 m row, hard.","","","","","","","","","","","",""
"","ATHX 2027 — Women's Pro Division","Twelve-week preparation plan for ATHX 2027 — Women's edition, Pro division loads. Starts Monday 2 November 2026 and runs to competition weekend, ATHX London on 23-24 January 2027. Four phases: Base (weeks 1-4), Development (5-8), Specific (9-11), then Taper and Competition (12). Six training days a week across 72 training days and 12 rest days, 24 of them doubled AM and PM. Trains all three competition zones — Strength, Endurance and MetCon X — and carries the plan's own fuelling, hydration, recovery, teaching and daily log prompts on each day.","hybrid","","54","MetCon Specific","cardio","CARDIO_TRAINING","Note · Why this session","The middle of MetCon X is where most of the time is won or lost, and the sandbag squat into an immediate carry is the hardest part of it. The same grip and trunk work throughout, with no break between the two.","","","","","","","","","","","",""
"","ATHX 2027 — Women's Pro Division","Twelve-week preparation plan for ATHX 2027 — Women's edition, Pro division loads. Starts Monday 2 November 2026 and runs to competition weekend, ATHX London on 23-24 January 2027. Four phases: Base (weeks 1-4), Development (5-8), Specific (9-11), then Taper and Competition (12). Six training days a week across 72 training days and 12 rest days, 24 of them doubled AM and PM. Trains all three competition zones — Strength, Endurance and MetCon X — and carries the plan's own fuelling, hydration, recovery, teaching and daily log prompts on each day.","hybrid","","54","MetCon Specific","cardio","CARDIO_TRAINING","Note · No rep - Ground to overhead - alternating","In the ATHX division you must alternate arms after each successful rep. If you are given a no rep, that rep must be repeated with the same arm. Losing track of which arm you are on costs reps, so it is worth establishing a rhythm you can hold when tired.","","","","","","","","","","","",""
"","ATHX 2027 — Women's Pro Division","Twelve-week preparation plan for ATHX 2027 — Women's edition, Pro division loads. Starts Monday 2 November 2026 and runs to competition weekend, ATHX London on 23-24 January 2027. Four phases: Base (weeks 1-4), Development (5-8), Specific (9-11), then Taper and Competition (12). Six training days a week across 72 training days and 12 rest days, 24 of them doubled AM and PM. Trains all three competition zones — Strength, Endurance and MetCon X — and carries the plan's own fuelling, hydration, recovery, teaching and daily log prompts on each day.","hybrid","","54","MetCon Specific","cardio","CARDIO_TRAINING","Note · Fuel and hydration","Pre: 40-50 g carbohydrate, 90 min before.
Intra: Electrolyte drink between rounds, not during them.
Post: 40 g protein plus 1.0 g/kg carbs within two hours.
Daily macros: Day: carbs 5-6 g/kg protein 1.8-2.2 g/kg
Hydration: Session: sweat rate x 1.2
Electrolytes: required. Highest sweat rate of your week.","","","","","","","","","","","",""
"","ATHX 2027 — Women's Pro Division","Twelve-week preparation plan for ATHX 2027 — Women's edition, Pro division loads. Starts Monday 2 November 2026 and runs to competition weekend, ATHX London on 23-24 January 2027. Four phases: Base (weeks 1-4), Development (5-8), Specific (9-11), then Taper and Competition (12). Six training days a week across 72 training days and 12 rest days, 24 of them doubled AM and PM. Trains all three competition zones — Strength, Endurance and MetCon X — and carries the plan's own fuelling, hydration, recovery, teaching and daily log prompts on each day.","hybrid","","54","MetCon Specific","cardio","CARDIO_TRAINING","Note · Recovery","High metabolic · moderate mechanical
Loaded squatting and grip, no heavy eccentrics. Twenty minutes of easy walking or light cycling tonight. Not running - tomorrow needs your legs.","","","","","","","","","","","",""
"","ATHX 2027 — Women's Pro Division","Twelve-week preparation plan for ATHX 2027 — Women's edition, Pro division loads. Starts Monday 2 November 2026 and runs to competition weekend, ATHX London on 23-24 January 2027. Four phases: Base (weeks 1-4), Development (5-8), Specific (9-11), then Taper and Competition (12). Six training days a week across 72 training days and 12 rest days, 24 of them doubled AM and PM. Trains all three competition zones — Strength, Endurance and MetCon X — and carries the plan's own fuelling, hydration, recovery, teaching and daily log prompts on each day.","hybrid","","54","MetCon Specific","cardio","CARDIO_TRAINING","Note · Log today","- Time for each round
- Drop from round one to the final round, target within 10%
- Where the sandbag block broke down","","","","","","","","","","","",""
"","ATHX 2027 — Women's Pro Division","Twelve-week preparation plan for ATHX 2027 — Women's edition, Pro division loads. Starts Monday 2 November 2026 and runs to competition weekend, ATHX London on 23-24 January 2027. Four phases: Base (weeks 1-4), Development (5-8), Specific (9-11), then Taper and Competition (12). Six training days a week across 72 training days and 12 rest days, 24 of them doubled AM and PM. Trains all three competition zones — Strength, Endurance and MetCon X — and carries the plan's own fuelling, hydration, recovery, teaching and daily log prompts on each day.","hybrid","","54","MetCon Specific","cardio","CARDIO_TRAINING","Note · Day at a glance","Session: MetCon Specific
Type: MetCon circuit
Shape: Single
Relative load: High","","","","","","","","","","","",""
"","ATHX 2027 — Women's Pro Division","Twelve-week preparation plan for ATHX 2027 — Women's edition, Pro division loads. Starts Monday 2 November 2026 and runs to competition weekend, ATHX London on 23-24 January 2027. Four phases: Base (weeks 1-4), Development (5-8), Specific (9-11), then Taper and Competition (12). Six training days a week across 72 training days and 12 rest days, 24 of them doubled AM and PM. Trains all three competition zones — Strength, Endurance and MetCon X — and carries the plan's own fuelling, hydration, recovery, teaching and daily log prompts on each day.","hybrid","","55","Run-to-Ski Transition","cardio","CARDIO_TRAINING","Note · Main","3 rounds. Rest 3 min between rounds.","","","","","","","","","","","",""
"","ATHX 2027 — Women's Pro Division","Twelve-week preparation plan for ATHX 2027 — Women's edition, Pro division loads. Starts Monday 2 November 2026 and runs to competition weekend, ATHX London on 23-24 January 2027. Four phases: Base (weeks 1-4), Development (5-8), Specific (9-11), then Taper and Competition (12). Six training days a week across 72 training days and 12 rest days, 24 of them doubled AM and PM. Trains all three competition zones — Strength, Endurance and MetCon X — and carries the plan's own fuelling, hydration, recovery, teaching and daily log prompts on each day.","hybrid","","55","Run-to-Ski Transition","cardio","CARDIO_TRAINING","Run","800 m at 3 km race effort","","","","","","","","","","","",""
"","ATHX 2027 — Women's Pro Division","Twelve-week preparation plan for ATHX 2027 — Women's edition, Pro division loads. Starts Monday 2 November 2026 and runs to competition weekend, ATHX London on 23-24 January 2027. Four phases: Base (weeks 1-4), Development (5-8), Specific (9-11), then Taper and Competition (12). Six training days a week across 72 training days and 12 rest days, 24 of them doubled AM and PM. Trains all three competition zones — Strength, Endurance and MetCon X — and carries the plan's own fuelling, hydration, recovery, teaching and daily log prompts on each day.","hybrid","","55","Run-to-Ski Transition","cardio","CARDIO_TRAINING","Ski (immediate)","3 min at target competition pace","","","","","","","","","","","",""
"","ATHX 2027 — Women's Pro Division","Twelve-week preparation plan for ATHX 2027 — Women's edition, Pro division loads. Starts Monday 2 November 2026 and runs to competition weekend, ATHX London on 23-24 January 2027. Four phases: Base (weeks 1-4), Development (5-8), Specific (9-11), then Taper and Competition (12). Six training days a week across 72 training days and 12 rest days, 24 of them doubled AM and PM. Trains all three competition zones — Strength, Endurance and MetCon X — and carries the plan's own fuelling, hydration, recovery, teaching and daily log prompts on each day.","hybrid","","55","Run-to-Ski Transition","cardio","CARDIO_TRAINING","Note","Move from the run to the ski without pausing, as you would in competition.","","","","","","","","","","","",""
"","ATHX 2027 — Women's Pro Division","Twelve-week preparation plan for ATHX 2027 — Women's edition, Pro division loads. Starts Monday 2 November 2026 and runs to competition weekend, ATHX London on 23-24 January 2027. Four phases: Base (weeks 1-4), Development (5-8), Specific (9-11), then Taper and Competition (12). Six training days a week across 72 training days and 12 rest days, 24 of them doubled AM and PM. Trains all three competition zones — Strength, Endurance and MetCon X — and carries the plan's own fuelling, hydration, recovery, teaching and daily log prompts on each day.","hybrid","","55","Run-to-Ski Transition","cardio","CARDIO_TRAINING","Note · Why this session","Reduced volume, same structure. Hold the pace and cut the rounds.","","","","","","","","","","","",""
"","ATHX 2027 — Women's Pro Division","Twelve-week preparation plan for ATHX 2027 — Women's edition, Pro division loads. Starts Monday 2 November 2026 and runs to competition weekend, ATHX London on 23-24 January 2027. Four phases: Base (weeks 1-4), Development (5-8), Specific (9-11), then Taper and Competition (12). Six training days a week across 72 training days and 12 rest days, 24 of them doubled AM and PM. Trains all three competition zones — Strength, Endurance and MetCon X — and carries the plan's own fuelling, hydration, recovery, teaching and daily log prompts on each day.","hybrid","","55","Run-to-Ski Transition","cardio","CARDIO_TRAINING","Note · Kit - The bag","Pack it the night before every simulation, not just for the competition. Chalk, sleeves, belt, shoes, food, bottle. The simulations rehearse the whole day, and packing is part of what they are for.","","","","","","","","","","","",""
"","ATHX 2027 — Women's Pro Division","Twelve-week preparation plan for ATHX 2027 — Women's edition, Pro division loads. Starts Monday 2 November 2026 and runs to competition weekend, ATHX London on 23-24 January 2027. Four phases: Base (weeks 1-4), Development (5-8), Specific (9-11), then Taper and Competition (12). Six training days a week across 72 training days and 12 rest days, 24 of them doubled AM and PM. Trains all three competition zones — Strength, Endurance and MetCon X — and carries the plan's own fuelling, hydration, recovery, teaching and daily log prompts on each day.","hybrid","","55","Run-to-Ski Transition","cardio","CARDIO_TRAINING","Note · Fuel and hydration","Pre: 40-50 g carbohydrate, 90 min before. Under-fuel this and the data is meaningless.
Post: 30-40 g protein plus 1.0 g/kg carbohydrate.
Daily macros: Day: carbs 5-6 g/kg protein 1.8-2.2 g/kg
Hydration: Session: sweat rate x 1.1
Electrolytes: yes. Sip between rounds.","","","","","","","","","","","",""
"","ATHX 2027 — Women's Pro Division","Twelve-week preparation plan for ATHX 2027 — Women's edition, Pro division loads. Starts Monday 2 November 2026 and runs to competition weekend, ATHX London on 23-24 January 2027. Four phases: Base (weeks 1-4), Development (5-8), Specific (9-11), then Taper and Competition (12). Six training days a week across 72 training days and 12 rest days, 24 of them doubled AM and PM. Trains all three competition zones — Strength, Endurance and MetCon X — and carries the plan's own fuelling, hydration, recovery, teaching and daily log prompts on each day.","hybrid","","55","Run-to-Ski Transition","cardio","CARDIO_TRAINING","Note · Recovery","High metabolic · moderate mechanical
Tomorrow's easy aerobic is your recovery, which is why it sits there. Sleep is tonight's priority. Legs beaten up in the morning? Take Sunday as a walk.","","","","","","","","","","","",""
"","ATHX 2027 — Women's Pro Division","Twelve-week preparation plan for ATHX 2027 — Women's edition, Pro division loads. Starts Monday 2 November 2026 and runs to competition weekend, ATHX London on 23-24 January 2027. Four phases: Base (weeks 1-4), Development (5-8), Specific (9-11), then Taper and Competition (12). Six training days a week across 72 training days and 12 rest days, 24 of them doubled AM and PM. Trains all three competition zones — Strength, Endurance and MetCon X — and carries the plan's own fuelling, hydration, recovery, teaching and daily log prompts on each day.","hybrid","","55","Run-to-Ski Transition","cardio","CARDIO_TRAINING","Note · Log today","- Ski metres per round, or 500 m splits if rehearsing the full zone
- Final round as a percentage of the first, target within 5%
- How the first thirty seconds of each ski felt","","","","","","","","","","","",""
"","ATHX 2027 — Women's Pro Division","Twelve-week preparation plan for ATHX 2027 — Women's edition, Pro division loads. Starts Monday 2 November 2026 and runs to competition weekend, ATHX London on 23-24 January 2027. Four phases: Base (weeks 1-4), Development (5-8), Specific (9-11), then Taper and Competition (12). Six training days a week across 72 training days and 12 rest days, 24 of them doubled AM and PM. Trains all three competition zones — Strength, Endurance and MetCon X — and carries the plan's own fuelling, hydration, recovery, teaching and daily log prompts on each day.","hybrid","","55","Run-to-Ski Transition","cardio","CARDIO_TRAINING","Note · Day at a glance","Session: Run-to-Ski Transition
Type: Run to ski transition
Shape: Single
Relative load: High","","","","","","","","","","","",""
"","ATHX 2027 — Women's Pro Division","Twelve-week preparation plan for ATHX 2027 — Women's edition, Pro division loads. Starts Monday 2 November 2026 and runs to competition weekend, ATHX London on 23-24 January 2027. Four phases: Base (weeks 1-4), Development (5-8), Specific (9-11), then Taper and Competition (12). Six training days a week across 72 training days and 12 rest days, 24 of them doubled AM and PM. Trains all three competition zones — Strength, Endurance and MetCon X — and carries the plan's own fuelling, hydration, recovery, teaching and daily log prompts on each day.","hybrid","","56","Easy Aerobic","cardio","RUNNING","Easy Aerobic","60-75 min — Zone 2 run / bike","","","","","","","","","","","",""
"","ATHX 2027 — Women's Pro Division","Twelve-week preparation plan for ATHX 2027 — Women's edition, Pro division loads. Starts Monday 2 November 2026 and runs to competition weekend, ATHX London on 23-24 January 2027. Four phases: Base (weeks 1-4), Development (5-8), Specific (9-11), then Taper and Competition (12). Six training days a week across 72 training days and 12 rest days, 24 of them doubled AM and PM. Trains all three competition zones — Strength, Endurance and MetCon X — and carries the plan's own fuelling, hydration, recovery, teaching and daily log prompts on each day.","hybrid","","56","Easy Aerobic","cardio","RUNNING","Note","Conversational the entire time. Running this session too quickly is the easiest way to compromise the following week.","","","","","","","","","","","",""
"","ATHX 2027 — Women's Pro Division","Twelve-week preparation plan for ATHX 2027 — Women's edition, Pro division loads. Starts Monday 2 November 2026 and runs to competition weekend, ATHX London on 23-24 January 2027. Four phases: Base (weeks 1-4), Development (5-8), Specific (9-11), then Taper and Competition (12). Six training days a week across 72 training days and 12 rest days, 24 of them doubled AM and PM. Trains all three competition zones — Strength, Endurance and MetCon X — and carries the plan's own fuelling, hydration, recovery, teaching and daily log prompts on each day.","hybrid","","56","Easy Aerobic","cardio","RUNNING","Note · Why this session","This day does two things: it maintains the aerobic base the rest of the plan is built on, and it helps clear yesterday's session by promoting blood flow without adding stress.","","","","","","","","","","","",""
"","ATHX 2027 — Women's Pro Division","Twelve-week preparation plan for ATHX 2027 — Women's edition, Pro division loads. Starts Monday 2 November 2026 and runs to competition weekend, ATHX London on 23-24 January 2027. Four phases: Base (weeks 1-4), Development (5-8), Specific (9-11), then Taper and Competition (12). Six training days a week across 72 training days and 12 rest days, 24 of them doubled AM and PM. Trains all three competition zones — Strength, Endurance and MetCon X — and carries the plan's own fuelling, hydration, recovery, teaching and daily log prompts on each day.","hybrid","","56","Easy Aerobic","cardio","RUNNING","Note · From the floor - Warm-up architecture","Five minutes per lift includes your warm-up. That means everything must be front-loaded before the clock starts. Arrive already warm through shoulders, hips and posterior chain, with the exact ramp rehearsed.","","","","","","","","","","","",""
"","ATHX 2027 — Women's Pro Division","Twelve-week preparation plan for ATHX 2027 — Women's edition, Pro division loads. Starts Monday 2 November 2026 and runs to competition weekend, ATHX London on 23-24 January 2027. Four phases: Base (weeks 1-4), Development (5-8), Specific (9-11), then Taper and Competition (12). Six training days a week across 72 training days and 12 rest days, 24 of them doubled AM and PM. Trains all three competition zones — Strength, Endurance and MetCon X — and carries the plan's own fuelling, hydration, recovery, teaching and daily log prompts on each day.","hybrid","","56","Easy Aerobic","cardio","RUNNING","Note · Fuel and hydration","Pre: Optional. Small carbohydrate serving if you prefer not to train empty.
Post: Normal meal within a couple of hours.
Daily macros: Day: carbs 4-5 g/kg protein 1.8-2.2 g/kg
Hydration: Session: sweat rate x 0.8
Electrolytes: only if over 60 min or hot.","","","","","","","","","","","",""
"","ATHX 2027 — Women's Pro Division","Twelve-week preparation plan for ATHX 2027 — Women's edition, Pro division loads. Starts Monday 2 November 2026 and runs to competition weekend, ATHX London on 23-24 January 2027. Four phases: Base (weeks 1-4), Development (5-8), Specific (9-11), then Taper and Competition (12). Six training days a week across 72 training days and 12 rest days, 24 of them doubled AM and PM. Trains all three competition zones — Strength, Endurance and MetCon X — and carries the plan's own fuelling, hydration, recovery, teaching and daily log prompts on each day.","hybrid","","56","Easy Aerobic","cardio","RUNNING","Note · Recovery","Minimal · this session is the recovery
Low mechanical load, sustained blood flow, negligible metabolic cost. After it, take the rest of the day genuinely off.","","","","","","","","","","","",""
"","ATHX 2027 — Women's Pro Division","Twelve-week preparation plan for ATHX 2027 — Women's edition, Pro division loads. Starts Monday 2 November 2026 and runs to competition weekend, ATHX London on 23-24 January 2027. Four phases: Base (weeks 1-4), Development (5-8), Specific (9-11), then Taper and Competition (12). Six training days a week across 72 training days and 12 rest days, 24 of them doubled AM and PM. Trains all three competition zones — Strength, Endurance and MetCon X — and carries the plan's own fuelling, hydration, recovery, teaching and daily log prompts on each day.","hybrid","","56","Easy Aerobic","cardio","RUNNING","Note · Log today","- Average heart rate
- Compare to the same session in Week 1
- How the week felt overall","","","","","","","","","","","",""
"","ATHX 2027 — Women's Pro Division","Twelve-week preparation plan for ATHX 2027 — Women's edition, Pro division loads. Starts Monday 2 November 2026 and runs to competition weekend, ATHX London on 23-24 January 2027. Four phases: Base (weeks 1-4), Development (5-8), Specific (9-11), then Taper and Competition (12). Six training days a week across 72 training days and 12 rest days, 24 of them doubled AM and PM. Trains all three competition zones — Strength, Endurance and MetCon X — and carries the plan's own fuelling, hydration, recovery, teaching and daily log prompts on each day.","hybrid","","56","Easy Aerobic","cardio","RUNNING","Note · Day at a glance","Session: Easy Aerobic
Type: Easy aerobic
Shape: Single
Relative load: Low","","","","","","","","","","","",""
"","ATHX 2027 — Women's Pro Division","Twelve-week preparation plan for ATHX 2027 — Women's edition, Pro division loads. Starts Monday 2 November 2026 and runs to competition weekend, ATHX London on 23-24 January 2027. Four phases: Base (weeks 1-4), Development (5-8), Specific (9-11), then Taper and Competition (12). Six training days a week across 72 training days and 12 rest days, 24 of them doubled AM and PM. Trains all three competition zones — Strength, Endurance and MetCon X — and carries the plan's own fuelling, hydration, recovery, teaching and daily log prompts on each day.","hybrid","","57","AM — 3 km Specific","cardio","RUNNING","3 km Specific","6 x 800 m","","","","","","","","","","","",""
"","ATHX 2027 — Women's Pro Division","Twelve-week preparation plan for ATHX 2027 — Women's edition, Pro division loads. Starts Monday 2 November 2026 and runs to competition weekend, ATHX London on 23-24 January 2027. Four phases: Base (weeks 1-4), Development (5-8), Specific (9-11), then Taper and Competition (12). Six training days a week across 72 training days and 12 rest days, 24 of them doubled AM and PM. Trains all three competition zones — Strength, Endurance and MetCon X — and carries the plan's own fuelling, hydration, recovery, teaching and daily log prompts on each day.","hybrid","","57","AM — 3 km Specific","cardio","RUNNING","Note","Warm-up 12 min + 5 strides. Main set at target 3 km buy-in pace, 2 min jog. Cool-down 8 min easy. Run these at the exact pace you intend to use on the day. If you cannot hold it across the set, your entry pace is too aggressive.","","","","","","","","","","","",""
"","ATHX 2027 — Women's Pro Division","Twelve-week preparation plan for ATHX 2027 — Women's edition, Pro division loads. Starts Monday 2 November 2026 and runs to competition weekend, ATHX London on 23-24 January 2027. Four phases: Base (weeks 1-4), Development (5-8), Specific (9-11), then Taper and Competition (12). Six training days a week across 72 training days and 12 rest days, 24 of them doubled AM and PM. Trains all three competition zones — Strength, Endurance and MetCon X — and carries the plan's own fuelling, hydration, recovery, teaching and daily log prompts on each day.","hybrid","","57","AM — 3 km Specific","cardio","RUNNING","Note · Week 9 of 12 — Specific Phase","WEEK 1 OF 3, week commencing 2026-12-28.
What changes: Everything now happens at competition pace, weight and timing. Wednesday's lift becomes the full strength sequence against the clock. Saturday becomes a zone simulation.
One priority: Derive your entry pace. Compare this week's Endurance rehearsal against Week 7 and commit to the faster total.
If you miss a session: Saturday is the one to protect. The zone simulations produce the data you need to set your race strategy, so it is worth moving the rest of the week around them.
Looking ahead: Week 10 is the heaviest specific week. Full MetCon X on Friday, full Endurance Zone on Saturday.
Volume: run 2h30 · ski 40m · 2 lift sessions · 6h15 total","","","","","","","","","","","",""
"","ATHX 2027 — Women's Pro Division","Twelve-week preparation plan for ATHX 2027 — Women's edition, Pro division loads. Starts Monday 2 November 2026 and runs to competition weekend, ATHX London on 23-24 January 2027. Four phases: Base (weeks 1-4), Development (5-8), Specific (9-11), then Taper and Competition (12). Six training days a week across 72 training days and 12 rest days, 24 of them doubled AM and PM. Trains all three competition zones — Strength, Endurance and MetCon X — and carries the plan's own fuelling, hydration, recovery, teaching and daily log prompts on each day.","hybrid","","57","AM — 3 km Specific","cardio","RUNNING","Note · Why this session","Your buy-in pace is worth roughly 161 metres of ski score per fifteen seconds per kilometre. This session makes that pace repeatable.","","","","","","","","","","","",""
"","ATHX 2027 — Women's Pro Division","Twelve-week preparation plan for ATHX 2027 — Women's edition, Pro division loads. Starts Monday 2 November 2026 and runs to competition weekend, ATHX London on 23-24 January 2027. Four phases: Base (weeks 1-4), Development (5-8), Specific (9-11), then Taper and Competition (12). Six training days a week across 72 training days and 12 rest days, 24 of them doubled AM and PM. Trains all three competition zones — Strength, Endurance and MetCon X — and carries the plan's own fuelling, hydration, recovery, teaching and daily log prompts on each day.","hybrid","","57","AM — 3 km Specific","cardio","RUNNING","Note · From the floor - The compressed ramp","Five minutes covers a maximal Shoulder to Overhead from a standing start, which allows for two or three loaded singles and the attempt. Write the ramp down: bar, then three loads, then the attempt, and practise it against a timer each week from here.","","","","","","","","","","","",""
"","ATHX 2027 — Women's Pro Division","Twelve-week preparation plan for ATHX 2027 — Women's edition, Pro division loads. Starts Monday 2 November 2026 and runs to competition weekend, ATHX London on 23-24 January 2027. Four phases: Base (weeks 1-4), Development (5-8), Specific (9-11), then Taper and Competition (12). Six training days a week across 72 training days and 12 rest days, 24 of them doubled AM and PM. Trains all three competition zones — Strength, Endurance and MetCon X — and carries the plan's own fuelling, hydration, recovery, teaching and daily log prompts on each day.","hybrid","","57","PM — Upper Heavy","strength","STRENGTH_TRAINING","Note · Upper Heavy","Min 6 h after AM.","","","","","","","","","","","",""
"","ATHX 2027 — Women's Pro Division","Twelve-week preparation plan for ATHX 2027 — Women's edition, Pro division loads. Starts Monday 2 November 2026 and runs to competition weekend, ATHX London on 23-24 January 2027. Four phases: Base (weeks 1-4), Development (5-8), Specific (9-11), then Taper and Competition (12). Six training days a week across 72 training days and 12 rest days, 24 of them doubled AM and PM. Trains all three competition zones — Strength, Endurance and MetCon X — and carries the plan's own fuelling, hydration, recovery, teaching and daily log prompts on each day.","hybrid","","57","PM — Upper Heavy","strength","STRENGTH_TRAINING","A Push Press - work to heavy single","1 RIR · 5 min cap","","","","","","","","","","","",""
"","ATHX 2027 — Women's Pro Division","Twelve-week preparation plan for ATHX 2027 — Women's edition, Pro division loads. Starts Monday 2 November 2026 and runs to competition weekend, ATHX London on 23-24 January 2027. Four phases: Base (weeks 1-4), Development (5-8), Specific (9-11), then Taper and Competition (12). Six training days a week across 72 training days and 12 rest days, 24 of them doubled AM and PM. Trains all three competition zones — Strength, Endurance and MetCon X — and carries the plan's own fuelling, hydration, recovery, teaching and daily log prompts on each day.","hybrid","","57","PM — Upper Heavy","strength","STRENGTH_TRAINING","B Push Press - back-off","3 x 3 @ 90%","","","","","3","3","","","","","",""
"","ATHX 2027 — Women's Pro Division","Twelve-week preparation plan for ATHX 2027 — Women's edition, Pro division loads. Starts Monday 2 November 2026 and runs to competition weekend, ATHX London on 23-24 January 2027. Four phases: Base (weeks 1-4), Development (5-8), Specific (9-11), then Taper and Competition (12). Six training days a week across 72 training days and 12 rest days, 24 of them doubled AM and PM. Trains all three competition zones — Strength, Endurance and MetCon X — and carries the plan's own fuelling, hydration, recovery, teaching and daily log prompts on each day.","hybrid","","57","PM — Upper Heavy","strength","STRENGTH_TRAINING","C Weighted Pull-Up or Heavy Row","4 x 5 · 2 RIR","","","","","4","5","","","","","",""
"","ATHX 2027 — Women's Pro Division","Twelve-week preparation plan for ATHX 2027 — Women's edition, Pro division loads. Starts Monday 2 November 2026 and runs to competition weekend, ATHX London on 23-24 January 2027. Four phases: Base (weeks 1-4), Development (5-8), Specific (9-11), then Taper and Competition (12). Six training days a week across 72 training days and 12 rest days, 24 of them doubled AM and PM. Trains all three competition zones — Strength, Endurance and MetCon X — and carries the plan's own fuelling, hydration, recovery, teaching and daily log prompts on each day.","hybrid","","57","PM — Upper Heavy","strength","STRENGTH_TRAINING","D DB Bench Press (12.5 kg)","5 x 15","","","12.5","","5","15","","","","","",""
"","ATHX 2027 — Women's Pro Division","Twelve-week preparation plan for ATHX 2027 — Women's edition, Pro division loads. Starts Monday 2 November 2026 and runs to competition weekend, ATHX London on 23-24 January 2027. Four phases: Base (weeks 1-4), Development (5-8), Specific (9-11), then Taper and Competition (12). Six training days a week across 72 training days and 12 rest days, 24 of them doubled AM and PM. Trains all three competition zones — Strength, Endurance and MetCon X — and carries the plan's own fuelling, hydration, recovery, teaching and daily log prompts on each day.","hybrid","","57","PM — Upper Heavy","strength","STRENGTH_TRAINING","Note","Five minutes including warm-up, exactly as the Strength Zone runs it. Rehearse the ramp, not just the lift.","","","","","","","","","","","",""
"","ATHX 2027 — Women's Pro Division","Twelve-week preparation plan for ATHX 2027 — Women's edition, Pro division loads. Starts Monday 2 November 2026 and runs to competition weekend, ATHX London on 23-24 January 2027. Four phases: Base (weeks 1-4), Development (5-8), Specific (9-11), then Taper and Competition (12). Six training days a week across 72 training days and 12 rest days, 24 of them doubled AM and PM. Trains all three competition zones — Strength, Endurance and MetCon X — and carries the plan's own fuelling, hydration, recovery, teaching and daily log prompts on each day.","hybrid","","57","PM — Upper Heavy","strength","STRENGTH_TRAINING","Note · Fuel and hydration","Pre-AM: 30-40 g carbohydrate, 60-90 min before.
Between: Inside 60 min: 1.0-1.5 g/kg carbs plus 30-40 g protein. Non-negotiable on a double day.
Post-PM: 30-40 g protein plus 0.5-1.0 g/kg carbs within two hours.
Daily macros: Day: carbs 5-6 g/kg protein 1.8-2.2 g/kg
Hydration: AM: sweat rate x 0.7 · PM: sweat rate x 0.9
Electrolytes: AM run if over 60 min or warm.","","","","","","","","","","","",""
"","ATHX 2027 — Women's Pro Division","Twelve-week preparation plan for ATHX 2027 — Women's edition, Pro division loads. Starts Monday 2 November 2026 and runs to competition weekend, ATHX London on 23-24 January 2027. Four phases: Base (weeks 1-4), Development (5-8), Specific (9-11), then Taper and Competition (12). Six training days a week across 72 training days and 12 rest days, 24 of them doubled AM and PM. Trains all three competition zones — Strength, Endurance and MetCon X — and carries the plan's own fuelling, hydration, recovery, teaching and daily log prompts on each day.","hybrid","","57","PM — Upper Heavy","strength","STRENGTH_TRAINING","Note · Recovery","Moderate mechanical · moderate central
Sleep is the intervention. You have moved twice today, so more movement is not more recovery. Tomorrow is ski: trunk and lats, legs left alone.","","","","","","","","","","","",""
"","ATHX 2027 — Women's Pro Division","Twelve-week preparation plan for ATHX 2027 — Women's edition, Pro division loads. Starts Monday 2 November 2026 and runs to competition weekend, ATHX London on 23-24 January 2027. Four phases: Base (weeks 1-4), Development (5-8), Specific (9-11), then Taper and Competition (12). Six training days a week across 72 training days and 12 rest days, 24 of them doubled AM and PM. Trains all three competition zones — Strength, Endurance and MetCon X — and carries the plan's own fuelling, hydration, recovery, teaching and daily log prompts on each day.","hybrid","","57","PM — Upper Heavy","strength","STRENGTH_TRAINING","Note · Log today","- Fastest and slowest interval pace, and the gap between them
- Push press top set and RIR
- How the legs felt in the PM session","","","","","","","","","","","",""
"","ATHX 2027 — Women's Pro Division","Twelve-week preparation plan for ATHX 2027 — Women's edition, Pro division loads. Starts Monday 2 November 2026 and runs to competition weekend, ATHX London on 23-24 January 2027. Four phases: Base (weeks 1-4), Development (5-8), Specific (9-11), then Taper and Competition (12). Six training days a week across 72 training days and 12 rest days, 24 of them doubled AM and PM. Trains all three competition zones — Strength, Endurance and MetCon X — and carries the plan's own fuelling, hydration, recovery, teaching and daily log prompts on each day.","hybrid","","57","PM — Upper Heavy","strength","STRENGTH_TRAINING","Note · Day at a glance","Session: 3 km Specific Run + Upper Heavy
Type: Run + Upper strength
Shape: Double — the AM and PM sessions need six hours between them
Relative load: High","","","","","","","","","","","",""
"","ATHX 2027 — Women's Pro Division","Twelve-week preparation plan for ATHX 2027 — Women's edition, Pro division loads. Starts Monday 2 November 2026 and runs to competition weekend, ATHX London on 23-24 January 2027. Four phases: Base (weeks 1-4), Development (5-8), Specific (9-11), then Taper and Competition (12). Six training days a week across 72 training days and 12 rest days, 24 of them doubled AM and PM. Trains all three competition zones — Strength, Endurance and MetCon X — and carries the plan's own fuelling, hydration, recovery, teaching and daily log prompts on each day.","hybrid","","58","Ski Threshold + Grip","cardio","CARDIO_TRAINING","Ski Intervals · Warm-up","5 min + strides","","","","","","","","","","","",""
"","ATHX 2027 — Women's Pro Division","Twelve-week preparation plan for ATHX 2027 — Women's edition, Pro division loads. Starts Monday 2 November 2026 and runs to competition weekend, ATHX London on 23-24 January 2027. Four phases: Base (weeks 1-4), Development (5-8), Specific (9-11), then Taper and Competition (12). Six training days a week across 72 training days and 12 rest days, 24 of them doubled AM and PM. Trains all three competition zones — Strength, Endurance and MetCon X — and carries the plan's own fuelling, hydration, recovery, teaching and daily log prompts on each day.","hybrid","","58","Ski Threshold + Grip","cardio","CARDIO_TRAINING","Ski Intervals · Main","2 x 12 min at target competition pace, 3 min recovery between reps","","","","","","","","","","","",""
"","ATHX 2027 — Women's Pro Division","Twelve-week preparation plan for ATHX 2027 — Women's edition, Pro division loads. Starts Monday 2 November 2026 and runs to competition weekend, ATHX London on 23-24 January 2027. Four phases: Base (weeks 1-4), Development (5-8), Specific (9-11), then Taper and Competition (12). Six training days a week across 72 training days and 12 rest days, 24 of them doubled AM and PM. Trains all three competition zones — Strength, Endurance and MetCon X — and carries the plan's own fuelling, hydration, recovery, teaching and daily log prompts on each day.","hybrid","","58","Ski Threshold + Grip","cardio","CARDIO_TRAINING","Note · Ski Intervals","Hold the pace to the end of every interval. A fast start followed by a fade trains the wrong thing - the zone scores total metres, not opening speed.","","","","","","","","","","","",""
"","ATHX 2027 — Women's Pro Division","Twelve-week preparation plan for ATHX 2027 — Women's edition, Pro division loads. Starts Monday 2 November 2026 and runs to competition weekend, ATHX London on 23-24 January 2027. Four phases: Base (weeks 1-4), Development (5-8), Specific (9-11), then Taper and Competition (12). Six training days a week across 72 training days and 12 rest days, 24 of them doubled AM and PM. Trains all three competition zones — Strength, Endurance and MetCon X — and carries the plan's own fuelling, hydration, recovery, teaching and daily log prompts on each day.","hybrid","","58","Ski Threshold + Grip","strength","STRENGTH_TRAINING","Note · Grip Block","12 min.","","","","","","","","","","","",""
"","ATHX 2027 — Women's Pro Division","Twelve-week preparation plan for ATHX 2027 — Women's edition, Pro division loads. Starts Monday 2 November 2026 and runs to competition weekend, ATHX London on 23-24 January 2027. Four phases: Base (weeks 1-4), Development (5-8), Specific (9-11), then Taper and Competition (12). Six training days a week across 72 training days and 12 rest days, 24 of them doubled AM and PM. Trains all three competition zones — Strength, Endurance and MetCon X — and carries the plan's own fuelling, hydration, recovery, teaching and daily log prompts on each day.","hybrid","","58","Ski Threshold + Grip","strength","STRENGTH_TRAINING","Grip Block · Farmer Carry (heavy)","3 x 40 m","","","","","","","","","","","",""
"","ATHX 2027 — Women's Pro Division","Twelve-week preparation plan for ATHX 2027 — Women's edition, Pro division loads. Starts Monday 2 November 2026 and runs to competition weekend, ATHX London on 23-24 January 2027. Four phases: Base (weeks 1-4), Development (5-8), Specific (9-11), then Taper and Competition (12). Six training days a week across 72 training days and 12 rest days, 24 of them doubled AM and PM. Trains all three competition zones — Strength, Endurance and MetCon X — and carries the plan's own fuelling, hydration, recovery, teaching and daily log prompts on each day.","hybrid","","58","Ski Threshold + Grip","strength","STRENGTH_TRAINING","Grip Block · Sandbag Bear-Hug Hold (30 kg)","3 x 45 s","","","30","","","","","","","","",""
"","ATHX 2027 — Women's Pro Division","Twelve-week preparation plan for ATHX 2027 — Women's edition, Pro division loads. Starts Monday 2 November 2026 and runs to competition weekend, ATHX London on 23-24 January 2027. Four phases: Base (weeks 1-4), Development (5-8), Specific (9-11), then Taper and Competition (12). Six training days a week across 72 training days and 12 rest days, 24 of them doubled AM and PM. Trains all three competition zones — Strength, Endurance and MetCon X — and carries the plan's own fuelling, hydration, recovery, teaching and daily log prompts on each day.","hybrid","","58","Ski Threshold + Grip","cardio","CARDIO_TRAINING","Note · Why this session","Holding target pace for twelve to fourteen minutes is what the Endurance Zone actually asks. These intervals make that duration feel routine.","","","","","","","","","","","",""
"","ATHX 2027 — Women's Pro Division","Twelve-week preparation plan for ATHX 2027 — Women's edition, Pro division loads. Starts Monday 2 November 2026 and runs to competition weekend, ATHX London on 23-24 January 2027. Four phases: Base (weeks 1-4), Development (5-8), Specific (9-11), then Taper and Competition (12). Six training days a week across 72 training days and 12 rest days, 24 of them doubled AM and PM. Trains all three competition zones — Strength, Endurance and MetCon X — and carries the plan's own fuelling, hydration, recovery, teaching and daily log prompts on each day.","hybrid","","58","Ski Threshold + Grip","cardio","CARDIO_TRAINING","Note · Attempt selection","Open your first deadlift window at a weight you are ninety-five per cent confident of - typically ninety to ninety-three per cent of a fresh triple, adjusted down for the squat that precedes it. Window two is informed by how window one felt. Fast means add five to ten kilos. A grind means repeat.","","","","","","","","","","","",""
"","ATHX 2027 — Women's Pro Division","Twelve-week preparation plan for ATHX 2027 — Women's edition, Pro division loads. Starts Monday 2 November 2026 and runs to competition weekend, ATHX London on 23-24 January 2027. Four phases: Base (weeks 1-4), Development (5-8), Specific (9-11), then Taper and Competition (12). Six training days a week across 72 training days and 12 rest days, 24 of them doubled AM and PM. Trains all three competition zones — Strength, Endurance and MetCon X — and carries the plan's own fuelling, hydration, recovery, teaching and daily log prompts on each day.","hybrid","","58","Ski Threshold + Grip","cardio","CARDIO_TRAINING","Note · Fuel and hydration","Pre: 30-50 g carbohydrate, 60-90 min before.
Post: 30-40 g protein plus 0.5 g/kg carbohydrate.
Daily macros: Day: carbs 4-5 g/kg protein 1.8-2.2 g/kg
Hydration: Session: sweat rate x 1.0
Electrolytes: if total session exceeds 60 min.","","","","","","","","","","","",""
"","ATHX 2027 — Women's Pro Division","Twelve-week preparation plan for ATHX 2027 — Women's edition, Pro division loads. Starts Monday 2 November 2026 and runs to competition weekend, ATHX London on 23-24 January 2027. Four phases: Base (weeks 1-4), Development (5-8), Specific (9-11), then Taper and Competition (12). Six training days a week across 72 training days and 12 rest days, 24 of them doubled AM and PM. Trains all three competition zones — Strength, Endurance and MetCon X — and carries the plan's own fuelling, hydration, recovery, teaching and daily log prompts on each day.","hybrid","","58","Ski Threshold + Grip","cardio","CARDIO_TRAINING","Note · Recovery","High metabolic · low mechanical
Hard work, little muscle damage. Active recovery helps here: twenty to thirty minutes of easy walking tonight. Legs should be fresh tomorrow.","","","","","","","","","","","",""
"","ATHX 2027 — Women's Pro Division","Twelve-week preparation plan for ATHX 2027 — Women's edition, Pro division loads. Starts Monday 2 November 2026 and runs to competition weekend, ATHX London on 23-24 January 2027. Four phases: Base (weeks 1-4), Development (5-8), Specific (9-11), then Taper and Competition (12). Six training days a week across 72 training days and 12 rest days, 24 of them doubled AM and PM. Trains all three competition zones — Strength, Endurance and MetCon X — and carries the plan's own fuelling, hydration, recovery, teaching and daily log prompts on each day.","hybrid","","58","Ski Threshold + Grip","cardio","CARDIO_TRAINING","Note · Log today","- Metres for each ski interval
- Drop from first interval to last, target under 3%
- Grip: farmer carry load, dead hang time","","","","","","","","","","","",""
"","ATHX 2027 — Women's Pro Division","Twelve-week preparation plan for ATHX 2027 — Women's edition, Pro division loads. Starts Monday 2 November 2026 and runs to competition weekend, ATHX London on 23-24 January 2027. Four phases: Base (weeks 1-4), Development (5-8), Specific (9-11), then Taper and Competition (12). Six training days a week across 72 training days and 12 rest days, 24 of them doubled AM and PM. Trains all three competition zones — Strength, Endurance and MetCon X — and carries the plan's own fuelling, hydration, recovery, teaching and daily log prompts on each day.","hybrid","","58","Ski Threshold + Grip","cardio","CARDIO_TRAINING","Note · Day at a glance","Session: Ski Threshold + Grip
Type: Ski erg + Grip
Shape: Single
Relative load: Moderate","","","","","","","","","","","",""
"","ATHX 2027 — Women's Pro Division","Twelve-week preparation plan for ATHX 2027 — Women's edition, Pro division loads. Starts Monday 2 November 2026 and runs to competition weekend, ATHX London on 23-24 January 2027. Four phases: Base (weeks 1-4), Development (5-8), Specific (9-11), then Taper and Competition (12). Six training days a week across 72 training days and 12 rest days, 24 of them doubled AM and PM. Trains all three competition zones — Strength, Endurance and MetCon X — and carries the plan's own fuelling, hydration, recovery, teaching and daily log prompts on each day.","hybrid","","59","AM — Easy Aerobic","cardio","RUNNING","Easy Aerobic","40-50 min","","","","","","","","","","","",""
"","ATHX 2027 — Women's Pro Division","Twelve-week preparation plan for ATHX 2027 — Women's edition, Pro division loads. Starts Monday 2 November 2026 and runs to competition weekend, ATHX London on 23-24 January 2027. Four phases: Base (weeks 1-4), Development (5-8), Specific (9-11), then Taper and Competition (12). Six training days a week across 72 training days and 12 rest days, 24 of them doubled AM and PM. Trains all three competition zones — Strength, Endurance and MetCon X — and carries the plan's own fuelling, hydration, recovery, teaching and daily log prompts on each day.","hybrid","","59","AM — Easy Aerobic","cardio","RUNNING","Note","Zone 2. Keep it genuinely easy - this afternoon is the most demanding session of your week.","","","","","","","","","","","",""
"","ATHX 2027 — Women's Pro Division","Twelve-week preparation plan for ATHX 2027 — Women's edition, Pro division loads. Starts Monday 2 November 2026 and runs to competition weekend, ATHX London on 23-24 January 2027. Four phases: Base (weeks 1-4), Development (5-8), Specific (9-11), then Taper and Competition (12). Six training days a week across 72 training days and 12 rest days, 24 of them doubled AM and PM. Trains all three competition zones — Strength, Endurance and MetCon X — and carries the plan's own fuelling, hydration, recovery, teaching and daily log prompts on each day.","hybrid","","59","AM — Easy Aerobic","cardio","RUNNING","Note · Why this session","Maximal overhead, then a heavy squat, then a deadlift on erectors that are already taxed, all inside fifteen minutes. The sequence is a skill in itself, and today rehearses it exactly.","","","","","","","","","","","",""
"","ATHX 2027 — Women's Pro Division","Twelve-week preparation plan for ATHX 2027 — Women's edition, Pro division loads. Starts Monday 2 November 2026 and runs to competition weekend, ATHX London on 23-24 January 2027. Four phases: Base (weeks 1-4), Development (5-8), Specific (9-11), then Taper and Competition (12). Six training days a week across 72 training days and 12 rest days, 24 of them doubled AM and PM. Trains all three competition zones — Strength, Endurance and MetCon X — and carries the plan's own fuelling, hydration, recovery, teaching and daily log prompts on each day.","hybrid","","59","AM — Easy Aerobic","cardio","RUNNING","Note · The number — 50 %","What a missed deadlift window costs you. The score averages two attempts, so a miss contributes zero to that average. In conventional max testing a miss costs nothing, whereas here it costs half the component, which is why the opening attempt is best kept conservative.","","","","","","","","","","","",""
"","ATHX 2027 — Women's Pro Division","Twelve-week preparation plan for ATHX 2027 — Women's edition, Pro division loads. Starts Monday 2 November 2026 and runs to competition weekend, ATHX London on 23-24 January 2027. Four phases: Base (weeks 1-4), Development (5-8), Specific (9-11), then Taper and Competition (12). Six training days a week across 72 training days and 12 rest days, 24 of them doubled AM and PM. Trains all three competition zones — Strength, Endurance and MetCon X — and carries the plan's own fuelling, hydration, recovery, teaching and daily log prompts on each day.","hybrid","","59","PM — Full Strength Sequence","strength","STRENGTH_TRAINING","Note · Full Strength Sequence","15 min, timed.","","","","","","","","","","","",""
"","ATHX 2027 — Women's Pro Division","Twelve-week preparation plan for ATHX 2027 — Women's edition, Pro division loads. Starts Monday 2 November 2026 and runs to competition weekend, ATHX London on 23-24 January 2027. Four phases: Base (weeks 1-4), Development (5-8), Specific (9-11), then Taper and Competition (12). Six training days a week across 72 training days and 12 rest days, 24 of them doubled AM and PM. Trains all three competition zones — Strength, Endurance and MetCon X — and carries the plan's own fuelling, hydration, recovery, teaching and daily log prompts on each day.","hybrid","","59","PM — Full Strength Sequence","strength","STRENGTH_TRAINING","1RM Shoulder to Overhead (min 0-5)","warm-up included","","","","","","","","","","","",""
"","ATHX 2027 — Women's Pro Division","Twelve-week preparation plan for ATHX 2027 — Women's edition, Pro division loads. Starts Monday 2 November 2026 and runs to competition weekend, ATHX London on 23-24 January 2027. Four phases: Base (weeks 1-4), Development (5-8), Specific (9-11), then Taper and Competition (12). Six training days a week across 72 training days and 12 rest days, 24 of them doubled AM and PM. Trains all three competition zones — Strength, Endurance and MetCon X — and carries the plan's own fuelling, hydration, recovery, teaching and daily log prompts on each day.","hybrid","","59","PM — Full Strength Sequence","strength","STRENGTH_TRAINING","2RM Back Squat (min 5-10)","warm-up included","","","","","","","","","","","",""
"","ATHX 2027 — Women's Pro Division","Twelve-week preparation plan for ATHX 2027 — Women's edition, Pro division loads. Starts Monday 2 November 2026 and runs to competition weekend, ATHX London on 23-24 January 2027. Four phases: Base (weeks 1-4), Development (5-8), Specific (9-11), then Taper and Competition (12). Six training days a week across 72 training days and 12 rest days, 24 of them doubled AM and PM. Trains all three competition zones — Strength, Endurance and MetCon X — and carries the plan's own fuelling, hydration, recovery, teaching and daily log prompts on each day.","hybrid","","59","PM — Full Strength Sequence","strength","STRENGTH_TRAINING","Deadlift warm-up (min 10-12)","2 min window","","","","","","","","","","","",""
"","ATHX 2027 — Women's Pro Division","Twelve-week preparation plan for ATHX 2027 — Women's edition, Pro division loads. Starts Monday 2 November 2026 and runs to competition weekend, ATHX London on 23-24 January 2027. Four phases: Base (weeks 1-4), Development (5-8), Specific (9-11), then Taper and Competition (12). Six training days a week across 72 training days and 12 rest days, 24 of them doubled AM and PM. Trains all three competition zones — Strength, Endurance and MetCon X — and carries the plan's own fuelling, hydration, recovery, teaching and daily log prompts on each day.","hybrid","","59","PM — Full Strength Sequence","strength","STRENGTH_TRAINING","Deadlift window 1 (min 12-13)","3 reps or singles · 1 min","","","","","","","","","","","",""
"","ATHX 2027 — Women's Pro Division","Twelve-week preparation plan for ATHX 2027 — Women's edition, Pro division loads. Starts Monday 2 November 2026 and runs to competition weekend, ATHX London on 23-24 January 2027. Four phases: Base (weeks 1-4), Development (5-8), Specific (9-11), then Taper and Competition (12). Six training days a week across 72 training days and 12 rest days, 24 of them doubled AM and PM. Trains all three competition zones — Strength, Endurance and MetCon X — and carries the plan's own fuelling, hydration, recovery, teaching and daily log prompts on each day.","hybrid","","59","PM — Full Strength Sequence","strength","STRENGTH_TRAINING","Rest (min 13-14)","1 min window","","","","","","","","","","","",""
"","ATHX 2027 — Women's Pro Division","Twelve-week preparation plan for ATHX 2027 — Women's edition, Pro division loads. Starts Monday 2 November 2026 and runs to competition weekend, ATHX London on 23-24 January 2027. Four phases: Base (weeks 1-4), Development (5-8), Specific (9-11), then Taper and Competition (12). Six training days a week across 72 training days and 12 rest days, 24 of them doubled AM and PM. Trains all three competition zones — Strength, Endurance and MetCon X — and carries the plan's own fuelling, hydration, recovery, teaching and daily log prompts on each day.","hybrid","","59","PM — Full Strength Sequence","strength","STRENGTH_TRAINING","Deadlift window 2 (min 14-15)","3 reps or singles · 1 min","","","","","","","","","","","",""
"","ATHX 2027 — Women's Pro Division","Twelve-week preparation plan for ATHX 2027 — Women's edition, Pro division loads. Starts Monday 2 November 2026 and runs to competition weekend, ATHX London on 23-24 January 2027. Four phases: Base (weeks 1-4), Development (5-8), Specific (9-11), then Taper and Competition (12). Six training days a week across 72 training days and 12 rest days, 24 of them doubled AM and PM. Trains all three competition zones — Strength, Endurance and MetCon X — and carries the plan's own fuelling, hydration, recovery, teaching and daily log prompts on each day.","hybrid","","59","PM — Full Strength Sequence","strength","STRENGTH_TRAINING","Note","Open window one at a weight you are ninety-five per cent confident of, since a miss costs half the component rather than the difference between two weights. Arrive warm, as five minutes per lift allows for two or three loaded singles and the attempt.","","","","","","","","","","","",""
"","ATHX 2027 — Women's Pro Division","Twelve-week preparation plan for ATHX 2027 — Women's edition, Pro division loads. Starts Monday 2 November 2026 and runs to competition weekend, ATHX London on 23-24 January 2027. Four phases: Base (weeks 1-4), Development (5-8), Specific (9-11), then Taper and Competition (12). Six training days a week across 72 training days and 12 rest days, 24 of them doubled AM and PM. Trains all three competition zones — Strength, Endurance and MetCon X — and carries the plan's own fuelling, hydration, recovery, teaching and daily log prompts on each day.","hybrid","","59","PM — Full Strength Sequence","strength","STRENGTH_TRAINING","Note · Fuel and hydration","Pre-AM: 20-30 g carbohydrate, or fasted if you tolerate it.
Between: Inside 60 min: 1.0-1.5 g/kg carbs plus 30-40 g protein.
Post-PM: 40 g protein plus 1.0 g/kg carbs within two hours.
Daily macros: Day: carbs 5-6 g/kg protein 2.0-2.2 g/kg
Hydration: AM: sweat rate x 0.8 · PM: sweat rate x 1.0
Electrolytes: PM session. Dehydration cuts force and spinal stability.","","","","","","","","","","","",""
"","ATHX 2027 — Women's Pro Division","Twelve-week preparation plan for ATHX 2027 — Women's edition, Pro division loads. Starts Monday 2 November 2026 and runs to competition weekend, ATHX London on 23-24 January 2027. Four phases: Base (weeks 1-4), Development (5-8), Specific (9-11), then Taper and Competition (12). Six training days a week across 72 training days and 12 rest days, 24 of them doubled AM and PM. Trains all three competition zones — Strength, Endurance and MetCon X — and carries the plan's own fuelling, hydration, recovery, teaching and daily log prompts on each day.","hybrid","","59","PM — Full Strength Sequence","strength","STRENGTH_TRAINING","Note · Recovery","Highest central load of the week
Complete rest tonight. After high central load, light cardio does not speed neural recovery; sleep, downregulation and food do. Tomorrow is rest for the same reason.","","","","","","","","","","","",""
"","ATHX 2027 — Women's Pro Division","Twelve-week preparation plan for ATHX 2027 — Women's edition, Pro division loads. Starts Monday 2 November 2026 and runs to competition weekend, ATHX London on 23-24 January 2027. Four phases: Base (weeks 1-4), Development (5-8), Specific (9-11), then Taper and Competition (12). Six training days a week across 72 training days and 12 rest days, 24 of them doubled AM and PM. Trains all three competition zones — Strength, Endurance and MetCon X — and carries the plan's own fuelling, hydration, recovery, teaching and daily log prompts on each day.","hybrid","","59","PM — Full Strength Sequence","strength","STRENGTH_TRAINING","Note · Log today","- Back squat top set and RIR
- Deadlift - triple 1 / triple 2, each round
- The gap between the two triples","","","","","","","","","","","",""
"","ATHX 2027 — Women's Pro Division","Twelve-week preparation plan for ATHX 2027 — Women's edition, Pro division loads. Starts Monday 2 November 2026 and runs to competition weekend, ATHX London on 23-24 January 2027. Four phases: Base (weeks 1-4), Development (5-8), Specific (9-11), then Taper and Competition (12). Six training days a week across 72 training days and 12 rest days, 24 of them doubled AM and PM. Trains all three competition zones — Strength, Endurance and MetCon X — and carries the plan's own fuelling, hydration, recovery, teaching and daily log prompts on each day.","hybrid","","59","PM — Full Strength Sequence","strength","STRENGTH_TRAINING","Note · Day at a glance","Session: Easy Aerobic + Strength Sequence
Type: Aerobic + Lower strength
Shape: Double — the AM and PM sessions need six hours between them
Relative load: Highest","","","","","","","","","","","",""
"","ATHX 2027 — Women's Pro Division","Twelve-week preparation plan for ATHX 2027 — Women's edition, Pro division loads. Starts Monday 2 November 2026 and runs to competition weekend, ATHX London on 23-24 January 2027. Four phases: Base (weeks 1-4), Development (5-8), Specific (9-11), then Taper and Competition (12). Six training days a week across 72 training days and 12 rest days, 24 of them doubled AM and PM. Trains all three competition zones — Strength, Endurance and MetCon X — and carries the plan's own fuelling, hydration, recovery, teaching and daily log prompts on each day.","hybrid","","60","Complete Rest","cardio","GENERIC","Note","Optional, ten to fifteen minutes: thoracic rotation, hip flexor lengthening, ankle dorsiflexion. Nothing that raises the heart rate. If it starts to feel like a session, stop.

Feeling good on a rest day is a sign the rest day is doing its job rather than a reason to add a session.

More progress tends to be lost to training through fatigue than to taking a day off.","","","","","","","","","","","",""
"","ATHX 2027 — Women's Pro Division","Twelve-week preparation plan for ATHX 2027 — Women's edition, Pro division loads. Starts Monday 2 November 2026 and runs to competition weekend, ATHX London on 23-24 January 2027. Four phases: Base (weeks 1-4), Development (5-8), Specific (9-11), then Taper and Competition (12). Six training days a week across 72 training days and 12 rest days, 24 of them doubled AM and PM. Trains all three competition zones — Strength, Endurance and MetCon X — and carries the plan's own fuelling, hydration, recovery, teaching and daily log prompts on each day.","hybrid","","60","Complete Rest","cardio","GENERIC","Note · Why this session","Yesterday carried the heaviest central nervous system load of the week, and the weekend holds the most specific sessions. This day is part of the programme rather than a gap in it, and it is what allows Friday and Saturday to be productive.","","","","","","","","","","","",""
"","ATHX 2027 — Women's Pro Division","Twelve-week preparation plan for ATHX 2027 — Women's edition, Pro division loads. Starts Monday 2 November 2026 and runs to competition weekend, ATHX London on 23-24 January 2027. Four phases: Base (weeks 1-4), Development (5-8), Specific (9-11), then Taper and Competition (12). Six training days a week across 72 training days and 12 rest days, 24 of them doubled AM and PM. Trains all three competition zones — Strength, Endurance and MetCon X — and carries the plan's own fuelling, hydration, recovery, teaching and daily log prompts on each day.","hybrid","","60","Complete Rest","cardio","GENERIC","Note · The standard - Shoulder to overhead","The 2027 standards had not been published when this book went to press. The 2026 strict press standard required full lockout with hips and knees extended and the bar over the centre of the body. Expect the same finish position with the dip and drive now permitted. Confirm against the official standards before you compete.","","","","","","","","","","","",""
"","ATHX 2027 — Women's Pro Division","Twelve-week preparation plan for ATHX 2027 — Women's edition, Pro division loads. Starts Monday 2 November 2026 and runs to competition weekend, ATHX London on 23-24 January 2027. Four phases: Base (weeks 1-4), Development (5-8), Specific (9-11), then Taper and Competition (12). Six training days a week across 72 training days and 12 rest days, 24 of them doubled AM and PM. Trains all three competition zones — Strength, Endurance and MetCon X — and carries the plan's own fuelling, hydration, recovery, teaching and daily log prompts on each day.","hybrid","","60","Complete Rest","cardio","GENERIC","Note · Fuel and hydration","All day: Carbs come down because you are not training. Protein does not - rest days are when repair happens.
Intake: Eat at roughly maintenance. A build block is not the place for a deficit.
Daily macros: Day: carbs 3-4 g/kg protein 1.8-2.2 g/kg
Hydration: Session: none - baseline only, and still drink it
Electrolytes: not required today.","","","","","","","","","","","",""
"","ATHX 2027 — Women's Pro Division","Twelve-week preparation plan for ATHX 2027 — Women's edition, Pro division loads. Starts Monday 2 November 2026 and runs to competition weekend, ATHX London on 23-24 January 2027. Four phases: Base (weeks 1-4), Development (5-8), Specific (9-11), then Taper and Competition (12). Six training days a week across 72 training days and 12 rest days, 24 of them doubled AM and PM. Trains all three competition zones — Strength, Endurance and MetCon X — and carries the plan's own fuelling, hydration, recovery, teaching and daily log prompts on each day.","hybrid","","60","Complete Rest","cardio","GENERIC","Note · Recovery","Clearing central nervous system load
A working day for your nervous system even though it does not look like one. Sleep, downregulation and nutrition do the work. Get to bed thirty minutes earlier.","","","","","","","","","","","",""
"","ATHX 2027 — Women's Pro Division","Twelve-week preparation plan for ATHX 2027 — Women's edition, Pro division loads. Starts Monday 2 November 2026 and runs to competition weekend, ATHX London on 23-24 January 2027. Four phases: Base (weeks 1-4), Development (5-8), Specific (9-11), then Taper and Competition (12). Six training days a week across 72 training days and 12 rest days, 24 of them doubled AM and PM. Trains all three competition zones — Strength, Endurance and MetCon X — and carries the plan's own fuelling, hydration, recovery, teaching and daily log prompts on each day.","hybrid","","60","Complete Rest","cardio","GENERIC","Note · Log today","- Morning resting heart rate
- HRV if you track it
- If elevated two days running, reduce Friday volume by a third","","","","","","","","","","","",""
"","ATHX 2027 — Women's Pro Division","Twelve-week preparation plan for ATHX 2027 — Women's edition, Pro division loads. Starts Monday 2 November 2026 and runs to competition weekend, ATHX London on 23-24 January 2027. Four phases: Base (weeks 1-4), Development (5-8), Specific (9-11), then Taper and Competition (12). Six training days a week across 72 training days and 12 rest days, 24 of them doubled AM and PM. Trains all three competition zones — Strength, Endurance and MetCon X — and carries the plan's own fuelling, hydration, recovery, teaching and daily log prompts on each day.","hybrid","","60","Complete Rest","cardio","GENERIC","Note · Day at a glance","Session: Complete Rest
Type: Rest
Shape: Rest
Relative load: not rated","","","","","","","","","","","",""
"","ATHX 2027 — Women's Pro Division","Twelve-week preparation plan for ATHX 2027 — Women's edition, Pro division loads. Starts Monday 2 November 2026 and runs to competition weekend, ATHX London on 23-24 January 2027. Four phases: Base (weeks 1-4), Development (5-8), Specific (9-11), then Taper and Competition (12). Six training days a week across 72 training days and 12 rest days, 24 of them doubled AM and PM. Trains all three competition zones — Strength, Endurance and MetCon X — and carries the plan's own fuelling, hydration, recovery, teaching and daily log prompts on each day.","hybrid","","61","MetCon X - Full","cardio","CARDIO_TRAINING","Note · MetCon X","25 min cap · For time.","","","","","","","","","","","",""
"","ATHX 2027 — Women's Pro Division","Twelve-week preparation plan for ATHX 2027 — Women's edition, Pro division loads. Starts Monday 2 November 2026 and runs to competition weekend, ATHX London on 23-24 January 2027. Four phases: Base (weeks 1-4), Development (5-8), Specific (9-11), then Taper and Competition (12). Six training days a week across 72 training days and 12 rest days, 24 of them doubled AM and PM. Trains all three competition zones — Strength, Endurance and MetCon X — and carries the plan's own fuelling, hydration, recovery, teaching and daily log prompts on each day.","hybrid","","61","MetCon X - Full","cardio","CARDIO_TRAINING","Row","35 cal","","","","","","","","","","","",""
"","ATHX 2027 — Women's Pro Division","Twelve-week preparation plan for ATHX 2027 — Women's edition, Pro division loads. Starts Monday 2 November 2026 and runs to competition weekend, ATHX London on 23-24 January 2027. Four phases: Base (weeks 1-4), Development (5-8), Specific (9-11), then Taper and Competition (12). Six training days a week across 72 training days and 12 rest days, 24 of them doubled AM and PM. Trains all three competition zones — Strength, Endurance and MetCon X — and carries the plan's own fuelling, hydration, recovery, teaching and daily log prompts on each day.","hybrid","","61","MetCon X - Full","cardio","CARDIO_TRAINING","DB Ground to Overhead","30 dual @ 15 kg","","","15","","","30","","","","","",""
"","ATHX 2027 — Women's Pro Division","Twelve-week preparation plan for ATHX 2027 — Women's edition, Pro division loads. Starts Monday 2 November 2026 and runs to competition weekend, ATHX London on 23-24 January 2027. Four phases: Base (weeks 1-4), Development (5-8), Specific (9-11), then Taper and Competition (12). Six training days a week across 72 training days and 12 rest days, 24 of them doubled AM and PM. Trains all three competition zones — Strength, Endurance and MetCon X — and carries the plan's own fuelling, hydration, recovery, teaching and daily log prompts on each day.","hybrid","","61","MetCon X - Full","cardio","CARDIO_TRAINING","DB Bench Press","30 @ 15 kg","","","15","","","30","","","","","",""
"","ATHX 2027 — Women's Pro Division","Twelve-week preparation plan for ATHX 2027 — Women's edition, Pro division loads. Starts Monday 2 November 2026 and runs to competition weekend, ATHX London on 23-24 January 2027. Four phases: Base (weeks 1-4), Development (5-8), Specific (9-11), then Taper and Competition (12). Six training days a week across 72 training days and 12 rest days, 24 of them doubled AM and PM. Trains all three competition zones — Strength, Endurance and MetCon X — and carries the plan's own fuelling, hydration, recovery, teaching and daily log prompts on each day.","hybrid","","61","MetCon X - Full","cardio","CARDIO_TRAINING","Sandbag Squats","30 @ 50 kg","","","50","","","30","","","","","",""
"","ATHX 2027 — Women's Pro Division","Twelve-week preparation plan for ATHX 2027 — Women's edition, Pro division loads. Starts Monday 2 November 2026 and runs to competition weekend, ATHX London on 23-24 January 2027. Four phases: Base (weeks 1-4), Development (5-8), Specific (9-11), then Taper and Competition (12). Six training days a week across 72 training days and 12 rest days, 24 of them doubled AM and PM. Trains all three competition zones — Strength, Endurance and MetCon X — and carries the plan's own fuelling, hydration, recovery, teaching and daily log prompts on each day.","hybrid","","61","MetCon X - Full","cardio","CARDIO_TRAINING","Sandbag Carry","30 m @ 50 kg","","","50","","","","","","","","",""
"","ATHX 2027 — Women's Pro Division","Twelve-week preparation plan for ATHX 2027 — Women's edition, Pro division loads. Starts Monday 2 November 2026 and runs to competition weekend, ATHX London on 23-24 January 2027. Four phases: Base (weeks 1-4), Development (5-8), Specific (9-11), then Taper and Competition (12). Six training days a week across 72 training days and 12 rest days, 24 of them doubled AM and PM. Trains all three competition zones — Strength, Endurance and MetCon X — and carries the plan's own fuelling, hydration, recovery, teaching and daily log prompts on each day.","hybrid","","61","MetCon X - Full","cardio","CARDIO_TRAINING","Burpees over bench","30","","","","","","","","","","","",""
"","ATHX 2027 — Women's Pro Division","Twelve-week preparation plan for ATHX 2027 — Women's edition, Pro division loads. Starts Monday 2 November 2026 and runs to competition weekend, ATHX London on 23-24 January 2027. Four phases: Base (weeks 1-4), Development (5-8), Specific (9-11), then Taper and Competition (12). Six training days a week across 72 training days and 12 rest days, 24 of them doubled AM and PM. Trains all three competition zones — Strength, Endurance and MetCon X — and carries the plan's own fuelling, hydration, recovery, teaching and daily log prompts on each day.","hybrid","","61","MetCon X - Full","cardio","CARDIO_TRAINING","Row","35 cal","","","","","","","","","","","",""
"","ATHX 2027 — Women's Pro Division","Twelve-week preparation plan for ATHX 2027 — Women's edition, Pro division loads. Starts Monday 2 November 2026 and runs to competition weekend, ATHX London on 23-24 January 2027. Four phases: Base (weeks 1-4), Development (5-8), Specific (9-11), then Taper and Competition (12). Six training days a week across 72 training days and 12 rest days, 24 of them doubled AM and PM. Trains all three competition zones — Strength, Endurance and MetCon X — and carries the plan's own fuelling, hydration, recovery, teaching and daily log prompts on each day.","hybrid","","61","MetCon X - Full","cardio","CARDIO_TRAINING","Note","The opening row is the only place you control pace with any precision. Go out at an effort you could hold for the whole piece, not at what feels easy in the first thirty seconds.

Record your split at the end of each element. Where you lose time is more useful than the total.","","","","","","","","","","","",""
"","ATHX 2027 — Women's Pro Division","Twelve-week preparation plan for ATHX 2027 — Women's edition, Pro division loads. Starts Monday 2 November 2026 and runs to competition weekend, ATHX London on 23-24 January 2027. Four phases: Base (weeks 1-4), Development (5-8), Specific (9-11), then Taper and Competition (12). Six training days a week across 72 training days and 12 rest days, 24 of them doubled AM and PM. Trains all three competition zones — Strength, Endurance and MetCon X — and carries the plan's own fuelling, hydration, recovery, teaching and daily log prompts on each day.","hybrid","","61","MetCon X - Full","cardio","CARDIO_TRAINING","Note · Why this session","The whole workout at competition load, against the clock. The work from the circuit weeks is measured here as a single number.","","","","","","","","","","","",""
"","ATHX 2027 — Women's Pro Division","Twelve-week preparation plan for ATHX 2027 — Women's edition, Pro division loads. Starts Monday 2 November 2026 and runs to competition weekend, ATHX London on 23-24 January 2027. Four phases: Base (weeks 1-4), Development (5-8), Specific (9-11), then Taper and Competition (12). Six training days a week across 72 training days and 12 rest days, 24 of them doubled AM and PM. Trains all three competition zones — Strength, Endurance and MetCon X — and carries the plan's own fuelling, hydration, recovery, teaching and daily log prompts on each day.","hybrid","","61","MetCon X - Full","cardio","CARDIO_TRAINING","Note · No rep - Row calories","You must complete the full required calories before coming off the seat. The monitor, not your count, is what the judge reads. Standing before the monitor shows full calories is a common way to lose a good MetCon time.","","","","","","","","","","","",""
"","ATHX 2027 — Women's Pro Division","Twelve-week preparation plan for ATHX 2027 — Women's edition, Pro division loads. Starts Monday 2 November 2026 and runs to competition weekend, ATHX London on 23-24 January 2027. Four phases: Base (weeks 1-4), Development (5-8), Specific (9-11), then Taper and Competition (12). Six training days a week across 72 training days and 12 rest days, 24 of them doubled AM and PM. Trains all three competition zones — Strength, Endurance and MetCon X — and carries the plan's own fuelling, hydration, recovery, teaching and daily log prompts on each day.","hybrid","","61","MetCon X - Full","cardio","CARDIO_TRAINING","Note · Fuel and hydration","Pre: 40-50 g carbohydrate, 90 min before.
Intra: Electrolyte drink between rounds, not during them.
Post: 40 g protein plus 1.0 g/kg carbs within two hours.
Daily macros: Day: carbs 5-6 g/kg protein 1.8-2.2 g/kg
Hydration: Session: sweat rate x 1.2
Electrolytes: required. Highest sweat rate of your week.","","","","","","","","","","","",""
"","ATHX 2027 — Women's Pro Division","Twelve-week preparation plan for ATHX 2027 — Women's edition, Pro division loads. Starts Monday 2 November 2026 and runs to competition weekend, ATHX London on 23-24 January 2027. Four phases: Base (weeks 1-4), Development (5-8), Specific (9-11), then Taper and Competition (12). Six training days a week across 72 training days and 12 rest days, 24 of them doubled AM and PM. Trains all three competition zones — Strength, Endurance and MetCon X — and carries the plan's own fuelling, hydration, recovery, teaching and daily log prompts on each day.","hybrid","","61","MetCon X - Full","cardio","CARDIO_TRAINING","Note · Recovery","High metabolic · moderate mechanical
Loaded squatting and grip, no heavy eccentrics. Twenty minutes of easy walking or light cycling tonight. Not running - tomorrow needs your legs.","","","","","","","","","","","",""
"","ATHX 2027 — Women's Pro Division","Twelve-week preparation plan for ATHX 2027 — Women's edition, Pro division loads. Starts Monday 2 November 2026 and runs to competition weekend, ATHX London on 23-24 January 2027. Four phases: Base (weeks 1-4), Development (5-8), Specific (9-11), then Taper and Competition (12). Six training days a week across 72 training days and 12 rest days, 24 of them doubled AM and PM. Trains all three competition zones — Strength, Endurance and MetCon X — and carries the plan's own fuelling, hydration, recovery, teaching and daily log prompts on each day.","hybrid","","61","MetCon X - Full","cardio","CARDIO_TRAINING","Note · Log today","- Time for each round
- Drop from round one to the final round, target within 10%
- Where the sandbag block broke down","","","","","","","","","","","",""
"","ATHX 2027 — Women's Pro Division","Twelve-week preparation plan for ATHX 2027 — Women's edition, Pro division loads. Starts Monday 2 November 2026 and runs to competition weekend, ATHX London on 23-24 January 2027. Four phases: Base (weeks 1-4), Development (5-8), Specific (9-11), then Taper and Competition (12). Six training days a week across 72 training days and 12 rest days, 24 of them doubled AM and PM. Trains all three competition zones — Strength, Endurance and MetCon X — and carries the plan's own fuelling, hydration, recovery, teaching and daily log prompts on each day.","hybrid","","61","MetCon X - Full","cardio","CARDIO_TRAINING","Note · Day at a glance","Session: MetCon X - Full
Type: MetCon circuit
Shape: Single
Relative load: High","","","","","","","","","","","",""
"","ATHX 2027 — Women's Pro Division","Twelve-week preparation plan for ATHX 2027 — Women's edition, Pro division loads. Starts Monday 2 November 2026 and runs to competition weekend, ATHX London on 23-24 January 2027. Four phases: Base (weeks 1-4), Development (5-8), Specific (9-11), then Taper and Competition (12). Six training days a week across 72 training days and 12 rest days, 24 of them doubled AM and PM. Trains all three competition zones — Strength, Endurance and MetCon X — and carries the plan's own fuelling, hydration, recovery, teaching and daily log prompts on each day.","hybrid","","62","Endurance Zone - Second Rehearsal","cardio","CARDIO_TRAINING","Note · Full Endurance Zone","24 min cap.","","","","","","","","","","","",""
"","ATHX 2027 — Women's Pro Division","Twelve-week preparation plan for ATHX 2027 — Women's edition, Pro division loads. Starts Monday 2 November 2026 and runs to competition weekend, ATHX London on 23-24 January 2027. Four phases: Base (weeks 1-4), Development (5-8), Specific (9-11), then Taper and Competition (12). Six training days a week across 72 training days and 12 rest days, 24 of them doubled AM and PM. Trains all three competition zones — Strength, Endurance and MetCon X — and carries the plan's own fuelling, hydration, recovery, teaching and daily log prompts on each day.","hybrid","","62","Endurance Zone - Second Rehearsal","cardio","CARDIO_TRAINING","Run buy-in","3 km at a faster entry than Week 7","","","","","","","","","","","",""
"","ATHX 2027 — Women's Pro Division","Twelve-week preparation plan for ATHX 2027 — Women's edition, Pro division loads. Starts Monday 2 November 2026 and runs to competition weekend, ATHX London on 23-24 January 2027. Four phases: Base (weeks 1-4), Development (5-8), Specific (9-11), then Taper and Competition (12). Six training days a week across 72 training days and 12 rest days, 24 of them doubled AM and PM. Trains all three competition zones — Strength, Endurance and MetCon X — and carries the plan's own fuelling, hydration, recovery, teaching and daily log prompts on each day.","hybrid","","62","Endurance Zone - Second Rehearsal","cardio","CARDIO_TRAINING","Then","max ski to cap","","","","","","","","","","","",""
"","ATHX 2027 — Women's Pro Division","Twelve-week preparation plan for ATHX 2027 — Women's edition, Pro division loads. Starts Monday 2 November 2026 and runs to competition weekend, ATHX London on 23-24 January 2027. Four phases: Base (weeks 1-4), Development (5-8), Specific (9-11), then Taper and Competition (12). Six training days a week across 72 training days and 12 rest days, 24 of them doubled AM and PM. Trains all three competition zones — Strength, Endurance and MetCon X — and carries the plan's own fuelling, hydration, recovery, teaching and daily log prompts on each day.","hybrid","","62","Endurance Zone - Second Rehearsal","cardio","CARDIO_TRAINING","Note · Score","ski metres only","","","","","","","","","","","",""
"","ATHX 2027 — Women's Pro Division","Twelve-week preparation plan for ATHX 2027 — Women's edition, Pro division loads. Starts Monday 2 November 2026 and runs to competition weekend, ATHX London on 23-24 January 2027. Four phases: Base (weeks 1-4), Development (5-8), Specific (9-11), then Taper and Competition (12). Six training days a week across 72 training days and 12 rest days, 24 of them doubled AM and PM. Trains all three competition zones — Strength, Endurance and MetCon X — and carries the plan's own fuelling, hydration, recovery, teaching and daily log prompts on each day.","hybrid","","62","Endurance Zone - Second Rehearsal","cardio","CARDIO_TRAINING","Note","Record 500 m ski splits throughout. Total metres is the number that decides which strategy you take to the floor.","","","","","","","","","","","",""
"","ATHX 2027 — Women's Pro Division","Twelve-week preparation plan for ATHX 2027 — Women's edition, Pro division loads. Starts Monday 2 November 2026 and runs to competition weekend, ATHX London on 23-24 January 2027. Four phases: Base (weeks 1-4), Development (5-8), Specific (9-11), then Taper and Competition (12). Six training days a week across 72 training days and 12 rest days, 24 of them doubled AM and PM. Trains all three competition zones — Strength, Endurance and MetCon X — and carries the plan's own fuelling, hydration, recovery, teaching and daily log prompts on each day.","hybrid","","62","Endurance Zone - Second Rehearsal","cardio","CARDIO_TRAINING","Note · Why this session","The same zone at a different entry pace. Comparing the total against Week 7 shows which produced more ski metres, which gives you a race strategy based on your own data rather than a table.","","","","","","","","","","","",""
"","ATHX 2027 — Women's Pro Division","Twelve-week preparation plan for ATHX 2027 — Women's edition, Pro division loads. Starts Monday 2 November 2026 and runs to competition weekend, ATHX London on 23-24 January 2027. Four phases: Base (weeks 1-4), Development (5-8), Specific (9-11), then Taper and Competition (12). Six training days a week across 72 training days and 12 rest days, 24 of them doubled AM and PM. Trains all three competition zones — Strength, Endurance and MetCon X — and carries the plan's own fuelling, hydration, recovery, teaching and daily log prompts on each day.","hybrid","","62","Endurance Zone - Second Rehearsal","cardio","CARDIO_TRAINING","Note · Kit - What is in your bag on the day","Chalk. One pair of knee sleeves, unrolled. Belt. Wrist wraps if you use them. Shoes. Food and drink for the gaps between zones. Not in your bag: straps, hand grips, knee wraps, headphones. All banned.","","","","","","","","","","","",""
"","ATHX 2027 — Women's Pro Division","Twelve-week preparation plan for ATHX 2027 — Women's edition, Pro division loads. Starts Monday 2 November 2026 and runs to competition weekend, ATHX London on 23-24 January 2027. Four phases: Base (weeks 1-4), Development (5-8), Specific (9-11), then Taper and Competition (12). Six training days a week across 72 training days and 12 rest days, 24 of them doubled AM and PM. Trains all three competition zones — Strength, Endurance and MetCon X — and carries the plan's own fuelling, hydration, recovery, teaching and daily log prompts on each day.","hybrid","","62","Endurance Zone - Second Rehearsal","cardio","CARDIO_TRAINING","Note · Fuel and hydration","Pre: 40-50 g carbohydrate, 90 min before. Under-fuel this and the data is meaningless.
Post: 30-40 g protein plus 1.0 g/kg carbohydrate.
Daily macros: Day: carbs 5-6 g/kg protein 1.8-2.2 g/kg
Hydration: Session: sweat rate x 1.1
Electrolytes: yes. Sip between rounds.","","","","","","","","","","","",""
"","ATHX 2027 — Women's Pro Division","Twelve-week preparation plan for ATHX 2027 — Women's edition, Pro division loads. Starts Monday 2 November 2026 and runs to competition weekend, ATHX London on 23-24 January 2027. Four phases: Base (weeks 1-4), Development (5-8), Specific (9-11), then Taper and Competition (12). Six training days a week across 72 training days and 12 rest days, 24 of them doubled AM and PM. Trains all three competition zones — Strength, Endurance and MetCon X — and carries the plan's own fuelling, hydration, recovery, teaching and daily log prompts on each day.","hybrid","","62","Endurance Zone - Second Rehearsal","cardio","CARDIO_TRAINING","Note · Recovery","High metabolic · moderate mechanical
Tomorrow's easy aerobic is your recovery, which is why it sits there. Sleep is tonight's priority. Legs beaten up in the morning? Take Sunday as a walk.","","","","","","","","","","","",""
"","ATHX 2027 — Women's Pro Division","Twelve-week preparation plan for ATHX 2027 — Women's edition, Pro division loads. Starts Monday 2 November 2026 and runs to competition weekend, ATHX London on 23-24 January 2027. Four phases: Base (weeks 1-4), Development (5-8), Specific (9-11), then Taper and Competition (12). Six training days a week across 72 training days and 12 rest days, 24 of them doubled AM and PM. Trains all three competition zones — Strength, Endurance and MetCon X — and carries the plan's own fuelling, hydration, recovery, teaching and daily log prompts on each day.","hybrid","","62","Endurance Zone - Second Rehearsal","cardio","CARDIO_TRAINING","Note · Log today","- Ski metres per round, or 500 m splits if rehearsing the full zone
- Final round as a percentage of the first, target within 5%
- How the first thirty seconds of each ski felt","","","","","","","","","","","",""
"","ATHX 2027 — Women's Pro Division","Twelve-week preparation plan for ATHX 2027 — Women's edition, Pro division loads. Starts Monday 2 November 2026 and runs to competition weekend, ATHX London on 23-24 January 2027. Four phases: Base (weeks 1-4), Development (5-8), Specific (9-11), then Taper and Competition (12). Six training days a week across 72 training days and 12 rest days, 24 of them doubled AM and PM. Trains all three competition zones — Strength, Endurance and MetCon X — and carries the plan's own fuelling, hydration, recovery, teaching and daily log prompts on each day.","hybrid","","62","Endurance Zone - Second Rehearsal","cardio","CARDIO_TRAINING","Note · Day at a glance","Session: Endurance Zone - Second Rehearsal
Type: Run to ski transition
Shape: Single
Relative load: Highest","","","","","","","","","","","",""
"","ATHX 2027 — Women's Pro Division","Twelve-week preparation plan for ATHX 2027 — Women's edition, Pro division loads. Starts Monday 2 November 2026 and runs to competition weekend, ATHX London on 23-24 January 2027. Four phases: Base (weeks 1-4), Development (5-8), Specific (9-11), then Taper and Competition (12). Six training days a week across 72 training days and 12 rest days, 24 of them doubled AM and PM. Trains all three competition zones — Strength, Endurance and MetCon X — and carries the plan's own fuelling, hydration, recovery, teaching and daily log prompts on each day.","hybrid","","63","Easy Aerobic","cardio","RUNNING","Easy Aerobic","50-60 min — Zone 2 run / bike","","","","","","","","","","","",""
"","ATHX 2027 — Women's Pro Division","Twelve-week preparation plan for ATHX 2027 — Women's edition, Pro division loads. Starts Monday 2 November 2026 and runs to competition weekend, ATHX London on 23-24 January 2027. Four phases: Base (weeks 1-4), Development (5-8), Specific (9-11), then Taper and Competition (12). Six training days a week across 72 training days and 12 rest days, 24 of them doubled AM and PM. Trains all three competition zones — Strength, Endurance and MetCon X — and carries the plan's own fuelling, hydration, recovery, teaching and daily log prompts on each day.","hybrid","","63","Easy Aerobic","cardio","RUNNING","Note","If Saturday was a full simulation, take today as a walk regardless of what the table says.","","","","","","","","","","","",""
"","ATHX 2027 — Women's Pro Division","Twelve-week preparation plan for ATHX 2027 — Women's edition, Pro division loads. Starts Monday 2 November 2026 and runs to competition weekend, ATHX London on 23-24 January 2027. Four phases: Base (weeks 1-4), Development (5-8), Specific (9-11), then Taper and Competition (12). Six training days a week across 72 training days and 12 rest days, 24 of them doubled AM and PM. Trains all three competition zones — Strength, Endurance and MetCon X — and carries the plan's own fuelling, hydration, recovery, teaching and daily log prompts on each day.","hybrid","","63","Easy Aerobic","cardio","RUNNING","Note · Why this session","Recovery from the most demanding week of the plan. Keep it easy and let the specific work settle.","","","","","","","","","","","",""
"","ATHX 2027 — Women's Pro Division","Twelve-week preparation plan for ATHX 2027 — Women's edition, Pro division loads. Starts Monday 2 November 2026 and runs to competition weekend, ATHX London on 23-24 January 2027. Four phases: Base (weeks 1-4), Development (5-8), Specific (9-11), then Taper and Competition (12). Six training days a week across 72 training days and 12 rest days, 24 of them doubled AM and PM. Trains all three competition zones — Strength, Endurance and MetCon X — and carries the plan's own fuelling, hydration, recovery, teaching and daily log prompts on each day.","hybrid","","63","Easy Aerobic","cardio","RUNNING","Note · Score impact","Compare your numbers against published results rather than your own training history. The useful question is where your total would have placed. Doing that for all three zones shows where your discretionary training time is best spent.","","","","","","","","","","","",""
"","ATHX 2027 — Women's Pro Division","Twelve-week preparation plan for ATHX 2027 — Women's edition, Pro division loads. Starts Monday 2 November 2026 and runs to competition weekend, ATHX London on 23-24 January 2027. Four phases: Base (weeks 1-4), Development (5-8), Specific (9-11), then Taper and Competition (12). Six training days a week across 72 training days and 12 rest days, 24 of them doubled AM and PM. Trains all three competition zones — Strength, Endurance and MetCon X — and carries the plan's own fuelling, hydration, recovery, teaching and daily log prompts on each day.","hybrid","","63","Easy Aerobic","cardio","RUNNING","Note · Fuel and hydration","Pre: Optional. Small carbohydrate serving if you prefer not to train empty.
Post: Normal meal within a couple of hours.
Daily macros: Day: carbs 4-5 g/kg protein 1.8-2.2 g/kg
Hydration: Session: sweat rate x 0.8
Electrolytes: only if over 60 min or hot.","","","","","","","","","","","",""
"","ATHX 2027 — Women's Pro Division","Twelve-week preparation plan for ATHX 2027 — Women's edition, Pro division loads. Starts Monday 2 November 2026 and runs to competition weekend, ATHX London on 23-24 January 2027. Four phases: Base (weeks 1-4), Development (5-8), Specific (9-11), then Taper and Competition (12). Six training days a week across 72 training days and 12 rest days, 24 of them doubled AM and PM. Trains all three competition zones — Strength, Endurance and MetCon X — and carries the plan's own fuelling, hydration, recovery, teaching and daily log prompts on each day.","hybrid","","63","Easy Aerobic","cardio","RUNNING","Note · Recovery","Minimal · this session is the recovery
Low mechanical load, sustained blood flow, negligible metabolic cost. After it, take the rest of the day genuinely off.","","","","","","","","","","","",""
"","ATHX 2027 — Women's Pro Division","Twelve-week preparation plan for ATHX 2027 — Women's edition, Pro division loads. Starts Monday 2 November 2026 and runs to competition weekend, ATHX London on 23-24 January 2027. Four phases: Base (weeks 1-4), Development (5-8), Specific (9-11), then Taper and Competition (12). Six training days a week across 72 training days and 12 rest days, 24 of them doubled AM and PM. Trains all three competition zones — Strength, Endurance and MetCon X — and carries the plan's own fuelling, hydration, recovery, teaching and daily log prompts on each day.","hybrid","","63","Easy Aerobic","cardio","RUNNING","Note · Log today","- Average heart rate
- Compare to the same session in Week 1
- How the week felt overall","","","","","","","","","","","",""
"","ATHX 2027 — Women's Pro Division","Twelve-week preparation plan for ATHX 2027 — Women's edition, Pro division loads. Starts Monday 2 November 2026 and runs to competition weekend, ATHX London on 23-24 January 2027. Four phases: Base (weeks 1-4), Development (5-8), Specific (9-11), then Taper and Competition (12). Six training days a week across 72 training days and 12 rest days, 24 of them doubled AM and PM. Trains all three competition zones — Strength, Endurance and MetCon X — and carries the plan's own fuelling, hydration, recovery, teaching and daily log prompts on each day.","hybrid","","63","Easy Aerobic","cardio","RUNNING","Note · Day at a glance","Session: Easy Aerobic
Type: Easy aerobic
Shape: Single
Relative load: Low","","","","","","","","","","","",""
"","ATHX 2027 — Women's Pro Division","Twelve-week preparation plan for ATHX 2027 — Women's edition, Pro division loads. Starts Monday 2 November 2026 and runs to competition weekend, ATHX London on 23-24 January 2027. Four phases: Base (weeks 1-4), Development (5-8), Specific (9-11), then Taper and Competition (12). Six training days a week across 72 training days and 12 rest days, 24 of them doubled AM and PM. Trains all three competition zones — Strength, Endurance and MetCon X — and carries the plan's own fuelling, hydration, recovery, teaching and daily log prompts on each day.","hybrid","","64","AM — 3 km Specific","cardio","RUNNING","3 km Specific","5 x 1 km","","","","","","","","","","","",""
"","ATHX 2027 — Women's Pro Division","Twelve-week preparation plan for ATHX 2027 — Women's edition, Pro division loads. Starts Monday 2 November 2026 and runs to competition weekend, ATHX London on 23-24 January 2027. Four phases: Base (weeks 1-4), Development (5-8), Specific (9-11), then Taper and Competition (12). Six training days a week across 72 training days and 12 rest days, 24 of them doubled AM and PM. Trains all three competition zones — Strength, Endurance and MetCon X — and carries the plan's own fuelling, hydration, recovery, teaching and daily log prompts on each day.","hybrid","","64","AM — 3 km Specific","cardio","RUNNING","Note","Warm-up 12 min + 5 strides. Main set at target 3 km buy-in pace, 2 min jog. Cool-down 8 min easy. Run these at the exact pace you intend to use on the day. If you cannot hold it across the set, your entry pace is too aggressive.","","","","","","","","","","","",""
"","ATHX 2027 — Women's Pro Division","Twelve-week preparation plan for ATHX 2027 — Women's edition, Pro division loads. Starts Monday 2 November 2026 and runs to competition weekend, ATHX London on 23-24 January 2027. Four phases: Base (weeks 1-4), Development (5-8), Specific (9-11), then Taper and Competition (12). Six training days a week across 72 training days and 12 rest days, 24 of them doubled AM and PM. Trains all three competition zones — Strength, Endurance and MetCon X — and carries the plan's own fuelling, hydration, recovery, teaching and daily log prompts on each day.","hybrid","","64","AM — 3 km Specific","cardio","RUNNING","Note · Week 10 of 12 — Specific Phase","WEEK 2 OF 3, week commencing 2027-01-04.
What changes: The heaviest specific week. You will run the full MetCon X on Friday and the full Endurance Zone on Saturday. Both scored, both recorded.
One priority: Attempt selection. Decide your two deadlift windows now and write them down, rather than deciding on the floor.
If you miss a session: Saturday is the one to protect. The zone simulations produce the data you need to set your race strategy, so it is worth moving the rest of the week around them.
Looking ahead: Week 11 is your last hard week and ends with a full three-zone simulation.
Volume: run 2h35 · ski 44m · 2 lift sessions · 6h30 total","","","","","","","","","","","",""
"","ATHX 2027 — Women's Pro Division","Twelve-week preparation plan for ATHX 2027 — Women's edition, Pro division loads. Starts Monday 2 November 2026 and runs to competition weekend, ATHX London on 23-24 January 2027. Four phases: Base (weeks 1-4), Development (5-8), Specific (9-11), then Taper and Competition (12). Six training days a week across 72 training days and 12 rest days, 24 of them doubled AM and PM. Trains all three competition zones — Strength, Endurance and MetCon X — and carries the plan's own fuelling, hydration, recovery, teaching and daily log prompts on each day.","hybrid","","64","AM — 3 km Specific","cardio","RUNNING","Note · Why this session","Your buy-in pace is worth roughly 161 metres of ski score per fifteen seconds per kilometre. This session makes that pace repeatable.","","","","","","","","","","","",""
"","ATHX 2027 — Women's Pro Division","Twelve-week preparation plan for ATHX 2027 — Women's edition, Pro division loads. Starts Monday 2 November 2026 and runs to competition weekend, ATHX London on 23-24 January 2027. Four phases: Base (weeks 1-4), Development (5-8), Specific (9-11), then Taper and Competition (12). Six training days a week across 72 training days and 12 rest days, 24 of them doubled AM and PM. Trains all three competition zones — Strength, Endurance and MetCon X — and carries the plan's own fuelling, hydration, recovery, teaching and daily log prompts on each day.","hybrid","","64","AM — 3 km Specific","cardio","RUNNING","Note · The MetCon crux","Sandbag squats into an immediate carry is where the workout is decided. Same grip, same trunk, no relief between them. One full exhale on each squat ascent, without holding your breath at the bottom.","","","","","","","","","","","",""
"","ATHX 2027 — Women's Pro Division","Twelve-week preparation plan for ATHX 2027 — Women's edition, Pro division loads. Starts Monday 2 November 2026 and runs to competition weekend, ATHX London on 23-24 January 2027. Four phases: Base (weeks 1-4), Development (5-8), Specific (9-11), then Taper and Competition (12). Six training days a week across 72 training days and 12 rest days, 24 of them doubled AM and PM. Trains all three competition zones — Strength, Endurance and MetCon X — and carries the plan's own fuelling, hydration, recovery, teaching and daily log prompts on each day.","hybrid","","64","PM — Upper Heavy","strength","STRENGTH_TRAINING","Note · Upper Heavy","Min 6 h after AM.","","","","","","","","","","","",""
"","ATHX 2027 — Women's Pro Division","Twelve-week preparation plan for ATHX 2027 — Women's edition, Pro division loads. Starts Monday 2 November 2026 and runs to competition weekend, ATHX London on 23-24 January 2027. Four phases: Base (weeks 1-4), Development (5-8), Specific (9-11), then Taper and Competition (12). Six training days a week across 72 training days and 12 rest days, 24 of them doubled AM and PM. Trains all three competition zones — Strength, Endurance and MetCon X — and carries the plan's own fuelling, hydration, recovery, teaching and daily log prompts on each day.","hybrid","","64","PM — Upper Heavy","strength","STRENGTH_TRAINING","A Push Press - work to heavy single","0-1 RIR · 5 min cap","","","","","","","","","","","",""
"","ATHX 2027 — Women's Pro Division","Twelve-week preparation plan for ATHX 2027 — Women's edition, Pro division loads. Starts Monday 2 November 2026 and runs to competition weekend, ATHX London on 23-24 January 2027. Four phases: Base (weeks 1-4), Development (5-8), Specific (9-11), then Taper and Competition (12). Six training days a week across 72 training days and 12 rest days, 24 of them doubled AM and PM. Trains all three competition zones — Strength, Endurance and MetCon X — and carries the plan's own fuelling, hydration, recovery, teaching and daily log prompts on each day.","hybrid","","64","PM — Upper Heavy","strength","STRENGTH_TRAINING","B Push Press - back-off","3 x 3 @ 90%","","","","","3","3","","","","","",""
"","ATHX 2027 — Women's Pro Division","Twelve-week preparation plan for ATHX 2027 — Women's edition, Pro division loads. Starts Monday 2 November 2026 and runs to competition weekend, ATHX London on 23-24 January 2027. Four phases: Base (weeks 1-4), Development (5-8), Specific (9-11), then Taper and Competition (12). Six training days a week across 72 training days and 12 rest days, 24 of them doubled AM and PM. Trains all three competition zones — Strength, Endurance and MetCon X — and carries the plan's own fuelling, hydration, recovery, teaching and daily log prompts on each day.","hybrid","","64","PM — Upper Heavy","strength","STRENGTH_TRAINING","C Weighted Pull-Up or Heavy Row","4 x 5 · 2 RIR","","","","","4","5","","","","","",""
"","ATHX 2027 — Women's Pro Division","Twelve-week preparation plan for ATHX 2027 — Women's edition, Pro division loads. Starts Monday 2 November 2026 and runs to competition weekend, ATHX London on 23-24 January 2027. Four phases: Base (weeks 1-4), Development (5-8), Specific (9-11), then Taper and Competition (12). Six training days a week across 72 training days and 12 rest days, 24 of them doubled AM and PM. Trains all three competition zones — Strength, Endurance and MetCon X — and carries the plan's own fuelling, hydration, recovery, teaching and daily log prompts on each day.","hybrid","","64","PM — Upper Heavy","strength","STRENGTH_TRAINING","D DB Bench Press (12.5 kg)","4 x 20","","","12.5","","4","20","","","","","",""
"","ATHX 2027 — Women's Pro Division","Twelve-week preparation plan for ATHX 2027 — Women's edition, Pro division loads. Starts Monday 2 November 2026 and runs to competition weekend, ATHX London on 23-24 January 2027. Four phases: Base (weeks 1-4), Development (5-8), Specific (9-11), then Taper and Competition (12). Six training days a week across 72 training days and 12 rest days, 24 of them doubled AM and PM. Trains all three competition zones — Strength, Endurance and MetCon X — and carries the plan's own fuelling, hydration, recovery, teaching and daily log prompts on each day.","hybrid","","64","PM — Upper Heavy","strength","STRENGTH_TRAINING","Note","Five minutes including warm-up, exactly as the Strength Zone runs it. Rehearse the ramp, not just the lift.","","","","","","","","","","","",""
"","ATHX 2027 — Women's Pro Division","Twelve-week preparation plan for ATHX 2027 — Women's edition, Pro division loads. Starts Monday 2 November 2026 and runs to competition weekend, ATHX London on 23-24 January 2027. Four phases: Base (weeks 1-4), Development (5-8), Specific (9-11), then Taper and Competition (12). Six training days a week across 72 training days and 12 rest days, 24 of them doubled AM and PM. Trains all three competition zones — Strength, Endurance and MetCon X — and carries the plan's own fuelling, hydration, recovery, teaching and daily log prompts on each day.","hybrid","","64","PM — Upper Heavy","strength","STRENGTH_TRAINING","Note · Fuel and hydration","Pre-AM: 30-40 g carbohydrate, 60-90 min before.
Between: Inside 60 min: 1.0-1.5 g/kg carbs plus 30-40 g protein. Non-negotiable on a double day.
Post-PM: 30-40 g protein plus 0.5-1.0 g/kg carbs within two hours.
Daily macros: Day: carbs 5-6 g/kg protein 1.8-2.2 g/kg
Hydration: AM: sweat rate x 0.7 · PM: sweat rate x 0.9
Electrolytes: AM run if over 60 min or warm.","","","","","","","","","","","",""
"","ATHX 2027 — Women's Pro Division","Twelve-week preparation plan for ATHX 2027 — Women's edition, Pro division loads. Starts Monday 2 November 2026 and runs to competition weekend, ATHX London on 23-24 January 2027. Four phases: Base (weeks 1-4), Development (5-8), Specific (9-11), then Taper and Competition (12). Six training days a week across 72 training days and 12 rest days, 24 of them doubled AM and PM. Trains all three competition zones — Strength, Endurance and MetCon X — and carries the plan's own fuelling, hydration, recovery, teaching and daily log prompts on each day.","hybrid","","64","PM — Upper Heavy","strength","STRENGTH_TRAINING","Note · Recovery","Moderate mechanical · moderate central
Sleep is the intervention. You have moved twice today, so more movement is not more recovery. Tomorrow is ski: trunk and lats, legs left alone.","","","","","","","","","","","",""
"","ATHX 2027 — Women's Pro Division","Twelve-week preparation plan for ATHX 2027 — Women's edition, Pro division loads. Starts Monday 2 November 2026 and runs to competition weekend, ATHX London on 23-24 January 2027. Four phases: Base (weeks 1-4), Development (5-8), Specific (9-11), then Taper and Competition (12). Six training days a week across 72 training days and 12 rest days, 24 of them doubled AM and PM. Trains all three competition zones — Strength, Endurance and MetCon X — and carries the plan's own fuelling, hydration, recovery, teaching and daily log prompts on each day.","hybrid","","64","PM — Upper Heavy","strength","STRENGTH_TRAINING","Note · Log today","- Fastest and slowest interval pace, and the gap between them
- Push press top set and RIR
- How the legs felt in the PM session","","","","","","","","","","","",""
"","ATHX 2027 — Women's Pro Division","Twelve-week preparation plan for ATHX 2027 — Women's edition, Pro division loads. Starts Monday 2 November 2026 and runs to competition weekend, ATHX London on 23-24 January 2027. Four phases: Base (weeks 1-4), Development (5-8), Specific (9-11), then Taper and Competition (12). Six training days a week across 72 training days and 12 rest days, 24 of them doubled AM and PM. Trains all three competition zones — Strength, Endurance and MetCon X — and carries the plan's own fuelling, hydration, recovery, teaching and daily log prompts on each day.","hybrid","","64","PM — Upper Heavy","strength","STRENGTH_TRAINING","Note · Day at a glance","Session: 3 km Specific Run + Upper Heavy
Type: Run + Upper strength
Shape: Double — the AM and PM sessions need six hours between them
Relative load: High","","","","","","","","","","","",""
"","ATHX 2027 — Women's Pro Division","Twelve-week preparation plan for ATHX 2027 — Women's edition, Pro division loads. Starts Monday 2 November 2026 and runs to competition weekend, ATHX London on 23-24 January 2027. Four phases: Base (weeks 1-4), Development (5-8), Specific (9-11), then Taper and Competition (12). Six training days a week across 72 training days and 12 rest days, 24 of them doubled AM and PM. Trains all three competition zones — Strength, Endurance and MetCon X — and carries the plan's own fuelling, hydration, recovery, teaching and daily log prompts on each day.","hybrid","","65","Ski Threshold + Grip","cardio","CARDIO_TRAINING","Ski Intervals · Warm-up","5 min + strides","","","","","","","","","","","",""
"","ATHX 2027 — Women's Pro Division","Twelve-week preparation plan for ATHX 2027 — Women's edition, Pro division loads. Starts Monday 2 November 2026 and runs to competition weekend, ATHX London on 23-24 January 2027. Four phases: Base (weeks 1-4), Development (5-8), Specific (9-11), then Taper and Competition (12). Six training days a week across 72 training days and 12 rest days, 24 of them doubled AM and PM. Trains all three competition zones — Strength, Endurance and MetCon X — and carries the plan's own fuelling, hydration, recovery, teaching and daily log prompts on each day.","hybrid","","65","Ski Threshold + Grip","cardio","CARDIO_TRAINING","Ski Intervals · Main","1 x 14 min + 1 x 8 at target competition pace, 3 min recovery between reps","","","","","","","","","","","",""
"","ATHX 2027 — Women's Pro Division","Twelve-week preparation plan for ATHX 2027 — Women's edition, Pro division loads. Starts Monday 2 November 2026 and runs to competition weekend, ATHX London on 23-24 January 2027. Four phases: Base (weeks 1-4), Development (5-8), Specific (9-11), then Taper and Competition (12). Six training days a week across 72 training days and 12 rest days, 24 of them doubled AM and PM. Trains all three competition zones — Strength, Endurance and MetCon X — and carries the plan's own fuelling, hydration, recovery, teaching and daily log prompts on each day.","hybrid","","65","Ski Threshold + Grip","cardio","CARDIO_TRAINING","Note · Ski Intervals","Hold the pace to the end of every interval. A fast start followed by a fade trains the wrong thing - the zone scores total metres, not opening speed.","","","","","","","","","","","",""
"","ATHX 2027 — Women's Pro Division","Twelve-week preparation plan for ATHX 2027 — Women's edition, Pro division loads. Starts Monday 2 November 2026 and runs to competition weekend, ATHX London on 23-24 January 2027. Four phases: Base (weeks 1-4), Development (5-8), Specific (9-11), then Taper and Competition (12). Six training days a week across 72 training days and 12 rest days, 24 of them doubled AM and PM. Trains all three competition zones — Strength, Endurance and MetCon X — and carries the plan's own fuelling, hydration, recovery, teaching and daily log prompts on each day.","hybrid","","65","Ski Threshold + Grip","strength","STRENGTH_TRAINING","Note · Grip Block","12 min.","","","","","","","","","","","",""
"","ATHX 2027 — Women's Pro Division","Twelve-week preparation plan for ATHX 2027 — Women's edition, Pro division loads. Starts Monday 2 November 2026 and runs to competition weekend, ATHX London on 23-24 January 2027. Four phases: Base (weeks 1-4), Development (5-8), Specific (9-11), then Taper and Competition (12). Six training days a week across 72 training days and 12 rest days, 24 of them doubled AM and PM. Trains all three competition zones — Strength, Endurance and MetCon X — and carries the plan's own fuelling, hydration, recovery, teaching and daily log prompts on each day.","hybrid","","65","Ski Threshold + Grip","strength","STRENGTH_TRAINING","Grip Block · Farmer Carry (heavy)","3 x 40 m","","","","","","","","","","","",""
"","ATHX 2027 — Women's Pro Division","Twelve-week preparation plan for ATHX 2027 — Women's edition, Pro division loads. Starts Monday 2 November 2026 and runs to competition weekend, ATHX London on 23-24 January 2027. Four phases: Base (weeks 1-4), Development (5-8), Specific (9-11), then Taper and Competition (12). Six training days a week across 72 training days and 12 rest days, 24 of them doubled AM and PM. Trains all three competition zones — Strength, Endurance and MetCon X — and carries the plan's own fuelling, hydration, recovery, teaching and daily log prompts on each day.","hybrid","","65","Ski Threshold + Grip","strength","STRENGTH_TRAINING","Grip Block · Sandbag Bear-Hug Hold (30 kg)","3 x 45 s","","","30","","","","","","","","",""
"","ATHX 2027 — Women's Pro Division","Twelve-week preparation plan for ATHX 2027 — Women's edition, Pro division loads. Starts Monday 2 November 2026 and runs to competition weekend, ATHX London on 23-24 January 2027. Four phases: Base (weeks 1-4), Development (5-8), Specific (9-11), then Taper and Competition (12). Six training days a week across 72 training days and 12 rest days, 24 of them doubled AM and PM. Trains all three competition zones — Strength, Endurance and MetCon X — and carries the plan's own fuelling, hydration, recovery, teaching and daily log prompts on each day.","hybrid","","65","Ski Threshold + Grip","cardio","CARDIO_TRAINING","Note · Why this session","Holding target pace for twelve to fourteen minutes is what the Endurance Zone actually asks. These intervals make that duration feel routine.","","","","","","","","","","","",""
"","ATHX 2027 — Women's Pro Division","Twelve-week preparation plan for ATHX 2027 — Women's edition, Pro division loads. Starts Monday 2 November 2026 and runs to competition weekend, ATHX London on 23-24 January 2027. Four phases: Base (weeks 1-4), Development (5-8), Specific (9-11), then Taper and Competition (12). Six training days a week across 72 training days and 12 rest days, 24 of them doubled AM and PM. Trains all three competition zones — Strength, Endurance and MetCon X — and carries the plan's own fuelling, hydration, recovery, teaching and daily log prompts on each day.","hybrid","","65","Ski Threshold + Grip","cardio","CARDIO_TRAINING","Note · The number — 2 rows","MetCon X is bookended by rows, and they are the only elements where you control pace with real precision. Set off at an effort you could hold for the whole piece, since the opening row is where time is most easily overspent.","","","","","","","","","","","",""
"","ATHX 2027 — Women's Pro Division","Twelve-week preparation plan for ATHX 2027 — Women's edition, Pro division loads. Starts Monday 2 November 2026 and runs to competition weekend, ATHX London on 23-24 January 2027. Four phases: Base (weeks 1-4), Development (5-8), Specific (9-11), then Taper and Competition (12). Six training days a week across 72 training days and 12 rest days, 24 of them doubled AM and PM. Trains all three competition zones — Strength, Endurance and MetCon X — and carries the plan's own fuelling, hydration, recovery, teaching and daily log prompts on each day.","hybrid","","65","Ski Threshold + Grip","cardio","CARDIO_TRAINING","Note · Fuel and hydration","Pre: 30-50 g carbohydrate, 60-90 min before.
Post: 30-40 g protein plus 0.5 g/kg carbohydrate.
Daily macros: Day: carbs 4-5 g/kg protein 1.8-2.2 g/kg
Hydration: Session: sweat rate x 1.0
Electrolytes: if total session exceeds 60 min.","","","","","","","","","","","",""
"","ATHX 2027 — Women's Pro Division","Twelve-week preparation plan for ATHX 2027 — Women's edition, Pro division loads. Starts Monday 2 November 2026 and runs to competition weekend, ATHX London on 23-24 January 2027. Four phases: Base (weeks 1-4), Development (5-8), Specific (9-11), then Taper and Competition (12). Six training days a week across 72 training days and 12 rest days, 24 of them doubled AM and PM. Trains all three competition zones — Strength, Endurance and MetCon X — and carries the plan's own fuelling, hydration, recovery, teaching and daily log prompts on each day.","hybrid","","65","Ski Threshold + Grip","cardio","CARDIO_TRAINING","Note · Recovery","High metabolic · low mechanical
Hard work, little muscle damage. Active recovery helps here: twenty to thirty minutes of easy walking tonight. Legs should be fresh tomorrow.","","","","","","","","","","","",""
"","ATHX 2027 — Women's Pro Division","Twelve-week preparation plan for ATHX 2027 — Women's edition, Pro division loads. Starts Monday 2 November 2026 and runs to competition weekend, ATHX London on 23-24 January 2027. Four phases: Base (weeks 1-4), Development (5-8), Specific (9-11), then Taper and Competition (12). Six training days a week across 72 training days and 12 rest days, 24 of them doubled AM and PM. Trains all three competition zones — Strength, Endurance and MetCon X — and carries the plan's own fuelling, hydration, recovery, teaching and daily log prompts on each day.","hybrid","","65","Ski Threshold + Grip","cardio","CARDIO_TRAINING","Note · Log today","- Metres for each ski interval
- Drop from first interval to last, target under 3%
- Grip: farmer carry load, dead hang time","","","","","","","","","","","",""
"","ATHX 2027 — Women's Pro Division","Twelve-week preparation plan for ATHX 2027 — Women's edition, Pro division loads. Starts Monday 2 November 2026 and runs to competition weekend, ATHX London on 23-24 January 2027. Four phases: Base (weeks 1-4), Development (5-8), Specific (9-11), then Taper and Competition (12). Six training days a week across 72 training days and 12 rest days, 24 of them doubled AM and PM. Trains all three competition zones — Strength, Endurance and MetCon X — and carries the plan's own fuelling, hydration, recovery, teaching and daily log prompts on each day.","hybrid","","65","Ski Threshold + Grip","cardio","CARDIO_TRAINING","Note · Day at a glance","Session: Ski Threshold + Grip
Type: Ski erg + Grip
Shape: Single
Relative load: Moderate","","","","","","","","","","","",""
"","ATHX 2027 — Women's Pro Division","Twelve-week preparation plan for ATHX 2027 — Women's edition, Pro division loads. Starts Monday 2 November 2026 and runs to competition weekend, ATHX London on 23-24 January 2027. Four phases: Base (weeks 1-4), Development (5-8), Specific (9-11), then Taper and Competition (12). Six training days a week across 72 training days and 12 rest days, 24 of them doubled AM and PM. Trains all three competition zones — Strength, Endurance and MetCon X — and carries the plan's own fuelling, hydration, recovery, teaching and daily log prompts on each day.","hybrid","","66","AM — Easy Aerobic","cardio","RUNNING","Easy Aerobic","40-50 min","","","","","","","","","","","",""
"","ATHX 2027 — Women's Pro Division","Twelve-week preparation plan for ATHX 2027 — Women's edition, Pro division loads. Starts Monday 2 November 2026 and runs to competition weekend, ATHX London on 23-24 January 2027. Four phases: Base (weeks 1-4), Development (5-8), Specific (9-11), then Taper and Competition (12). Six training days a week across 72 training days and 12 rest days, 24 of them doubled AM and PM. Trains all three competition zones — Strength, Endurance and MetCon X — and carries the plan's own fuelling, hydration, recovery, teaching and daily log prompts on each day.","hybrid","","66","AM — Easy Aerobic","cardio","RUNNING","Note","Zone 2. Keep it genuinely easy - this afternoon is the most demanding session of your week.","","","","","","","","","","","",""
"","ATHX 2027 — Women's Pro Division","Twelve-week preparation plan for ATHX 2027 — Women's edition, Pro division loads. Starts Monday 2 November 2026 and runs to competition weekend, ATHX London on 23-24 January 2027. Four phases: Base (weeks 1-4), Development (5-8), Specific (9-11), then Taper and Competition (12). Six training days a week across 72 training days and 12 rest days, 24 of them doubled AM and PM. Trains all three competition zones — Strength, Endurance and MetCon X — and carries the plan's own fuelling, hydration, recovery, teaching and daily log prompts on each day.","hybrid","","66","AM — Easy Aerobic","cardio","RUNNING","Note · Why this session","Maximal overhead, then a heavy squat, then a deadlift on erectors that are already taxed, all inside fifteen minutes. The sequence is a skill in itself, and today rehearses it exactly.","","","","","","","","","","","",""
"","ATHX 2027 — Women's Pro Division","Twelve-week preparation plan for ATHX 2027 — Women's edition, Pro division loads. Starts Monday 2 November 2026 and runs to competition weekend, ATHX London on 23-24 January 2027. Four phases: Base (weeks 1-4), Development (5-8), Specific (9-11), then Taper and Competition (12). Six training days a week across 72 training days and 12 rest days, 24 of them doubled AM and PM. Trains all three competition zones — Strength, Endurance and MetCon X — and carries the plan's own fuelling, hydration, recovery, teaching and daily log prompts on each day.","hybrid","","66","AM — Easy Aerobic","cardio","RUNNING","Note · The standard - Sandbag carry distance","Thirty metres is fifteen out and fifteen back. Both feet must clearly pass the turn line. Individual athletes carry 30 m. Pairs carry 60 m with a changeover, and the second athlete must start from behind the designated line.","","","","","","","","","","","",""
"","ATHX 2027 — Women's Pro Division","Twelve-week preparation plan for ATHX 2027 — Women's edition, Pro division loads. Starts Monday 2 November 2026 and runs to competition weekend, ATHX London on 23-24 January 2027. Four phases: Base (weeks 1-4), Development (5-8), Specific (9-11), then Taper and Competition (12). Six training days a week across 72 training days and 12 rest days, 24 of them doubled AM and PM. Trains all three competition zones — Strength, Endurance and MetCon X — and carries the plan's own fuelling, hydration, recovery, teaching and daily log prompts on each day.","hybrid","","66","PM — Full Strength Sequence","strength","STRENGTH_TRAINING","Note · Full Strength Sequence","15 min, timed.","","","","","","","","","","","",""
"","ATHX 2027 — Women's Pro Division","Twelve-week preparation plan for ATHX 2027 — Women's edition, Pro division loads. Starts Monday 2 November 2026 and runs to competition weekend, ATHX London on 23-24 January 2027. Four phases: Base (weeks 1-4), Development (5-8), Specific (9-11), then Taper and Competition (12). Six training days a week across 72 training days and 12 rest days, 24 of them doubled AM and PM. Trains all three competition zones — Strength, Endurance and MetCon X — and carries the plan's own fuelling, hydration, recovery, teaching and daily log prompts on each day.","hybrid","","66","PM — Full Strength Sequence","strength","STRENGTH_TRAINING","1RM Shoulder to Overhead (min 0-5)","warm-up included","","","","","","","","","","","",""
"","ATHX 2027 — Women's Pro Division","Twelve-week preparation plan for ATHX 2027 — Women's edition, Pro division loads. Starts Monday 2 November 2026 and runs to competition weekend, ATHX London on 23-24 January 2027. Four phases: Base (weeks 1-4), Development (5-8), Specific (9-11), then Taper and Competition (12). Six training days a week across 72 training days and 12 rest days, 24 of them doubled AM and PM. Trains all three competition zones — Strength, Endurance and MetCon X — and carries the plan's own fuelling, hydration, recovery, teaching and daily log prompts on each day.","hybrid","","66","PM — Full Strength Sequence","strength","STRENGTH_TRAINING","2RM Back Squat (min 5-10)","warm-up included","","","","","","","","","","","",""
"","ATHX 2027 — Women's Pro Division","Twelve-week preparation plan for ATHX 2027 — Women's edition, Pro division loads. Starts Monday 2 November 2026 and runs to competition weekend, ATHX London on 23-24 January 2027. Four phases: Base (weeks 1-4), Development (5-8), Specific (9-11), then Taper and Competition (12). Six training days a week across 72 training days and 12 rest days, 24 of them doubled AM and PM. Trains all three competition zones — Strength, Endurance and MetCon X — and carries the plan's own fuelling, hydration, recovery, teaching and daily log prompts on each day.","hybrid","","66","PM — Full Strength Sequence","strength","STRENGTH_TRAINING","Deadlift warm-up (min 10-12)","2 min window","","","","","","","","","","","",""
"","ATHX 2027 — Women's Pro Division","Twelve-week preparation plan for ATHX 2027 — Women's edition, Pro division loads. Starts Monday 2 November 2026 and runs to competition weekend, ATHX London on 23-24 January 2027. Four phases: Base (weeks 1-4), Development (5-8), Specific (9-11), then Taper and Competition (12). Six training days a week across 72 training days and 12 rest days, 24 of them doubled AM and PM. Trains all three competition zones — Strength, Endurance and MetCon X — and carries the plan's own fuelling, hydration, recovery, teaching and daily log prompts on each day.","hybrid","","66","PM — Full Strength Sequence","strength","STRENGTH_TRAINING","Deadlift window 1 (min 12-13)","3 reps or singles · 1 min","","","","","","","","","","","",""
"","ATHX 2027 — Women's Pro Division","Twelve-week preparation plan for ATHX 2027 — Women's edition, Pro division loads. Starts Monday 2 November 2026 and runs to competition weekend, ATHX London on 23-24 January 2027. Four phases: Base (weeks 1-4), Development (5-8), Specific (9-11), then Taper and Competition (12). Six training days a week across 72 training days and 12 rest days, 24 of them doubled AM and PM. Trains all three competition zones — Strength, Endurance and MetCon X — and carries the plan's own fuelling, hydration, recovery, teaching and daily log prompts on each day.","hybrid","","66","PM — Full Strength Sequence","strength","STRENGTH_TRAINING","Rest (min 13-14)","1 min window","","","","","","","","","","","",""
"","ATHX 2027 — Women's Pro Division","Twelve-week preparation plan for ATHX 2027 — Women's edition, Pro division loads. Starts Monday 2 November 2026 and runs to competition weekend, ATHX London on 23-24 January 2027. Four phases: Base (weeks 1-4), Development (5-8), Specific (9-11), then Taper and Competition (12). Six training days a week across 72 training days and 12 rest days, 24 of them doubled AM and PM. Trains all three competition zones — Strength, Endurance and MetCon X — and carries the plan's own fuelling, hydration, recovery, teaching and daily log prompts on each day.","hybrid","","66","PM — Full Strength Sequence","strength","STRENGTH_TRAINING","Deadlift window 2 (min 14-15)","3 reps or singles · 1 min","","","","","","","","","","","",""
"","ATHX 2027 — Women's Pro Division","Twelve-week preparation plan for ATHX 2027 — Women's edition, Pro division loads. Starts Monday 2 November 2026 and runs to competition weekend, ATHX London on 23-24 January 2027. Four phases: Base (weeks 1-4), Development (5-8), Specific (9-11), then Taper and Competition (12). Six training days a week across 72 training days and 12 rest days, 24 of them doubled AM and PM. Trains all three competition zones — Strength, Endurance and MetCon X — and carries the plan's own fuelling, hydration, recovery, teaching and daily log prompts on each day.","hybrid","","66","PM — Full Strength Sequence","strength","STRENGTH_TRAINING","Note","Open window one at a weight you are ninety-five per cent confident of, since a miss costs half the component rather than the difference between two weights. Arrive warm, as five minutes per lift allows for two or three loaded singles and the attempt.","","","","","","","","","","","",""
"","ATHX 2027 — Women's Pro Division","Twelve-week preparation plan for ATHX 2027 — Women's edition, Pro division loads. Starts Monday 2 November 2026 and runs to competition weekend, ATHX London on 23-24 January 2027. Four phases: Base (weeks 1-4), Development (5-8), Specific (9-11), then Taper and Competition (12). Six training days a week across 72 training days and 12 rest days, 24 of them doubled AM and PM. Trains all three competition zones — Strength, Endurance and MetCon X — and carries the plan's own fuelling, hydration, recovery, teaching and daily log prompts on each day.","hybrid","","66","PM — Full Strength Sequence","strength","STRENGTH_TRAINING","Note · Fuel and hydration","Pre-AM: 20-30 g carbohydrate, or fasted if you tolerate it.
Between: Inside 60 min: 1.0-1.5 g/kg carbs plus 30-40 g protein.
Post-PM: 40 g protein plus 1.0 g/kg carbs within two hours.
Daily macros: Day: carbs 5-6 g/kg protein 2.0-2.2 g/kg
Hydration: AM: sweat rate x 0.8 · PM: sweat rate x 1.0
Electrolytes: PM session. Dehydration cuts force and spinal stability.","","","","","","","","","","","",""
"","ATHX 2027 — Women's Pro Division","Twelve-week preparation plan for ATHX 2027 — Women's edition, Pro division loads. Starts Monday 2 November 2026 and runs to competition weekend, ATHX London on 23-24 January 2027. Four phases: Base (weeks 1-4), Development (5-8), Specific (9-11), then Taper and Competition (12). Six training days a week across 72 training days and 12 rest days, 24 of them doubled AM and PM. Trains all three competition zones — Strength, Endurance and MetCon X — and carries the plan's own fuelling, hydration, recovery, teaching and daily log prompts on each day.","hybrid","","66","PM — Full Strength Sequence","strength","STRENGTH_TRAINING","Note · Recovery","Highest central load of the week
Complete rest tonight. After high central load, light cardio does not speed neural recovery; sleep, downregulation and food do. Tomorrow is rest for the same reason.","","","","","","","","","","","",""
"","ATHX 2027 — Women's Pro Division","Twelve-week preparation plan for ATHX 2027 — Women's edition, Pro division loads. Starts Monday 2 November 2026 and runs to competition weekend, ATHX London on 23-24 January 2027. Four phases: Base (weeks 1-4), Development (5-8), Specific (9-11), then Taper and Competition (12). Six training days a week across 72 training days and 12 rest days, 24 of them doubled AM and PM. Trains all three competition zones — Strength, Endurance and MetCon X — and carries the plan's own fuelling, hydration, recovery, teaching and daily log prompts on each day.","hybrid","","66","PM — Full Strength Sequence","strength","STRENGTH_TRAINING","Note · Log today","- Back squat top set and RIR
- Deadlift - triple 1 / triple 2, each round
- The gap between the two triples","","","","","","","","","","","",""
"","ATHX 2027 — Women's Pro Division","Twelve-week preparation plan for ATHX 2027 — Women's edition, Pro division loads. Starts Monday 2 November 2026 and runs to competition weekend, ATHX London on 23-24 January 2027. Four phases: Base (weeks 1-4), Development (5-8), Specific (9-11), then Taper and Competition (12). Six training days a week across 72 training days and 12 rest days, 24 of them doubled AM and PM. Trains all three competition zones — Strength, Endurance and MetCon X — and carries the plan's own fuelling, hydration, recovery, teaching and daily log prompts on each day.","hybrid","","66","PM — Full Strength Sequence","strength","STRENGTH_TRAINING","Note · Day at a glance","Session: Easy Aerobic + Strength Sequence
Type: Aerobic + Lower strength
Shape: Double — the AM and PM sessions need six hours between them
Relative load: Highest","","","","","","","","","","","",""
"","ATHX 2027 — Women's Pro Division","Twelve-week preparation plan for ATHX 2027 — Women's edition, Pro division loads. Starts Monday 2 November 2026 and runs to competition weekend, ATHX London on 23-24 January 2027. Four phases: Base (weeks 1-4), Development (5-8), Specific (9-11), then Taper and Competition (12). Six training days a week across 72 training days and 12 rest days, 24 of them doubled AM and PM. Trains all three competition zones — Strength, Endurance and MetCon X — and carries the plan's own fuelling, hydration, recovery, teaching and daily log prompts on each day.","hybrid","","67","Complete Rest","cardio","GENERIC","Note","Optional, ten to fifteen minutes: thoracic rotation, hip flexor lengthening, ankle dorsiflexion. Nothing that raises the heart rate. If it starts to feel like a session, stop.

Feeling good on a rest day is a sign the rest day is doing its job rather than a reason to add a session.

More progress tends to be lost to training through fatigue than to taking a day off.","","","","","","","","","","","",""
"","ATHX 2027 — Women's Pro Division","Twelve-week preparation plan for ATHX 2027 — Women's edition, Pro division loads. Starts Monday 2 November 2026 and runs to competition weekend, ATHX London on 23-24 January 2027. Four phases: Base (weeks 1-4), Development (5-8), Specific (9-11), then Taper and Competition (12). Six training days a week across 72 training days and 12 rest days, 24 of them doubled AM and PM. Trains all three competition zones — Strength, Endurance and MetCon X — and carries the plan's own fuelling, hydration, recovery, teaching and daily log prompts on each day.","hybrid","","67","Complete Rest","cardio","GENERIC","Note · Why this session","Yesterday carried the heaviest central nervous system load of the week, and the weekend holds the most specific sessions. This day is part of the programme rather than a gap in it, and it is what allows Friday and Saturday to be productive.","","","","","","","","","","","",""
"","ATHX 2027 — Women's Pro Division","Twelve-week preparation plan for ATHX 2027 — Women's edition, Pro division loads. Starts Monday 2 November 2026 and runs to competition weekend, ATHX London on 23-24 January 2027. Four phases: Base (weeks 1-4), Development (5-8), Specific (9-11), then Taper and Competition (12). Six training days a week across 72 training days and 12 rest days, 24 of them doubled AM and PM. Trains all three competition zones — Strength, Endurance and MetCon X — and carries the plan's own fuelling, hydration, recovery, teaching and daily log prompts on each day.","hybrid","","67","Complete Rest","cardio","GENERIC","Note · From the floor - Between-zone fuelling","Thirty to forty minutes between zones is enough for 30 to 40 g of easily digested carbohydrate and fluid, and not enough for a meal. Rehearse exactly what you will take. Competition day is not the time to discover something does not sit well.","","","","","","","","","","","",""
"","ATHX 2027 — Women's Pro Division","Twelve-week preparation plan for ATHX 2027 — Women's edition, Pro division loads. Starts Monday 2 November 2026 and runs to competition weekend, ATHX London on 23-24 January 2027. Four phases: Base (weeks 1-4), Development (5-8), Specific (9-11), then Taper and Competition (12). Six training days a week across 72 training days and 12 rest days, 24 of them doubled AM and PM. Trains all three competition zones — Strength, Endurance and MetCon X — and carries the plan's own fuelling, hydration, recovery, teaching and daily log prompts on each day.","hybrid","","67","Complete Rest","cardio","GENERIC","Note · Fuel and hydration","All day: Carbs come down because you are not training. Protein does not - rest days are when repair happens.
Intake: Eat at roughly maintenance. A build block is not the place for a deficit.
Daily macros: Day: carbs 3-4 g/kg protein 1.8-2.2 g/kg
Hydration: Session: none - baseline only, and still drink it
Electrolytes: not required today.","","","","","","","","","","","",""
"","ATHX 2027 — Women's Pro Division","Twelve-week preparation plan for ATHX 2027 — Women's edition, Pro division loads. Starts Monday 2 November 2026 and runs to competition weekend, ATHX London on 23-24 January 2027. Four phases: Base (weeks 1-4), Development (5-8), Specific (9-11), then Taper and Competition (12). Six training days a week across 72 training days and 12 rest days, 24 of them doubled AM and PM. Trains all three competition zones — Strength, Endurance and MetCon X — and carries the plan's own fuelling, hydration, recovery, teaching and daily log prompts on each day.","hybrid","","67","Complete Rest","cardio","GENERIC","Note · Recovery","Clearing central nervous system load
A working day for your nervous system even though it does not look like one. Sleep, downregulation and nutrition do the work. Get to bed thirty minutes earlier.","","","","","","","","","","","",""
"","ATHX 2027 — Women's Pro Division","Twelve-week preparation plan for ATHX 2027 — Women's edition, Pro division loads. Starts Monday 2 November 2026 and runs to competition weekend, ATHX London on 23-24 January 2027. Four phases: Base (weeks 1-4), Development (5-8), Specific (9-11), then Taper and Competition (12). Six training days a week across 72 training days and 12 rest days, 24 of them doubled AM and PM. Trains all three competition zones — Strength, Endurance and MetCon X — and carries the plan's own fuelling, hydration, recovery, teaching and daily log prompts on each day.","hybrid","","67","Complete Rest","cardio","GENERIC","Note · Log today","- Morning resting heart rate
- HRV if you track it
- If elevated two days running, reduce Friday volume by a third","","","","","","","","","","","",""
"","ATHX 2027 — Women's Pro Division","Twelve-week preparation plan for ATHX 2027 — Women's edition, Pro division loads. Starts Monday 2 November 2026 and runs to competition weekend, ATHX London on 23-24 January 2027. Four phases: Base (weeks 1-4), Development (5-8), Specific (9-11), then Taper and Competition (12). Six training days a week across 72 training days and 12 rest days, 24 of them doubled AM and PM. Trains all three competition zones — Strength, Endurance and MetCon X — and carries the plan's own fuelling, hydration, recovery, teaching and daily log prompts on each day.","hybrid","","67","Complete Rest","cardio","GENERIC","Note · Day at a glance","Session: Complete Rest
Type: Rest
Shape: Rest
Relative load: not rated","","","","","","","","","","","",""
"","ATHX 2027 — Women's Pro Division","Twelve-week preparation plan for ATHX 2027 — Women's edition, Pro division loads. Starts Monday 2 November 2026 and runs to competition weekend, ATHX London on 23-24 January 2027. Four phases: Base (weeks 1-4), Development (5-8), Specific (9-11), then Taper and Competition (12). Six training days a week across 72 training days and 12 rest days, 24 of them doubled AM and PM. Trains all three competition zones — Strength, Endurance and MetCon X — and carries the plan's own fuelling, hydration, recovery, teaching and daily log prompts on each day.","hybrid","","68","MetCon X - Full","cardio","CARDIO_TRAINING","Note · MetCon X","25 min cap · For time.","","","","","","","","","","","",""
"","ATHX 2027 — Women's Pro Division","Twelve-week preparation plan for ATHX 2027 — Women's edition, Pro division loads. Starts Monday 2 November 2026 and runs to competition weekend, ATHX London on 23-24 January 2027. Four phases: Base (weeks 1-4), Development (5-8), Specific (9-11), then Taper and Competition (12). Six training days a week across 72 training days and 12 rest days, 24 of them doubled AM and PM. Trains all three competition zones — Strength, Endurance and MetCon X — and carries the plan's own fuelling, hydration, recovery, teaching and daily log prompts on each day.","hybrid","","68","MetCon X - Full","cardio","CARDIO_TRAINING","Row","35 cal","","","","","","","","","","","",""
"","ATHX 2027 — Women's Pro Division","Twelve-week preparation plan for ATHX 2027 — Women's edition, Pro division loads. Starts Monday 2 November 2026 and runs to competition weekend, ATHX London on 23-24 January 2027. Four phases: Base (weeks 1-4), Development (5-8), Specific (9-11), then Taper and Competition (12). Six training days a week across 72 training days and 12 rest days, 24 of them doubled AM and PM. Trains all three competition zones — Strength, Endurance and MetCon X — and carries the plan's own fuelling, hydration, recovery, teaching and daily log prompts on each day.","hybrid","","68","MetCon X - Full","cardio","CARDIO_TRAINING","DB Ground to Overhead","30 dual @ 15 kg","","","15","","","30","","","","","",""
"","ATHX 2027 — Women's Pro Division","Twelve-week preparation plan for ATHX 2027 — Women's edition, Pro division loads. Starts Monday 2 November 2026 and runs to competition weekend, ATHX London on 23-24 January 2027. Four phases: Base (weeks 1-4), Development (5-8), Specific (9-11), then Taper and Competition (12). Six training days a week across 72 training days and 12 rest days, 24 of them doubled AM and PM. Trains all three competition zones — Strength, Endurance and MetCon X — and carries the plan's own fuelling, hydration, recovery, teaching and daily log prompts on each day.","hybrid","","68","MetCon X - Full","cardio","CARDIO_TRAINING","DB Bench Press","30 @ 15 kg","","","15","","","30","","","","","",""
"","ATHX 2027 — Women's Pro Division","Twelve-week preparation plan for ATHX 2027 — Women's edition, Pro division loads. Starts Monday 2 November 2026 and runs to competition weekend, ATHX London on 23-24 January 2027. Four phases: Base (weeks 1-4), Development (5-8), Specific (9-11), then Taper and Competition (12). Six training days a week across 72 training days and 12 rest days, 24 of them doubled AM and PM. Trains all three competition zones — Strength, Endurance and MetCon X — and carries the plan's own fuelling, hydration, recovery, teaching and daily log prompts on each day.","hybrid","","68","MetCon X - Full","cardio","CARDIO_TRAINING","Sandbag Squats","30 @ 50 kg","","","50","","","30","","","","","",""
"","ATHX 2027 — Women's Pro Division","Twelve-week preparation plan for ATHX 2027 — Women's edition, Pro division loads. Starts Monday 2 November 2026 and runs to competition weekend, ATHX London on 23-24 January 2027. Four phases: Base (weeks 1-4), Development (5-8), Specific (9-11), then Taper and Competition (12). Six training days a week across 72 training days and 12 rest days, 24 of them doubled AM and PM. Trains all three competition zones — Strength, Endurance and MetCon X — and carries the plan's own fuelling, hydration, recovery, teaching and daily log prompts on each day.","hybrid","","68","MetCon X - Full","cardio","CARDIO_TRAINING","Sandbag Carry","30 m @ 50 kg","","","50","","","","","","","","",""
"","ATHX 2027 — Women's Pro Division","Twelve-week preparation plan for ATHX 2027 — Women's edition, Pro division loads. Starts Monday 2 November 2026 and runs to competition weekend, ATHX London on 23-24 January 2027. Four phases: Base (weeks 1-4), Development (5-8), Specific (9-11), then Taper and Competition (12). Six training days a week across 72 training days and 12 rest days, 24 of them doubled AM and PM. Trains all three competition zones — Strength, Endurance and MetCon X — and carries the plan's own fuelling, hydration, recovery, teaching and daily log prompts on each day.","hybrid","","68","MetCon X - Full","cardio","CARDIO_TRAINING","Burpees over bench","30","","","","","","","","","","","",""
"","ATHX 2027 — Women's Pro Division","Twelve-week preparation plan for ATHX 2027 — Women's edition, Pro division loads. Starts Monday 2 November 2026 and runs to competition weekend, ATHX London on 23-24 January 2027. Four phases: Base (weeks 1-4), Development (5-8), Specific (9-11), then Taper and Competition (12). Six training days a week across 72 training days and 12 rest days, 24 of them doubled AM and PM. Trains all three competition zones — Strength, Endurance and MetCon X — and carries the plan's own fuelling, hydration, recovery, teaching and daily log prompts on each day.","hybrid","","68","MetCon X - Full","cardio","CARDIO_TRAINING","Row","35 cal","","","","","","","","","","","",""
"","ATHX 2027 — Women's Pro Division","Twelve-week preparation plan for ATHX 2027 — Women's edition, Pro division loads. Starts Monday 2 November 2026 and runs to competition weekend, ATHX London on 23-24 January 2027. Four phases: Base (weeks 1-4), Development (5-8), Specific (9-11), then Taper and Competition (12). Six training days a week across 72 training days and 12 rest days, 24 of them doubled AM and PM. Trains all three competition zones — Strength, Endurance and MetCon X — and carries the plan's own fuelling, hydration, recovery, teaching and daily log prompts on each day.","hybrid","","68","MetCon X - Full","cardio","CARDIO_TRAINING","Note","The opening row is the only place you control pace with any precision. Go out at an effort you could hold for the whole piece, not at what feels easy in the first thirty seconds.

Record your split at the end of each element. Where you lose time is more useful than the total.","","","","","","","","","","","",""
"","ATHX 2027 — Women's Pro Division","Twelve-week preparation plan for ATHX 2027 — Women's edition, Pro division loads. Starts Monday 2 November 2026 and runs to competition weekend, ATHX London on 23-24 January 2027. Four phases: Base (weeks 1-4), Development (5-8), Specific (9-11), then Taper and Competition (12). Six training days a week across 72 training days and 12 rest days, 24 of them doubled AM and PM. Trains all three competition zones — Strength, Endurance and MetCon X — and carries the plan's own fuelling, hydration, recovery, teaching and daily log prompts on each day.","hybrid","","68","MetCon X - Full","cardio","CARDIO_TRAINING","Note · Why this session","The whole workout at competition load, against the clock. The work from the circuit weeks is measured here as a single number.","","","","","","","","","","","",""
"","ATHX 2027 — Women's Pro Division","Twelve-week preparation plan for ATHX 2027 — Women's edition, Pro division loads. Starts Monday 2 November 2026 and runs to competition weekend, ATHX London on 23-24 January 2027. Four phases: Base (weeks 1-4), Development (5-8), Specific (9-11), then Taper and Competition (12). Six training days a week across 72 training days and 12 rest days, 24 of them doubled AM and PM. Trains all three competition zones — Strength, Endurance and MetCon X — and carries the plan's own fuelling, hydration, recovery, teaching and daily log prompts on each day.","hybrid","","68","MetCon X - Full","cardio","CARDIO_TRAINING","Note · No rep - Bench press lockout","Every rep needs full elbow extension. Under fatigue the last few centimetres are the first thing to go. Counting in blocks of ten, resetting the breathing between them, works better than a continuous thirty.","","","","","","","","","","","",""
"","ATHX 2027 — Women's Pro Division","Twelve-week preparation plan for ATHX 2027 — Women's edition, Pro division loads. Starts Monday 2 November 2026 and runs to competition weekend, ATHX London on 23-24 January 2027. Four phases: Base (weeks 1-4), Development (5-8), Specific (9-11), then Taper and Competition (12). Six training days a week across 72 training days and 12 rest days, 24 of them doubled AM and PM. Trains all three competition zones — Strength, Endurance and MetCon X — and carries the plan's own fuelling, hydration, recovery, teaching and daily log prompts on each day.","hybrid","","68","MetCon X - Full","cardio","CARDIO_TRAINING","Note · Fuel and hydration","Pre: 40-50 g carbohydrate, 90 min before.
Intra: Electrolyte drink between rounds, not during them.
Post: 40 g protein plus 1.0 g/kg carbs within two hours.
Daily macros: Day: carbs 5-6 g/kg protein 1.8-2.2 g/kg
Hydration: Session: sweat rate x 1.2
Electrolytes: required. Highest sweat rate of your week.","","","","","","","","","","","",""
"","ATHX 2027 — Women's Pro Division","Twelve-week preparation plan for ATHX 2027 — Women's edition, Pro division loads. Starts Monday 2 November 2026 and runs to competition weekend, ATHX London on 23-24 January 2027. Four phases: Base (weeks 1-4), Development (5-8), Specific (9-11), then Taper and Competition (12). Six training days a week across 72 training days and 12 rest days, 24 of them doubled AM and PM. Trains all three competition zones — Strength, Endurance and MetCon X — and carries the plan's own fuelling, hydration, recovery, teaching and daily log prompts on each day.","hybrid","","68","MetCon X - Full","cardio","CARDIO_TRAINING","Note · Recovery","High metabolic · moderate mechanical
Loaded squatting and grip, no heavy eccentrics. Twenty minutes of easy walking or light cycling tonight. Not running - tomorrow needs your legs.","","","","","","","","","","","",""
"","ATHX 2027 — Women's Pro Division","Twelve-week preparation plan for ATHX 2027 — Women's edition, Pro division loads. Starts Monday 2 November 2026 and runs to competition weekend, ATHX London on 23-24 January 2027. Four phases: Base (weeks 1-4), Development (5-8), Specific (9-11), then Taper and Competition (12). Six training days a week across 72 training days and 12 rest days, 24 of them doubled AM and PM. Trains all three competition zones — Strength, Endurance and MetCon X — and carries the plan's own fuelling, hydration, recovery, teaching and daily log prompts on each day.","hybrid","","68","MetCon X - Full","cardio","CARDIO_TRAINING","Note · Log today","- Time for each round
- Drop from round one to the final round, target within 10%
- Where the sandbag block broke down","","","","","","","","","","","",""
"","ATHX 2027 — Women's Pro Division","Twelve-week preparation plan for ATHX 2027 — Women's edition, Pro division loads. Starts Monday 2 November 2026 and runs to competition weekend, ATHX London on 23-24 January 2027. Four phases: Base (weeks 1-4), Development (5-8), Specific (9-11), then Taper and Competition (12). Six training days a week across 72 training days and 12 rest days, 24 of them doubled AM and PM. Trains all three competition zones — Strength, Endurance and MetCon X — and carries the plan's own fuelling, hydration, recovery, teaching and daily log prompts on each day.","hybrid","","68","MetCon X - Full","cardio","CARDIO_TRAINING","Note · Day at a glance","Session: MetCon X - Full
Type: MetCon circuit
Shape: Single
Relative load: High","","","","","","","","","","","",""
"","ATHX 2027 — Women's Pro Division","Twelve-week preparation plan for ATHX 2027 — Women's edition, Pro division loads. Starts Monday 2 November 2026 and runs to competition weekend, ATHX London on 23-24 January 2027. Four phases: Base (weeks 1-4), Development (5-8), Specific (9-11), then Taper and Competition (12). Six training days a week across 72 training days and 12 rest days, 24 of them doubled AM and PM. Trains all three competition zones — Strength, Endurance and MetCon X — and carries the plan's own fuelling, hydration, recovery, teaching and daily log prompts on each day.","hybrid","","69","Endurance Zone - Paced","cardio","CARDIO_TRAINING","Note · Full Endurance Zone","24 min cap.","","","","","","","","","","","",""
"","ATHX 2027 — Women's Pro Division","Twelve-week preparation plan for ATHX 2027 — Women's edition, Pro division loads. Starts Monday 2 November 2026 and runs to competition weekend, ATHX London on 23-24 January 2027. Four phases: Base (weeks 1-4), Development (5-8), Specific (9-11), then Taper and Competition (12). Six training days a week across 72 training days and 12 rest days, 24 of them doubled AM and PM. Trains all three competition zones — Strength, Endurance and MetCon X — and carries the plan's own fuelling, hydration, recovery, teaching and daily log prompts on each day.","hybrid","","69","Endurance Zone - Paced","cardio","CARDIO_TRAINING","Run buy-in","3 km at your chosen entry pace","","","","","","","","","","","",""
"","ATHX 2027 — Women's Pro Division","Twelve-week preparation plan for ATHX 2027 — Women's edition, Pro division loads. Starts Monday 2 November 2026 and runs to competition weekend, ATHX London on 23-24 January 2027. Four phases: Base (weeks 1-4), Development (5-8), Specific (9-11), then Taper and Competition (12). Six training days a week across 72 training days and 12 rest days, 24 of them doubled AM and PM. Trains all three competition zones — Strength, Endurance and MetCon X — and carries the plan's own fuelling, hydration, recovery, teaching and daily log prompts on each day.","hybrid","","69","Endurance Zone - Paced","cardio","CARDIO_TRAINING","Then","max ski to cap","","","","","","","","","","","",""
"","ATHX 2027 — Women's Pro Division","Twelve-week preparation plan for ATHX 2027 — Women's edition, Pro division loads. Starts Monday 2 November 2026 and runs to competition weekend, ATHX London on 23-24 January 2027. Four phases: Base (weeks 1-4), Development (5-8), Specific (9-11), then Taper and Competition (12). Six training days a week across 72 training days and 12 rest days, 24 of them doubled AM and PM. Trains all three competition zones — Strength, Endurance and MetCon X — and carries the plan's own fuelling, hydration, recovery, teaching and daily log prompts on each day.","hybrid","","69","Endurance Zone - Paced","cardio","CARDIO_TRAINING","Note · Score","ski metres only","","","","","","","","","","","",""
"","ATHX 2027 — Women's Pro Division","Twelve-week preparation plan for ATHX 2027 — Women's edition, Pro division loads. Starts Monday 2 November 2026 and runs to competition weekend, ATHX London on 23-24 January 2027. Four phases: Base (weeks 1-4), Development (5-8), Specific (9-11), then Taper and Competition (12). Six training days a week across 72 training days and 12 rest days, 24 of them doubled AM and PM. Trains all three competition zones — Strength, Endurance and MetCon X — and carries the plan's own fuelling, hydration, recovery, teaching and daily log prompts on each day.","hybrid","","69","Endurance Zone - Paced","cardio","CARDIO_TRAINING","Note","Record 500 m ski splits throughout. Total metres is the number that decides which strategy you take to the floor.","","","","","","","","","","","",""
"","ATHX 2027 — Women's Pro Division","Twelve-week preparation plan for ATHX 2027 — Women's edition, Pro division loads. Starts Monday 2 November 2026 and runs to competition weekend, ATHX London on 23-24 January 2027. Four phases: Base (weeks 1-4), Development (5-8), Specific (9-11), then Taper and Competition (12). Six training days a week across 72 training days and 12 rest days, 24 of them doubled AM and PM. Trains all three competition zones — Strength, Endurance and MetCon X — and carries the plan's own fuelling, hydration, recovery, teaching and daily log prompts on each day.","hybrid","","69","Endurance Zone - Paced","cardio","CARDIO_TRAINING","Note · Why this session","Run your chosen strategy and confirm it holds. This should now feel rehearsed rather than experimental.","","","","","","","","","","","",""
"","ATHX 2027 — Women's Pro Division","Twelve-week preparation plan for ATHX 2027 — Women's edition, Pro division loads. Starts Monday 2 November 2026 and runs to competition weekend, ATHX London on 23-24 January 2027. Four phases: Base (weeks 1-4), Development (5-8), Specific (9-11), then Taper and Competition (12). Six training days a week across 72 training days and 12 rest days, 24 of them doubled AM and PM. Trains all three competition zones — Strength, Endurance and MetCon X — and carries the plan's own fuelling, hydration, recovery, teaching and daily log prompts on each day.","hybrid","","69","Endurance Zone - Paced","cardio","CARDIO_TRAINING","Note · Kit - Grip without straps","With straps banned, hook grip or mixed grip is your only option on a heavy deadlift triple. If you use hook grip, chalk heavily. If you use mixed grip, alternate which hand supinates across your training sets.","","","","","","","","","","","",""
"","ATHX 2027 — Women's Pro Division","Twelve-week preparation plan for ATHX 2027 — Women's edition, Pro division loads. Starts Monday 2 November 2026 and runs to competition weekend, ATHX London on 23-24 January 2027. Four phases: Base (weeks 1-4), Development (5-8), Specific (9-11), then Taper and Competition (12). Six training days a week across 72 training days and 12 rest days, 24 of them doubled AM and PM. Trains all three competition zones — Strength, Endurance and MetCon X — and carries the plan's own fuelling, hydration, recovery, teaching and daily log prompts on each day.","hybrid","","69","Endurance Zone - Paced","cardio","CARDIO_TRAINING","Note · Fuel and hydration","Pre: 40-50 g carbohydrate, 90 min before. Under-fuel this and the data is meaningless.
Post: 30-40 g protein plus 1.0 g/kg carbohydrate.
Daily macros: Day: carbs 5-6 g/kg protein 1.8-2.2 g/kg
Hydration: Session: sweat rate x 1.1
Electrolytes: yes. Sip between rounds.","","","","","","","","","","","",""
"","ATHX 2027 — Women's Pro Division","Twelve-week preparation plan for ATHX 2027 — Women's edition, Pro division loads. Starts Monday 2 November 2026 and runs to competition weekend, ATHX London on 23-24 January 2027. Four phases: Base (weeks 1-4), Development (5-8), Specific (9-11), then Taper and Competition (12). Six training days a week across 72 training days and 12 rest days, 24 of them doubled AM and PM. Trains all three competition zones — Strength, Endurance and MetCon X — and carries the plan's own fuelling, hydration, recovery, teaching and daily log prompts on each day.","hybrid","","69","Endurance Zone - Paced","cardio","CARDIO_TRAINING","Note · Recovery","High metabolic · moderate mechanical
Tomorrow's easy aerobic is your recovery, which is why it sits there. Sleep is tonight's priority. Legs beaten up in the morning? Take Sunday as a walk.","","","","","","","","","","","",""
"","ATHX 2027 — Women's Pro Division","Twelve-week preparation plan for ATHX 2027 — Women's edition, Pro division loads. Starts Monday 2 November 2026 and runs to competition weekend, ATHX London on 23-24 January 2027. Four phases: Base (weeks 1-4), Development (5-8), Specific (9-11), then Taper and Competition (12). Six training days a week across 72 training days and 12 rest days, 24 of them doubled AM and PM. Trains all three competition zones — Strength, Endurance and MetCon X — and carries the plan's own fuelling, hydration, recovery, teaching and daily log prompts on each day.","hybrid","","69","Endurance Zone - Paced","cardio","CARDIO_TRAINING","Note · Log today","- Ski metres per round, or 500 m splits if rehearsing the full zone
- Final round as a percentage of the first, target within 5%
- How the first thirty seconds of each ski felt","","","","","","","","","","","",""
"","ATHX 2027 — Women's Pro Division","Twelve-week preparation plan for ATHX 2027 — Women's edition, Pro division loads. Starts Monday 2 November 2026 and runs to competition weekend, ATHX London on 23-24 January 2027. Four phases: Base (weeks 1-4), Development (5-8), Specific (9-11), then Taper and Competition (12). Six training days a week across 72 training days and 12 rest days, 24 of them doubled AM and PM. Trains all three competition zones — Strength, Endurance and MetCon X — and carries the plan's own fuelling, hydration, recovery, teaching and daily log prompts on each day.","hybrid","","69","Endurance Zone - Paced","cardio","CARDIO_TRAINING","Note · Day at a glance","Session: Endurance Zone - Paced
Type: Run to ski transition
Shape: Single
Relative load: Highest","","","","","","","","","","","",""
"","ATHX 2027 — Women's Pro Division","Twelve-week preparation plan for ATHX 2027 — Women's edition, Pro division loads. Starts Monday 2 November 2026 and runs to competition weekend, ATHX London on 23-24 January 2027. Four phases: Base (weeks 1-4), Development (5-8), Specific (9-11), then Taper and Competition (12). Six training days a week across 72 training days and 12 rest days, 24 of them doubled AM and PM. Trains all three competition zones — Strength, Endurance and MetCon X — and carries the plan's own fuelling, hydration, recovery, teaching and daily log prompts on each day.","hybrid","","70","Easy Aerobic","cardio","RUNNING","Easy Aerobic","50-60 min — Zone 2 run / bike","","","","","","","","","","","",""
"","ATHX 2027 — Women's Pro Division","Twelve-week preparation plan for ATHX 2027 — Women's edition, Pro division loads. Starts Monday 2 November 2026 and runs to competition weekend, ATHX London on 23-24 January 2027. Four phases: Base (weeks 1-4), Development (5-8), Specific (9-11), then Taper and Competition (12). Six training days a week across 72 training days and 12 rest days, 24 of them doubled AM and PM. Trains all three competition zones — Strength, Endurance and MetCon X — and carries the plan's own fuelling, hydration, recovery, teaching and daily log prompts on each day.","hybrid","","70","Easy Aerobic","cardio","RUNNING","Note","If Saturday was a full simulation, take today as a walk regardless of what the table says.","","","","","","","","","","","",""
"","ATHX 2027 — Women's Pro Division","Twelve-week preparation plan for ATHX 2027 — Women's edition, Pro division loads. Starts Monday 2 November 2026 and runs to competition weekend, ATHX London on 23-24 January 2027. Four phases: Base (weeks 1-4), Development (5-8), Specific (9-11), then Taper and Competition (12). Six training days a week across 72 training days and 12 rest days, 24 of them doubled AM and PM. Trains all three competition zones — Strength, Endurance and MetCon X — and carries the plan's own fuelling, hydration, recovery, teaching and daily log prompts on each day.","hybrid","","70","Easy Aerobic","cardio","RUNNING","Note · Why this session","Recovery from the most demanding week of the plan. Keep it easy and let the specific work settle.","","","","","","","","","","","",""
"","ATHX 2027 — Women's Pro Division","Twelve-week preparation plan for ATHX 2027 — Women's edition, Pro division loads. Starts Monday 2 November 2026 and runs to competition weekend, ATHX London on 23-24 January 2027. Four phases: Base (weeks 1-4), Development (5-8), Specific (9-11), then Taper and Competition (12). Six training days a week across 72 training days and 12 rest days, 24 of them doubled AM and PM. Trains all three competition zones — Strength, Endurance and MetCon X — and carries the plan's own fuelling, hydration, recovery, teaching and daily log prompts on each day.","hybrid","","70","Easy Aerobic","cardio","RUNNING","Note · Commit the plan to paper","Write your deadlift attempt weights, your buy-in pace and your MetCon opening row split on a card and put it in your bag. Decisions made calmly this week tend to be better than the same ones made under fatigue on the floor.","","","","","","","","","","","",""
"","ATHX 2027 — Women's Pro Division","Twelve-week preparation plan for ATHX 2027 — Women's edition, Pro division loads. Starts Monday 2 November 2026 and runs to competition weekend, ATHX London on 23-24 January 2027. Four phases: Base (weeks 1-4), Development (5-8), Specific (9-11), then Taper and Competition (12). Six training days a week across 72 training days and 12 rest days, 24 of them doubled AM and PM. Trains all three competition zones — Strength, Endurance and MetCon X — and carries the plan's own fuelling, hydration, recovery, teaching and daily log prompts on each day.","hybrid","","70","Easy Aerobic","cardio","RUNNING","Note · Fuel and hydration","Pre: Optional. Small carbohydrate serving if you prefer not to train empty.
Post: Normal meal within a couple of hours.
Daily macros: Day: carbs 4-5 g/kg protein 1.8-2.2 g/kg
Hydration: Session: sweat rate x 0.8
Electrolytes: only if over 60 min or hot.","","","","","","","","","","","",""
"","ATHX 2027 — Women's Pro Division","Twelve-week preparation plan for ATHX 2027 — Women's edition, Pro division loads. Starts Monday 2 November 2026 and runs to competition weekend, ATHX London on 23-24 January 2027. Four phases: Base (weeks 1-4), Development (5-8), Specific (9-11), then Taper and Competition (12). Six training days a week across 72 training days and 12 rest days, 24 of them doubled AM and PM. Trains all three competition zones — Strength, Endurance and MetCon X — and carries the plan's own fuelling, hydration, recovery, teaching and daily log prompts on each day.","hybrid","","70","Easy Aerobic","cardio","RUNNING","Note · Recovery","Minimal · this session is the recovery
Low mechanical load, sustained blood flow, negligible metabolic cost. After it, take the rest of the day genuinely off.","","","","","","","","","","","",""
"","ATHX 2027 — Women's Pro Division","Twelve-week preparation plan for ATHX 2027 — Women's edition, Pro division loads. Starts Monday 2 November 2026 and runs to competition weekend, ATHX London on 23-24 January 2027. Four phases: Base (weeks 1-4), Development (5-8), Specific (9-11), then Taper and Competition (12). Six training days a week across 72 training days and 12 rest days, 24 of them doubled AM and PM. Trains all three competition zones — Strength, Endurance and MetCon X — and carries the plan's own fuelling, hydration, recovery, teaching and daily log prompts on each day.","hybrid","","70","Easy Aerobic","cardio","RUNNING","Note · Log today","- Average heart rate
- Compare to the same session in Week 1
- How the week felt overall","","","","","","","","","","","",""
"","ATHX 2027 — Women's Pro Division","Twelve-week preparation plan for ATHX 2027 — Women's edition, Pro division loads. Starts Monday 2 November 2026 and runs to competition weekend, ATHX London on 23-24 January 2027. Four phases: Base (weeks 1-4), Development (5-8), Specific (9-11), then Taper and Competition (12). Six training days a week across 72 training days and 12 rest days, 24 of them doubled AM and PM. Trains all three competition zones — Strength, Endurance and MetCon X — and carries the plan's own fuelling, hydration, recovery, teaching and daily log prompts on each day.","hybrid","","70","Easy Aerobic","cardio","RUNNING","Note · Day at a glance","Session: Easy Aerobic
Type: Easy aerobic
Shape: Single
Relative load: Low","","","","","","","","","","","",""
"","ATHX 2027 — Women's Pro Division","Twelve-week preparation plan for ATHX 2027 — Women's edition, Pro division loads. Starts Monday 2 November 2026 and runs to competition weekend, ATHX London on 23-24 January 2027. Four phases: Base (weeks 1-4), Development (5-8), Specific (9-11), then Taper and Competition (12). Six training days a week across 72 training days and 12 rest days, 24 of them doubled AM and PM. Trains all three competition zones — Strength, Endurance and MetCon X — and carries the plan's own fuelling, hydration, recovery, teaching and daily log prompts on each day.","hybrid","","71","AM — 3 km Specific","cardio","RUNNING","3 km Specific","4 x 1 km","","","","","","","","","","","",""
"","ATHX 2027 — Women's Pro Division","Twelve-week preparation plan for ATHX 2027 — Women's edition, Pro division loads. Starts Monday 2 November 2026 and runs to competition weekend, ATHX London on 23-24 January 2027. Four phases: Base (weeks 1-4), Development (5-8), Specific (9-11), then Taper and Competition (12). Six training days a week across 72 training days and 12 rest days, 24 of them doubled AM and PM. Trains all three competition zones — Strength, Endurance and MetCon X — and carries the plan's own fuelling, hydration, recovery, teaching and daily log prompts on each day.","hybrid","","71","AM — 3 km Specific","cardio","RUNNING","Note","Warm-up 12 min + 5 strides. Main set at target 3 km buy-in pace, 2 min jog. Cool-down 8 min easy. Run these at the exact pace you intend to use on the day. If you cannot hold it across the set, your entry pace is too aggressive.","","","","","","","","","","","",""
"","ATHX 2027 — Women's Pro Division","Twelve-week preparation plan for ATHX 2027 — Women's edition, Pro division loads. Starts Monday 2 November 2026 and runs to competition weekend, ATHX London on 23-24 January 2027. Four phases: Base (weeks 1-4), Development (5-8), Specific (9-11), then Taper and Competition (12). Six training days a week across 72 training days and 12 rest days, 24 of them doubled AM and PM. Trains all three competition zones — Strength, Endurance and MetCon X — and carries the plan's own fuelling, hydration, recovery, teaching and daily log prompts on each day.","hybrid","","71","AM — 3 km Specific","cardio","RUNNING","Note · Week 11 of 12 — Specific Phase","WEEK 3 OF 3, week commencing 2027-01-11.
What changes: Final build. One full competition simulation on Saturday, then the unload begins. After this week you do not add fitness, you only preserve it.
One priority: Rehearse the whole day rather than just the sessions: warm-up timing, food between zones and kit. Better to find the problems here.
If you miss a session: Saturday is the one to protect. The zone simulations produce the data you need to set your race strategy, so it is worth moving the rest of the week around them.
Looking ahead: Week 12 is the taper. Volume drops hard, intensity holds, and eccentric work stops.
Volume: run 2h25 · ski 38m · 2 lift sessions · 6h40 total","","","","","","","","","","","",""
"","ATHX 2027 — Women's Pro Division","Twelve-week preparation plan for ATHX 2027 — Women's edition, Pro division loads. Starts Monday 2 November 2026 and runs to competition weekend, ATHX London on 23-24 January 2027. Four phases: Base (weeks 1-4), Development (5-8), Specific (9-11), then Taper and Competition (12). Six training days a week across 72 training days and 12 rest days, 24 of them doubled AM and PM. Trains all three competition zones — Strength, Endurance and MetCon X — and carries the plan's own fuelling, hydration, recovery, teaching and daily log prompts on each day.","hybrid","","71","AM — 3 km Specific","cardio","RUNNING","Note · Why this session","Your buy-in pace is worth roughly 161 metres of ski score per fifteen seconds per kilometre. This session makes that pace repeatable.","","","","","","","","","","","",""
"","ATHX 2027 — Women's Pro Division","Twelve-week preparation plan for ATHX 2027 — Women's edition, Pro division loads. Starts Monday 2 November 2026 and runs to competition weekend, ATHX London on 23-24 January 2027. Four phases: Base (weeks 1-4), Development (5-8), Specific (9-11), then Taper and Competition (12). Six training days a week across 72 training days and 12 rest days, 24 of them doubled AM and PM. Trains all three competition zones — Strength, Endurance and MetCon X — and carries the plan's own fuelling, hydration, recovery, teaching and daily log prompts on each day.","hybrid","","71","AM — 3 km Specific","cardio","RUNNING","Note · From the floor - Simulate the day, not the sessions","Warm-up timing, food between zones, kit changes, chalk and where your bag goes. The logistics are as much a part of the day as the sessions. Every problem found today is one you will not meet on the floor.","","","","","","","","","","","",""
"","ATHX 2027 — Women's Pro Division","Twelve-week preparation plan for ATHX 2027 — Women's edition, Pro division loads. Starts Monday 2 November 2026 and runs to competition weekend, ATHX London on 23-24 January 2027. Four phases: Base (weeks 1-4), Development (5-8), Specific (9-11), then Taper and Competition (12). Six training days a week across 72 training days and 12 rest days, 24 of them doubled AM and PM. Trains all three competition zones — Strength, Endurance and MetCon X — and carries the plan's own fuelling, hydration, recovery, teaching and daily log prompts on each day.","hybrid","","71","PM — Upper Heavy","strength","STRENGTH_TRAINING","Note · Upper Heavy","Min 6 h after AM.","","","","","","","","","","","",""
"","ATHX 2027 — Women's Pro Division","Twelve-week preparation plan for ATHX 2027 — Women's edition, Pro division loads. Starts Monday 2 November 2026 and runs to competition weekend, ATHX London on 23-24 January 2027. Four phases: Base (weeks 1-4), Development (5-8), Specific (9-11), then Taper and Competition (12). Six training days a week across 72 training days and 12 rest days, 24 of them doubled AM and PM. Trains all three competition zones — Strength, Endurance and MetCon X — and carries the plan's own fuelling, hydration, recovery, teaching and daily log prompts on each day.","hybrid","","71","PM — Upper Heavy","strength","STRENGTH_TRAINING","A Push Press - work to heavy single","1 RIR · 5 min cap","","","","","","","","","","","",""
"","ATHX 2027 — Women's Pro Division","Twelve-week preparation plan for ATHX 2027 — Women's edition, Pro division loads. Starts Monday 2 November 2026 and runs to competition weekend, ATHX London on 23-24 January 2027. Four phases: Base (weeks 1-4), Development (5-8), Specific (9-11), then Taper and Competition (12). Six training days a week across 72 training days and 12 rest days, 24 of them doubled AM and PM. Trains all three competition zones — Strength, Endurance and MetCon X — and carries the plan's own fuelling, hydration, recovery, teaching and daily log prompts on each day.","hybrid","","71","PM — Upper Heavy","strength","STRENGTH_TRAINING","B Push Press - back-off","3 x 3 @ 90%","","","","","3","3","","","","","",""
"","ATHX 2027 — Women's Pro Division","Twelve-week preparation plan for ATHX 2027 — Women's edition, Pro division loads. Starts Monday 2 November 2026 and runs to competition weekend, ATHX London on 23-24 January 2027. Four phases: Base (weeks 1-4), Development (5-8), Specific (9-11), then Taper and Competition (12). Six training days a week across 72 training days and 12 rest days, 24 of them doubled AM and PM. Trains all three competition zones — Strength, Endurance and MetCon X — and carries the plan's own fuelling, hydration, recovery, teaching and daily log prompts on each day.","hybrid","","71","PM — Upper Heavy","strength","STRENGTH_TRAINING","C Weighted Pull-Up or Heavy Row","4 x 5 · 2 RIR","","","","","4","5","","","","","",""
"","ATHX 2027 — Women's Pro Division","Twelve-week preparation plan for ATHX 2027 — Women's edition, Pro division loads. Starts Monday 2 November 2026 and runs to competition weekend, ATHX London on 23-24 January 2027. Four phases: Base (weeks 1-4), Development (5-8), Specific (9-11), then Taper and Competition (12). Six training days a week across 72 training days and 12 rest days, 24 of them doubled AM and PM. Trains all three competition zones — Strength, Endurance and MetCon X — and carries the plan's own fuelling, hydration, recovery, teaching and daily log prompts on each day.","hybrid","","71","PM — Upper Heavy","strength","STRENGTH_TRAINING","D DB Bench Press (12.5 kg)","3 x 15","","","12.5","","3","15","","","","","",""
"","ATHX 2027 — Women's Pro Division","Twelve-week preparation plan for ATHX 2027 — Women's edition, Pro division loads. Starts Monday 2 November 2026 and runs to competition weekend, ATHX London on 23-24 January 2027. Four phases: Base (weeks 1-4), Development (5-8), Specific (9-11), then Taper and Competition (12). Six training days a week across 72 training days and 12 rest days, 24 of them doubled AM and PM. Trains all three competition zones — Strength, Endurance and MetCon X — and carries the plan's own fuelling, hydration, recovery, teaching and daily log prompts on each day.","hybrid","","71","PM — Upper Heavy","strength","STRENGTH_TRAINING","Note","Five minutes including warm-up, exactly as the Strength Zone runs it. Rehearse the ramp, not just the lift.","","","","","","","","","","","",""
"","ATHX 2027 — Women's Pro Division","Twelve-week preparation plan for ATHX 2027 — Women's edition, Pro division loads. Starts Monday 2 November 2026 and runs to competition weekend, ATHX London on 23-24 January 2027. Four phases: Base (weeks 1-4), Development (5-8), Specific (9-11), then Taper and Competition (12). Six training days a week across 72 training days and 12 rest days, 24 of them doubled AM and PM. Trains all three competition zones — Strength, Endurance and MetCon X — and carries the plan's own fuelling, hydration, recovery, teaching and daily log prompts on each day.","hybrid","","71","PM — Upper Heavy","strength","STRENGTH_TRAINING","Note · Fuel and hydration","Pre-AM: 30-40 g carbohydrate, 60-90 min before.
Between: Inside 60 min: 1.0-1.5 g/kg carbs plus 30-40 g protein. Non-negotiable on a double day.
Post-PM: 30-40 g protein plus 0.5-1.0 g/kg carbs within two hours.
Daily macros: Day: carbs 5-6 g/kg protein 1.8-2.2 g/kg
Hydration: AM: sweat rate x 0.7 · PM: sweat rate x 0.9
Electrolytes: AM run if over 60 min or warm.","","","","","","","","","","","",""
"","ATHX 2027 — Women's Pro Division","Twelve-week preparation plan for ATHX 2027 — Women's edition, Pro division loads. Starts Monday 2 November 2026 and runs to competition weekend, ATHX London on 23-24 January 2027. Four phases: Base (weeks 1-4), Development (5-8), Specific (9-11), then Taper and Competition (12). Six training days a week across 72 training days and 12 rest days, 24 of them doubled AM and PM. Trains all three competition zones — Strength, Endurance and MetCon X — and carries the plan's own fuelling, hydration, recovery, teaching and daily log prompts on each day.","hybrid","","71","PM — Upper Heavy","strength","STRENGTH_TRAINING","Note · Recovery","Moderate mechanical · moderate central
Sleep is the intervention. You have moved twice today, so more movement is not more recovery. Tomorrow is ski: trunk and lats, legs left alone.","","","","","","","","","","","",""
"","ATHX 2027 — Women's Pro Division","Twelve-week preparation plan for ATHX 2027 — Women's edition, Pro division loads. Starts Monday 2 November 2026 and runs to competition weekend, ATHX London on 23-24 January 2027. Four phases: Base (weeks 1-4), Development (5-8), Specific (9-11), then Taper and Competition (12). Six training days a week across 72 training days and 12 rest days, 24 of them doubled AM and PM. Trains all three competition zones — Strength, Endurance and MetCon X — and carries the plan's own fuelling, hydration, recovery, teaching and daily log prompts on each day.","hybrid","","71","PM — Upper Heavy","strength","STRENGTH_TRAINING","Note · Log today","- Fastest and slowest interval pace, and the gap between them
- Push press top set and RIR
- How the legs felt in the PM session","","","","","","","","","","","",""
"","ATHX 2027 — Women's Pro Division","Twelve-week preparation plan for ATHX 2027 — Women's edition, Pro division loads. Starts Monday 2 November 2026 and runs to competition weekend, ATHX London on 23-24 January 2027. Four phases: Base (weeks 1-4), Development (5-8), Specific (9-11), then Taper and Competition (12). Six training days a week across 72 training days and 12 rest days, 24 of them doubled AM and PM. Trains all three competition zones — Strength, Endurance and MetCon X — and carries the plan's own fuelling, hydration, recovery, teaching and daily log prompts on each day.","hybrid","","71","PM — Upper Heavy","strength","STRENGTH_TRAINING","Note · Day at a glance","Session: 3 km Specific Run + Upper Heavy
Type: Run + Upper strength
Shape: Double — the AM and PM sessions need six hours between them
Relative load: High","","","","","","","","","","","",""
"","ATHX 2027 — Women's Pro Division","Twelve-week preparation plan for ATHX 2027 — Women's edition, Pro division loads. Starts Monday 2 November 2026 and runs to competition weekend, ATHX London on 23-24 January 2027. Four phases: Base (weeks 1-4), Development (5-8), Specific (9-11), then Taper and Competition (12). Six training days a week across 72 training days and 12 rest days, 24 of them doubled AM and PM. Trains all three competition zones — Strength, Endurance and MetCon X — and carries the plan's own fuelling, hydration, recovery, teaching and daily log prompts on each day.","hybrid","","72","Ski Threshold + Grip","cardio","CARDIO_TRAINING","Ski Intervals · Warm-up","5 min + strides","","","","","","","","","","","",""
"","ATHX 2027 — Women's Pro Division","Twelve-week preparation plan for ATHX 2027 — Women's edition, Pro division loads. Starts Monday 2 November 2026 and runs to competition weekend, ATHX London on 23-24 January 2027. Four phases: Base (weeks 1-4), Development (5-8), Specific (9-11), then Taper and Competition (12). Six training days a week across 72 training days and 12 rest days, 24 of them doubled AM and PM. Trains all three competition zones — Strength, Endurance and MetCon X — and carries the plan's own fuelling, hydration, recovery, teaching and daily log prompts on each day.","hybrid","","72","Ski Threshold + Grip","cardio","CARDIO_TRAINING","Ski Intervals · Main","2 x 10 min at target competition pace, 3 min recovery between reps","","","","","","","","","","","",""
"","ATHX 2027 — Women's Pro Division","Twelve-week preparation plan for ATHX 2027 — Women's edition, Pro division loads. Starts Monday 2 November 2026 and runs to competition weekend, ATHX London on 23-24 January 2027. Four phases: Base (weeks 1-4), Development (5-8), Specific (9-11), then Taper and Competition (12). Six training days a week across 72 training days and 12 rest days, 24 of them doubled AM and PM. Trains all three competition zones — Strength, Endurance and MetCon X — and carries the plan's own fuelling, hydration, recovery, teaching and daily log prompts on each day.","hybrid","","72","Ski Threshold + Grip","cardio","CARDIO_TRAINING","Note · Ski Intervals","Hold the pace to the end of every interval. A fast start followed by a fade trains the wrong thing - the zone scores total metres, not opening speed.","","","","","","","","","","","",""
"","ATHX 2027 — Women's Pro Division","Twelve-week preparation plan for ATHX 2027 — Women's edition, Pro division loads. Starts Monday 2 November 2026 and runs to competition weekend, ATHX London on 23-24 January 2027. Four phases: Base (weeks 1-4), Development (5-8), Specific (9-11), then Taper and Competition (12). Six training days a week across 72 training days and 12 rest days, 24 of them doubled AM and PM. Trains all three competition zones — Strength, Endurance and MetCon X — and carries the plan's own fuelling, hydration, recovery, teaching and daily log prompts on each day.","hybrid","","72","Ski Threshold + Grip","strength","STRENGTH_TRAINING","Note · Grip Block","12 min.","","","","","","","","","","","",""
"","ATHX 2027 — Women's Pro Division","Twelve-week preparation plan for ATHX 2027 — Women's edition, Pro division loads. Starts Monday 2 November 2026 and runs to competition weekend, ATHX London on 23-24 January 2027. Four phases: Base (weeks 1-4), Development (5-8), Specific (9-11), then Taper and Competition (12). Six training days a week across 72 training days and 12 rest days, 24 of them doubled AM and PM. Trains all three competition zones — Strength, Endurance and MetCon X — and carries the plan's own fuelling, hydration, recovery, teaching and daily log prompts on each day.","hybrid","","72","Ski Threshold + Grip","strength","STRENGTH_TRAINING","Grip Block · Farmer Carry (heavy)","3 x 40 m","","","","","","","","","","","",""
"","ATHX 2027 — Women's Pro Division","Twelve-week preparation plan for ATHX 2027 — Women's edition, Pro division loads. Starts Monday 2 November 2026 and runs to competition weekend, ATHX London on 23-24 January 2027. Four phases: Base (weeks 1-4), Development (5-8), Specific (9-11), then Taper and Competition (12). Six training days a week across 72 training days and 12 rest days, 24 of them doubled AM and PM. Trains all three competition zones — Strength, Endurance and MetCon X — and carries the plan's own fuelling, hydration, recovery, teaching and daily log prompts on each day.","hybrid","","72","Ski Threshold + Grip","strength","STRENGTH_TRAINING","Grip Block · Sandbag Bear-Hug Hold (30 kg)","3 x 45 s","","","30","","","","","","","","",""
"","ATHX 2027 — Women's Pro Division","Twelve-week preparation plan for ATHX 2027 — Women's edition, Pro division loads. Starts Monday 2 November 2026 and runs to competition weekend, ATHX London on 23-24 January 2027. Four phases: Base (weeks 1-4), Development (5-8), Specific (9-11), then Taper and Competition (12). Six training days a week across 72 training days and 12 rest days, 24 of them doubled AM and PM. Trains all three competition zones — Strength, Endurance and MetCon X — and carries the plan's own fuelling, hydration, recovery, teaching and daily log prompts on each day.","hybrid","","72","Ski Threshold + Grip","cardio","CARDIO_TRAINING","Note · Why this session","Holding target pace for twelve to fourteen minutes is what the Endurance Zone actually asks. These intervals make that duration feel routine.","","","","","","","","","","","",""
"","ATHX 2027 — Women's Pro Division","Twelve-week preparation plan for ATHX 2027 — Women's edition, Pro division loads. Starts Monday 2 November 2026 and runs to competition weekend, ATHX London on 23-24 January 2027. Four phases: Base (weeks 1-4), Development (5-8), Specific (9-11), then Taper and Competition (12). Six training days a week across 72 training days and 12 rest days, 24 of them doubled AM and PM. Trains all three competition zones — Strength, Endurance and MetCon X — and carries the plan's own fuelling, hydration, recovery, teaching and daily log prompts on each day.","hybrid","","72","Ski Threshold + Grip","cardio","CARDIO_TRAINING","Note · Score impact","The best available result in a zone is one point, while the worst is the size of the field, so the tactical decisions from here favour protecting the result. Hold the opening run to your rehearsed pace, use a sandbag load you can control, and avoid taking risks in any single zone.","","","","","","","","","","","",""
"","ATHX 2027 — Women's Pro Division","Twelve-week preparation plan for ATHX 2027 — Women's edition, Pro division loads. Starts Monday 2 November 2026 and runs to competition weekend, ATHX London on 23-24 January 2027. Four phases: Base (weeks 1-4), Development (5-8), Specific (9-11), then Taper and Competition (12). Six training days a week across 72 training days and 12 rest days, 24 of them doubled AM and PM. Trains all three competition zones — Strength, Endurance and MetCon X — and carries the plan's own fuelling, hydration, recovery, teaching and daily log prompts on each day.","hybrid","","72","Ski Threshold + Grip","cardio","CARDIO_TRAINING","Note · Fuel and hydration","Pre: 30-50 g carbohydrate, 60-90 min before.
Post: 30-40 g protein plus 0.5 g/kg carbohydrate.
Daily macros: Day: carbs 4-5 g/kg protein 1.8-2.2 g/kg
Hydration: Session: sweat rate x 1.0
Electrolytes: if total session exceeds 60 min.","","","","","","","","","","","",""
"","ATHX 2027 — Women's Pro Division","Twelve-week preparation plan for ATHX 2027 — Women's edition, Pro division loads. Starts Monday 2 November 2026 and runs to competition weekend, ATHX London on 23-24 January 2027. Four phases: Base (weeks 1-4), Development (5-8), Specific (9-11), then Taper and Competition (12). Six training days a week across 72 training days and 12 rest days, 24 of them doubled AM and PM. Trains all three competition zones — Strength, Endurance and MetCon X — and carries the plan's own fuelling, hydration, recovery, teaching and daily log prompts on each day.","hybrid","","72","Ski Threshold + Grip","cardio","CARDIO_TRAINING","Note · Recovery","High metabolic · low mechanical
Hard work, little muscle damage. Active recovery helps here: twenty to thirty minutes of easy walking tonight. Legs should be fresh tomorrow.","","","","","","","","","","","",""
"","ATHX 2027 — Women's Pro Division","Twelve-week preparation plan for ATHX 2027 — Women's edition, Pro division loads. Starts Monday 2 November 2026 and runs to competition weekend, ATHX London on 23-24 January 2027. Four phases: Base (weeks 1-4), Development (5-8), Specific (9-11), then Taper and Competition (12). Six training days a week across 72 training days and 12 rest days, 24 of them doubled AM and PM. Trains all three competition zones — Strength, Endurance and MetCon X — and carries the plan's own fuelling, hydration, recovery, teaching and daily log prompts on each day.","hybrid","","72","Ski Threshold + Grip","cardio","CARDIO_TRAINING","Note · Log today","- Metres for each ski interval
- Drop from first interval to last, target under 3%
- Grip: farmer carry load, dead hang time","","","","","","","","","","","",""
"","ATHX 2027 — Women's Pro Division","Twelve-week preparation plan for ATHX 2027 — Women's edition, Pro division loads. Starts Monday 2 November 2026 and runs to competition weekend, ATHX London on 23-24 January 2027. Four phases: Base (weeks 1-4), Development (5-8), Specific (9-11), then Taper and Competition (12). Six training days a week across 72 training days and 12 rest days, 24 of them doubled AM and PM. Trains all three competition zones — Strength, Endurance and MetCon X — and carries the plan's own fuelling, hydration, recovery, teaching and daily log prompts on each day.","hybrid","","72","Ski Threshold + Grip","cardio","CARDIO_TRAINING","Note · Day at a glance","Session: Ski Threshold + Grip
Type: Ski erg + Grip
Shape: Single
Relative load: Moderate","","","","","","","","","","","",""
"","ATHX 2027 — Women's Pro Division","Twelve-week preparation plan for ATHX 2027 — Women's edition, Pro division loads. Starts Monday 2 November 2026 and runs to competition weekend, ATHX London on 23-24 January 2027. Four phases: Base (weeks 1-4), Development (5-8), Specific (9-11), then Taper and Competition (12). Six training days a week across 72 training days and 12 rest days, 24 of them doubled AM and PM. Trains all three competition zones — Strength, Endurance and MetCon X — and carries the plan's own fuelling, hydration, recovery, teaching and daily log prompts on each day.","hybrid","","73","AM — Easy Aerobic","cardio","RUNNING","Easy Aerobic","40-50 min","","","","","","","","","","","",""
"","ATHX 2027 — Women's Pro Division","Twelve-week preparation plan for ATHX 2027 — Women's edition, Pro division loads. Starts Monday 2 November 2026 and runs to competition weekend, ATHX London on 23-24 January 2027. Four phases: Base (weeks 1-4), Development (5-8), Specific (9-11), then Taper and Competition (12). Six training days a week across 72 training days and 12 rest days, 24 of them doubled AM and PM. Trains all three competition zones — Strength, Endurance and MetCon X — and carries the plan's own fuelling, hydration, recovery, teaching and daily log prompts on each day.","hybrid","","73","AM — Easy Aerobic","cardio","RUNNING","Note","Zone 2. Keep it genuinely easy - this afternoon is the most demanding session of your week.","","","","","","","","","","","",""
"","ATHX 2027 — Women's Pro Division","Twelve-week preparation plan for ATHX 2027 — Women's edition, Pro division loads. Starts Monday 2 November 2026 and runs to competition weekend, ATHX London on 23-24 January 2027. Four phases: Base (weeks 1-4), Development (5-8), Specific (9-11), then Taper and Competition (12). Six training days a week across 72 training days and 12 rest days, 24 of them doubled AM and PM. Trains all three competition zones — Strength, Endurance and MetCon X — and carries the plan's own fuelling, hydration, recovery, teaching and daily log prompts on each day.","hybrid","","73","AM — Easy Aerobic","cardio","RUNNING","Note · Why this session","Maximal overhead, then a heavy squat, then a deadlift on erectors that are already taxed, all inside fifteen minutes. The sequence is a skill in itself, and today rehearses it exactly.","","","","","","","","","","","",""
"","ATHX 2027 — Women's Pro Division","Twelve-week preparation plan for ATHX 2027 — Women's edition, Pro division loads. Starts Monday 2 November 2026 and runs to competition weekend, ATHX London on 23-24 January 2027. Four phases: Base (weeks 1-4), Development (5-8), Specific (9-11), then Taper and Competition (12). Six training days a week across 72 training days and 12 rest days, 24 of them doubled AM and PM. Trains all three competition zones — Strength, Endurance and MetCon X — and carries the plan's own fuelling, hydration, recovery, teaching and daily log prompts on each day.","hybrid","","73","AM — Easy Aerobic","cardio","RUNNING","Note · The number — 41 v 42","Under rank-sum scoring, balance across zones tends to outscore specialisation, sometimes by a single point. Three solid placings will usually finish ahead of two wins and a poor result.","","","","","","","","","","","",""
"","ATHX 2027 — Women's Pro Division","Twelve-week preparation plan for ATHX 2027 — Women's edition, Pro division loads. Starts Monday 2 November 2026 and runs to competition weekend, ATHX London on 23-24 January 2027. Four phases: Base (weeks 1-4), Development (5-8), Specific (9-11), then Taper and Competition (12). Six training days a week across 72 training days and 12 rest days, 24 of them doubled AM and PM. Trains all three competition zones — Strength, Endurance and MetCon X — and carries the plan's own fuelling, hydration, recovery, teaching and daily log prompts on each day.","hybrid","","73","PM — Full Strength Sequence","strength","STRENGTH_TRAINING","Note · Full Strength Sequence","15 min, timed.","","","","","","","","","","","",""
"","ATHX 2027 — Women's Pro Division","Twelve-week preparation plan for ATHX 2027 — Women's edition, Pro division loads. Starts Monday 2 November 2026 and runs to competition weekend, ATHX London on 23-24 January 2027. Four phases: Base (weeks 1-4), Development (5-8), Specific (9-11), then Taper and Competition (12). Six training days a week across 72 training days and 12 rest days, 24 of them doubled AM and PM. Trains all three competition zones — Strength, Endurance and MetCon X — and carries the plan's own fuelling, hydration, recovery, teaching and daily log prompts on each day.","hybrid","","73","PM — Full Strength Sequence","strength","STRENGTH_TRAINING","1RM Shoulder to Overhead (min 0-5)","warm-up included","","","","","","","","","","","",""
"","ATHX 2027 — Women's Pro Division","Twelve-week preparation plan for ATHX 2027 — Women's edition, Pro division loads. Starts Monday 2 November 2026 and runs to competition weekend, ATHX London on 23-24 January 2027. Four phases: Base (weeks 1-4), Development (5-8), Specific (9-11), then Taper and Competition (12). Six training days a week across 72 training days and 12 rest days, 24 of them doubled AM and PM. Trains all three competition zones — Strength, Endurance and MetCon X — and carries the plan's own fuelling, hydration, recovery, teaching and daily log prompts on each day.","hybrid","","73","PM — Full Strength Sequence","strength","STRENGTH_TRAINING","2RM Back Squat (min 5-10)","warm-up included","","","","","","","","","","","",""
"","ATHX 2027 — Women's Pro Division","Twelve-week preparation plan for ATHX 2027 — Women's edition, Pro division loads. Starts Monday 2 November 2026 and runs to competition weekend, ATHX London on 23-24 January 2027. Four phases: Base (weeks 1-4), Development (5-8), Specific (9-11), then Taper and Competition (12). Six training days a week across 72 training days and 12 rest days, 24 of them doubled AM and PM. Trains all three competition zones — Strength, Endurance and MetCon X — and carries the plan's own fuelling, hydration, recovery, teaching and daily log prompts on each day.","hybrid","","73","PM — Full Strength Sequence","strength","STRENGTH_TRAINING","Deadlift warm-up (min 10-12)","2 min window","","","","","","","","","","","",""
"","ATHX 2027 — Women's Pro Division","Twelve-week preparation plan for ATHX 2027 — Women's edition, Pro division loads. Starts Monday 2 November 2026 and runs to competition weekend, ATHX London on 23-24 January 2027. Four phases: Base (weeks 1-4), Development (5-8), Specific (9-11), then Taper and Competition (12). Six training days a week across 72 training days and 12 rest days, 24 of them doubled AM and PM. Trains all three competition zones — Strength, Endurance and MetCon X — and carries the plan's own fuelling, hydration, recovery, teaching and daily log prompts on each day.","hybrid","","73","PM — Full Strength Sequence","strength","STRENGTH_TRAINING","Deadlift window 1 (min 12-13)","3 reps or singles · 1 min","","","","","","","","","","","",""
"","ATHX 2027 — Women's Pro Division","Twelve-week preparation plan for ATHX 2027 — Women's edition, Pro division loads. Starts Monday 2 November 2026 and runs to competition weekend, ATHX London on 23-24 January 2027. Four phases: Base (weeks 1-4), Development (5-8), Specific (9-11), then Taper and Competition (12). Six training days a week across 72 training days and 12 rest days, 24 of them doubled AM and PM. Trains all three competition zones — Strength, Endurance and MetCon X — and carries the plan's own fuelling, hydration, recovery, teaching and daily log prompts on each day.","hybrid","","73","PM — Full Strength Sequence","strength","STRENGTH_TRAINING","Rest (min 13-14)","1 min window","","","","","","","","","","","",""
"","ATHX 2027 — Women's Pro Division","Twelve-week preparation plan for ATHX 2027 — Women's edition, Pro division loads. Starts Monday 2 November 2026 and runs to competition weekend, ATHX London on 23-24 January 2027. Four phases: Base (weeks 1-4), Development (5-8), Specific (9-11), then Taper and Competition (12). Six training days a week across 72 training days and 12 rest days, 24 of them doubled AM and PM. Trains all three competition zones — Strength, Endurance and MetCon X — and carries the plan's own fuelling, hydration, recovery, teaching and daily log prompts on each day.","hybrid","","73","PM — Full Strength Sequence","strength","STRENGTH_TRAINING","Deadlift window 2 (min 14-15)","3 reps or singles · 1 min","","","","","","","","","","","",""
"","ATHX 2027 — Women's Pro Division","Twelve-week preparation plan for ATHX 2027 — Women's edition, Pro division loads. Starts Monday 2 November 2026 and runs to competition weekend, ATHX London on 23-24 January 2027. Four phases: Base (weeks 1-4), Development (5-8), Specific (9-11), then Taper and Competition (12). Six training days a week across 72 training days and 12 rest days, 24 of them doubled AM and PM. Trains all three competition zones — Strength, Endurance and MetCon X — and carries the plan's own fuelling, hydration, recovery, teaching and daily log prompts on each day.","hybrid","","73","PM — Full Strength Sequence","strength","STRENGTH_TRAINING","Note","Open window one at a weight you are ninety-five per cent confident of, since a miss costs half the component rather than the difference between two weights. Arrive warm, as five minutes per lift allows for two or three loaded singles and the attempt.","","","","","","","","","","","",""
"","ATHX 2027 — Women's Pro Division","Twelve-week preparation plan for ATHX 2027 — Women's edition, Pro division loads. Starts Monday 2 November 2026 and runs to competition weekend, ATHX London on 23-24 January 2027. Four phases: Base (weeks 1-4), Development (5-8), Specific (9-11), then Taper and Competition (12). Six training days a week across 72 training days and 12 rest days, 24 of them doubled AM and PM. Trains all three competition zones — Strength, Endurance and MetCon X — and carries the plan's own fuelling, hydration, recovery, teaching and daily log prompts on each day.","hybrid","","73","PM — Full Strength Sequence","strength","STRENGTH_TRAINING","Note · Fuel and hydration","Pre-AM: 20-30 g carbohydrate, or fasted if you tolerate it.
Between: Inside 60 min: 1.0-1.5 g/kg carbs plus 30-40 g protein.
Post-PM: 40 g protein plus 1.0 g/kg carbs within two hours.
Daily macros: Day: carbs 5-6 g/kg protein 2.0-2.2 g/kg
Hydration: AM: sweat rate x 0.8 · PM: sweat rate x 1.0
Electrolytes: PM session. Dehydration cuts force and spinal stability.","","","","","","","","","","","",""
"","ATHX 2027 — Women's Pro Division","Twelve-week preparation plan for ATHX 2027 — Women's edition, Pro division loads. Starts Monday 2 November 2026 and runs to competition weekend, ATHX London on 23-24 January 2027. Four phases: Base (weeks 1-4), Development (5-8), Specific (9-11), then Taper and Competition (12). Six training days a week across 72 training days and 12 rest days, 24 of them doubled AM and PM. Trains all three competition zones — Strength, Endurance and MetCon X — and carries the plan's own fuelling, hydration, recovery, teaching and daily log prompts on each day.","hybrid","","73","PM — Full Strength Sequence","strength","STRENGTH_TRAINING","Note · Recovery","Highest central load of the week
Complete rest tonight. After high central load, light cardio does not speed neural recovery; sleep, downregulation and food do. Tomorrow is rest for the same reason.","","","","","","","","","","","",""
"","ATHX 2027 — Women's Pro Division","Twelve-week preparation plan for ATHX 2027 — Women's edition, Pro division loads. Starts Monday 2 November 2026 and runs to competition weekend, ATHX London on 23-24 January 2027. Four phases: Base (weeks 1-4), Development (5-8), Specific (9-11), then Taper and Competition (12). Six training days a week across 72 training days and 12 rest days, 24 of them doubled AM and PM. Trains all three competition zones — Strength, Endurance and MetCon X — and carries the plan's own fuelling, hydration, recovery, teaching and daily log prompts on each day.","hybrid","","73","PM — Full Strength Sequence","strength","STRENGTH_TRAINING","Note · Log today","- Back squat top set and RIR
- Deadlift - triple 1 / triple 2, each round
- The gap between the two triples","","","","","","","","","","","",""
"","ATHX 2027 — Women's Pro Division","Twelve-week preparation plan for ATHX 2027 — Women's edition, Pro division loads. Starts Monday 2 November 2026 and runs to competition weekend, ATHX London on 23-24 January 2027. Four phases: Base (weeks 1-4), Development (5-8), Specific (9-11), then Taper and Competition (12). Six training days a week across 72 training days and 12 rest days, 24 of them doubled AM and PM. Trains all three competition zones — Strength, Endurance and MetCon X — and carries the plan's own fuelling, hydration, recovery, teaching and daily log prompts on each day.","hybrid","","73","PM — Full Strength Sequence","strength","STRENGTH_TRAINING","Note · Day at a glance","Session: Easy Aerobic + Strength Sequence
Type: Aerobic + Lower strength
Shape: Double — the AM and PM sessions need six hours between them
Relative load: Highest","","","","","","","","","","","",""
"","ATHX 2027 — Women's Pro Division","Twelve-week preparation plan for ATHX 2027 — Women's edition, Pro division loads. Starts Monday 2 November 2026 and runs to competition weekend, ATHX London on 23-24 January 2027. Four phases: Base (weeks 1-4), Development (5-8), Specific (9-11), then Taper and Competition (12). Six training days a week across 72 training days and 12 rest days, 24 of them doubled AM and PM. Trains all three competition zones — Strength, Endurance and MetCon X — and carries the plan's own fuelling, hydration, recovery, teaching and daily log prompts on each day.","hybrid","","74","Complete Rest","cardio","GENERIC","Note","Optional, ten to fifteen minutes: thoracic rotation, hip flexor lengthening, ankle dorsiflexion. Nothing that raises the heart rate. If it starts to feel like a session, stop.

Feeling good on a rest day is a sign the rest day is doing its job rather than a reason to add a session.

More progress tends to be lost to training through fatigue than to taking a day off.","","","","","","","","","","","",""
"","ATHX 2027 — Women's Pro Division","Twelve-week preparation plan for ATHX 2027 — Women's edition, Pro division loads. Starts Monday 2 November 2026 and runs to competition weekend, ATHX London on 23-24 January 2027. Four phases: Base (weeks 1-4), Development (5-8), Specific (9-11), then Taper and Competition (12). Six training days a week across 72 training days and 12 rest days, 24 of them doubled AM and PM. Trains all three competition zones — Strength, Endurance and MetCon X — and carries the plan's own fuelling, hydration, recovery, teaching and daily log prompts on each day.","hybrid","","74","Complete Rest","cardio","GENERIC","Note · Why this session","Yesterday carried the heaviest central nervous system load of the week, and the weekend holds the most specific sessions. This day is part of the programme rather than a gap in it, and it is what allows Friday and Saturday to be productive.","","","","","","","","","","","",""
"","ATHX 2027 — Women's Pro Division","Twelve-week preparation plan for ATHX 2027 — Women's edition, Pro division loads. Starts Monday 2 November 2026 and runs to competition weekend, ATHX London on 23-24 January 2027. Four phases: Base (weeks 1-4), Development (5-8), Specific (9-11), then Taper and Competition (12). Six training days a week across 72 training days and 12 rest days, 24 of them doubled AM and PM. Trains all three competition zones — Strength, Endurance and MetCon X — and carries the plan's own fuelling, hydration, recovery, teaching and daily log prompts on each day.","hybrid","","74","Complete Rest","cardio","GENERIC","Note · The last hard week","From here the aim shifts from building fitness to preserving it, since twelve days is not long enough to add much. Train this week fully, and from then on additional work is unlikely to help.","","","","","","","","","","","",""
"","ATHX 2027 — Women's Pro Division","Twelve-week preparation plan for ATHX 2027 — Women's edition, Pro division loads. Starts Monday 2 November 2026 and runs to competition weekend, ATHX London on 23-24 January 2027. Four phases: Base (weeks 1-4), Development (5-8), Specific (9-11), then Taper and Competition (12). Six training days a week across 72 training days and 12 rest days, 24 of them doubled AM and PM. Trains all three competition zones — Strength, Endurance and MetCon X — and carries the plan's own fuelling, hydration, recovery, teaching and daily log prompts on each day.","hybrid","","74","Complete Rest","cardio","GENERIC","Note · Fuel and hydration","All day: Carbs come down because you are not training. Protein does not - rest days are when repair happens.
Intake: Eat at roughly maintenance. A build block is not the place for a deficit.
Daily macros: Day: carbs 3-4 g/kg protein 1.8-2.2 g/kg
Hydration: Session: none - baseline only, and still drink it
Electrolytes: not required today.","","","","","","","","","","","",""
"","ATHX 2027 — Women's Pro Division","Twelve-week preparation plan for ATHX 2027 — Women's edition, Pro division loads. Starts Monday 2 November 2026 and runs to competition weekend, ATHX London on 23-24 January 2027. Four phases: Base (weeks 1-4), Development (5-8), Specific (9-11), then Taper and Competition (12). Six training days a week across 72 training days and 12 rest days, 24 of them doubled AM and PM. Trains all three competition zones — Strength, Endurance and MetCon X — and carries the plan's own fuelling, hydration, recovery, teaching and daily log prompts on each day.","hybrid","","74","Complete Rest","cardio","GENERIC","Note · Recovery","Clearing central nervous system load
A working day for your nervous system even though it does not look like one. Sleep, downregulation and nutrition do the work. Get to bed thirty minutes earlier.","","","","","","","","","","","",""
"","ATHX 2027 — Women's Pro Division","Twelve-week preparation plan for ATHX 2027 — Women's edition, Pro division loads. Starts Monday 2 November 2026 and runs to competition weekend, ATHX London on 23-24 January 2027. Four phases: Base (weeks 1-4), Development (5-8), Specific (9-11), then Taper and Competition (12). Six training days a week across 72 training days and 12 rest days, 24 of them doubled AM and PM. Trains all three competition zones — Strength, Endurance and MetCon X — and carries the plan's own fuelling, hydration, recovery, teaching and daily log prompts on each day.","hybrid","","74","Complete Rest","cardio","GENERIC","Note · Log today","- Morning resting heart rate
- HRV if you track it
- If elevated two days running, reduce Friday volume by a third","","","","","","","","","","","",""
"","ATHX 2027 — Women's Pro Division","Twelve-week preparation plan for ATHX 2027 — Women's edition, Pro division loads. Starts Monday 2 November 2026 and runs to competition weekend, ATHX London on 23-24 January 2027. Four phases: Base (weeks 1-4), Development (5-8), Specific (9-11), then Taper and Competition (12). Six training days a week across 72 training days and 12 rest days, 24 of them doubled AM and PM. Trains all three competition zones — Strength, Endurance and MetCon X — and carries the plan's own fuelling, hydration, recovery, teaching and daily log prompts on each day.","hybrid","","74","Complete Rest","cardio","GENERIC","Note · Day at a glance","Session: Complete Rest
Type: Rest
Shape: Rest
Relative load: not rated","","","","","","","","","","","",""
"","ATHX 2027 — Women's Pro Division","Twelve-week preparation plan for ATHX 2027 — Women's edition, Pro division loads. Starts Monday 2 November 2026 and runs to competition weekend, ATHX London on 23-24 January 2027. Four phases: Base (weeks 1-4), Development (5-8), Specific (9-11), then Taper and Competition (12). Six training days a week across 72 training days and 12 rest days, 24 of them doubled AM and PM. Trains all three competition zones — Strength, Endurance and MetCon X — and carries the plan's own fuelling, hydration, recovery, teaching and daily log prompts on each day.","hybrid","","75","MetCon X - Full","cardio","CARDIO_TRAINING","Note · MetCon X","25 min cap · For time.","","","","","","","","","","","",""
"","ATHX 2027 — Women's Pro Division","Twelve-week preparation plan for ATHX 2027 — Women's edition, Pro division loads. Starts Monday 2 November 2026 and runs to competition weekend, ATHX London on 23-24 January 2027. Four phases: Base (weeks 1-4), Development (5-8), Specific (9-11), then Taper and Competition (12). Six training days a week across 72 training days and 12 rest days, 24 of them doubled AM and PM. Trains all three competition zones — Strength, Endurance and MetCon X — and carries the plan's own fuelling, hydration, recovery, teaching and daily log prompts on each day.","hybrid","","75","MetCon X - Full","cardio","CARDIO_TRAINING","Row","35 cal","","","","","","","","","","","",""
"","ATHX 2027 — Women's Pro Division","Twelve-week preparation plan for ATHX 2027 — Women's edition, Pro division loads. Starts Monday 2 November 2026 and runs to competition weekend, ATHX London on 23-24 January 2027. Four phases: Base (weeks 1-4), Development (5-8), Specific (9-11), then Taper and Competition (12). Six training days a week across 72 training days and 12 rest days, 24 of them doubled AM and PM. Trains all three competition zones — Strength, Endurance and MetCon X — and carries the plan's own fuelling, hydration, recovery, teaching and daily log prompts on each day.","hybrid","","75","MetCon X - Full","cardio","CARDIO_TRAINING","DB Ground to Overhead","30 dual @ 15 kg","","","15","","","30","","","","","",""
"","ATHX 2027 — Women's Pro Division","Twelve-week preparation plan for ATHX 2027 — Women's edition, Pro division loads. Starts Monday 2 November 2026 and runs to competition weekend, ATHX London on 23-24 January 2027. Four phases: Base (weeks 1-4), Development (5-8), Specific (9-11), then Taper and Competition (12). Six training days a week across 72 training days and 12 rest days, 24 of them doubled AM and PM. Trains all three competition zones — Strength, Endurance and MetCon X — and carries the plan's own fuelling, hydration, recovery, teaching and daily log prompts on each day.","hybrid","","75","MetCon X - Full","cardio","CARDIO_TRAINING","DB Bench Press","30 @ 15 kg","","","15","","","30","","","","","",""
"","ATHX 2027 — Women's Pro Division","Twelve-week preparation plan for ATHX 2027 — Women's edition, Pro division loads. Starts Monday 2 November 2026 and runs to competition weekend, ATHX London on 23-24 January 2027. Four phases: Base (weeks 1-4), Development (5-8), Specific (9-11), then Taper and Competition (12). Six training days a week across 72 training days and 12 rest days, 24 of them doubled AM and PM. Trains all three competition zones — Strength, Endurance and MetCon X — and carries the plan's own fuelling, hydration, recovery, teaching and daily log prompts on each day.","hybrid","","75","MetCon X - Full","cardio","CARDIO_TRAINING","Sandbag Squats","30 @ 50 kg","","","50","","","30","","","","","",""
"","ATHX 2027 — Women's Pro Division","Twelve-week preparation plan for ATHX 2027 — Women's edition, Pro division loads. Starts Monday 2 November 2026 and runs to competition weekend, ATHX London on 23-24 January 2027. Four phases: Base (weeks 1-4), Development (5-8), Specific (9-11), then Taper and Competition (12). Six training days a week across 72 training days and 12 rest days, 24 of them doubled AM and PM. Trains all three competition zones — Strength, Endurance and MetCon X — and carries the plan's own fuelling, hydration, recovery, teaching and daily log prompts on each day.","hybrid","","75","MetCon X - Full","cardio","CARDIO_TRAINING","Sandbag Carry","30 m @ 50 kg","","","50","","","","","","","","",""
"","ATHX 2027 — Women's Pro Division","Twelve-week preparation plan for ATHX 2027 — Women's edition, Pro division loads. Starts Monday 2 November 2026 and runs to competition weekend, ATHX London on 23-24 January 2027. Four phases: Base (weeks 1-4), Development (5-8), Specific (9-11), then Taper and Competition (12). Six training days a week across 72 training days and 12 rest days, 24 of them doubled AM and PM. Trains all three competition zones — Strength, Endurance and MetCon X — and carries the plan's own fuelling, hydration, recovery, teaching and daily log prompts on each day.","hybrid","","75","MetCon X - Full","cardio","CARDIO_TRAINING","Burpees over bench","30","","","","","","","","","","","",""
"","ATHX 2027 — Women's Pro Division","Twelve-week preparation plan for ATHX 2027 — Women's edition, Pro division loads. Starts Monday 2 November 2026 and runs to competition weekend, ATHX London on 23-24 January 2027. Four phases: Base (weeks 1-4), Development (5-8), Specific (9-11), then Taper and Competition (12). Six training days a week across 72 training days and 12 rest days, 24 of them doubled AM and PM. Trains all three competition zones — Strength, Endurance and MetCon X — and carries the plan's own fuelling, hydration, recovery, teaching and daily log prompts on each day.","hybrid","","75","MetCon X - Full","cardio","CARDIO_TRAINING","Row","35 cal","","","","","","","","","","","",""
"","ATHX 2027 — Women's Pro Division","Twelve-week preparation plan for ATHX 2027 — Women's edition, Pro division loads. Starts Monday 2 November 2026 and runs to competition weekend, ATHX London on 23-24 January 2027. Four phases: Base (weeks 1-4), Development (5-8), Specific (9-11), then Taper and Competition (12). Six training days a week across 72 training days and 12 rest days, 24 of them doubled AM and PM. Trains all three competition zones — Strength, Endurance and MetCon X — and carries the plan's own fuelling, hydration, recovery, teaching and daily log prompts on each day.","hybrid","","75","MetCon X - Full","cardio","CARDIO_TRAINING","Note","The opening row is the only place you control pace with any precision. Go out at an effort you could hold for the whole piece, not at what feels easy in the first thirty seconds.

Record your split at the end of each element. Where you lose time is more useful than the total.","","","","","","","","","","","",""
"","ATHX 2027 — Women's Pro Division","Twelve-week preparation plan for ATHX 2027 — Women's edition, Pro division loads. Starts Monday 2 November 2026 and runs to competition weekend, ATHX London on 23-24 January 2027. Four phases: Base (weeks 1-4), Development (5-8), Specific (9-11), then Taper and Competition (12). Six training days a week across 72 training days and 12 rest days, 24 of them doubled AM and PM. Trains all three competition zones — Strength, Endurance and MetCon X — and carries the plan's own fuelling, hydration, recovery, teaching and daily log prompts on each day.","hybrid","","75","MetCon X - Full","cardio","CARDIO_TRAINING","Note · Why this session","The whole workout at competition load, against the clock. The work from the circuit weeks is measured here as a single number.","","","","","","","","","","","",""
"","ATHX 2027 — Women's Pro Division","Twelve-week preparation plan for ATHX 2027 — Women's edition, Pro division loads. Starts Monday 2 November 2026 and runs to competition weekend, ATHX London on 23-24 January 2027. Four phases: Base (weeks 1-4), Development (5-8), Specific (9-11), then Taper and Competition (12). Six training days a week across 72 training days and 12 rest days, 24 of them doubled AM and PM. Trains all three competition zones — Strength, Endurance and MetCon X — and carries the plan's own fuelling, hydration, recovery, teaching and daily log prompts on each day.","hybrid","","75","MetCon X - Full","cardio","CARDIO_TRAINING","Note · The standard - Erg handles","Handles must not be released in a way that could damage the machine. Bring them high and release gently, or hand over in pairs. The penalty is thirty seconds. That is a large number in a time-scored workout.","","","","","","","","","","","",""
"","ATHX 2027 — Women's Pro Division","Twelve-week preparation plan for ATHX 2027 — Women's edition, Pro division loads. Starts Monday 2 November 2026 and runs to competition weekend, ATHX London on 23-24 January 2027. Four phases: Base (weeks 1-4), Development (5-8), Specific (9-11), then Taper and Competition (12). Six training days a week across 72 training days and 12 rest days, 24 of them doubled AM and PM. Trains all three competition zones — Strength, Endurance and MetCon X — and carries the plan's own fuelling, hydration, recovery, teaching and daily log prompts on each day.","hybrid","","75","MetCon X - Full","cardio","CARDIO_TRAINING","Note · Fuel and hydration","Pre: 40-50 g carbohydrate, 90 min before.
Intra: Electrolyte drink between rounds, not during them.
Post: 40 g protein plus 1.0 g/kg carbs within two hours.
Daily macros: Day: carbs 5-6 g/kg protein 1.8-2.2 g/kg
Hydration: Session: sweat rate x 1.2
Electrolytes: required. Highest sweat rate of your week.","","","","","","","","","","","",""
"","ATHX 2027 — Women's Pro Division","Twelve-week preparation plan for ATHX 2027 — Women's edition, Pro division loads. Starts Monday 2 November 2026 and runs to competition weekend, ATHX London on 23-24 January 2027. Four phases: Base (weeks 1-4), Development (5-8), Specific (9-11), then Taper and Competition (12). Six training days a week across 72 training days and 12 rest days, 24 of them doubled AM and PM. Trains all three competition zones — Strength, Endurance and MetCon X — and carries the plan's own fuelling, hydration, recovery, teaching and daily log prompts on each day.","hybrid","","75","MetCon X - Full","cardio","CARDIO_TRAINING","Note · Recovery","High metabolic · moderate mechanical
Loaded squatting and grip, no heavy eccentrics. Twenty minutes of easy walking or light cycling tonight. Not running - tomorrow needs your legs.","","","","","","","","","","","",""
"","ATHX 2027 — Women's Pro Division","Twelve-week preparation plan for ATHX 2027 — Women's edition, Pro division loads. Starts Monday 2 November 2026 and runs to competition weekend, ATHX London on 23-24 January 2027. Four phases: Base (weeks 1-4), Development (5-8), Specific (9-11), then Taper and Competition (12). Six training days a week across 72 training days and 12 rest days, 24 of them doubled AM and PM. Trains all three competition zones — Strength, Endurance and MetCon X — and carries the plan's own fuelling, hydration, recovery, teaching and daily log prompts on each day.","hybrid","","75","MetCon X - Full","cardio","CARDIO_TRAINING","Note · Log today","- Time for each round
- Drop from round one to the final round, target within 10%
- Where the sandbag block broke down","","","","","","","","","","","",""
"","ATHX 2027 — Women's Pro Division","Twelve-week preparation plan for ATHX 2027 — Women's edition, Pro division loads. Starts Monday 2 November 2026 and runs to competition weekend, ATHX London on 23-24 January 2027. Four phases: Base (weeks 1-4), Development (5-8), Specific (9-11), then Taper and Competition (12). Six training days a week across 72 training days and 12 rest days, 24 of them doubled AM and PM. Trains all three competition zones — Strength, Endurance and MetCon X — and carries the plan's own fuelling, hydration, recovery, teaching and daily log prompts on each day.","hybrid","","75","MetCon X - Full","cardio","CARDIO_TRAINING","Note · Day at a glance","Session: MetCon X - Full
Type: MetCon circuit
Shape: Single
Relative load: High","","","","","","","","","","","",""
"","ATHX 2027 — Women's Pro Division","Twelve-week preparation plan for ATHX 2027 — Women's edition, Pro division loads. Starts Monday 2 November 2026 and runs to competition weekend, ATHX London on 23-24 January 2027. Four phases: Base (weeks 1-4), Development (5-8), Specific (9-11), then Taper and Competition (12). Six training days a week across 72 training days and 12 rest days, 24 of them doubled AM and PM. Trains all three competition zones — Strength, Endurance and MetCon X — and carries the plan's own fuelling, hydration, recovery, teaching and daily log prompts on each day.","hybrid","","76","Full Competition Simulation","cardio","CARDIO_TRAINING","Note · Full Simulation","All three zones.","","","","","","","","","","","",""
"","ATHX 2027 — Women's Pro Division","Twelve-week preparation plan for ATHX 2027 — Women's edition, Pro division loads. Starts Monday 2 November 2026 and runs to competition weekend, ATHX London on 23-24 January 2027. Four phases: Base (weeks 1-4), Development (5-8), Specific (9-11), then Taper and Competition (12). Six training days a week across 72 training days and 12 rest days, 24 of them doubled AM and PM. Trains all three competition zones — Strength, Endurance and MetCon X — and carries the plan's own fuelling, hydration, recovery, teaching and daily log prompts on each day.","hybrid","","76","Full Competition Simulation","cardio","CARDIO_TRAINING","Zone 1","Strength - 15 min","","","","","","","","","","","",""
"","ATHX 2027 — Women's Pro Division","Twelve-week preparation plan for ATHX 2027 — Women's edition, Pro division loads. Starts Monday 2 November 2026 and runs to competition weekend, ATHX London on 23-24 January 2027. Four phases: Base (weeks 1-4), Development (5-8), Specific (9-11), then Taper and Competition (12). Six training days a week across 72 training days and 12 rest days, 24 of them doubled AM and PM. Trains all three competition zones — Strength, Endurance and MetCon X — and carries the plan's own fuelling, hydration, recovery, teaching and daily log prompts on each day.","hybrid","","76","Full Competition Simulation","cardio","CARDIO_TRAINING","Recovery","30-40 min","","","","","","","","","","","",""
"","ATHX 2027 — Women's Pro Division","Twelve-week preparation plan for ATHX 2027 — Women's edition, Pro division loads. Starts Monday 2 November 2026 and runs to competition weekend, ATHX London on 23-24 January 2027. Four phases: Base (weeks 1-4), Development (5-8), Specific (9-11), then Taper and Competition (12). Six training days a week across 72 training days and 12 rest days, 24 of them doubled AM and PM. Trains all three competition zones — Strength, Endurance and MetCon X — and carries the plan's own fuelling, hydration, recovery, teaching and daily log prompts on each day.","hybrid","","76","Full Competition Simulation","cardio","CARDIO_TRAINING","Zone 2","Endurance - 24 min","","","","","","","","","","","",""
"","ATHX 2027 — Women's Pro Division","Twelve-week preparation plan for ATHX 2027 — Women's edition, Pro division loads. Starts Monday 2 November 2026 and runs to competition weekend, ATHX London on 23-24 January 2027. Four phases: Base (weeks 1-4), Development (5-8), Specific (9-11), then Taper and Competition (12). Six training days a week across 72 training days and 12 rest days, 24 of them doubled AM and PM. Trains all three competition zones — Strength, Endurance and MetCon X — and carries the plan's own fuelling, hydration, recovery, teaching and daily log prompts on each day.","hybrid","","76","Full Competition Simulation","cardio","CARDIO_TRAINING","Recovery","30-40 min","","","","","","","","","","","",""
"","ATHX 2027 — Women's Pro Division","Twelve-week preparation plan for ATHX 2027 — Women's edition, Pro division loads. Starts Monday 2 November 2026 and runs to competition weekend, ATHX London on 23-24 January 2027. Four phases: Base (weeks 1-4), Development (5-8), Specific (9-11), then Taper and Competition (12). Six training days a week across 72 training days and 12 rest days, 24 of them doubled AM and PM. Trains all three competition zones — Strength, Endurance and MetCon X — and carries the plan's own fuelling, hydration, recovery, teaching and daily log prompts on each day.","hybrid","","76","Full Competition Simulation","cardio","CARDIO_TRAINING","Zone 3","MetCon X - 25 min","","","","","","","","","","","",""
"","ATHX 2027 — Women's Pro Division","Twelve-week preparation plan for ATHX 2027 — Women's edition, Pro division loads. Starts Monday 2 November 2026 and runs to competition weekend, ATHX London on 23-24 January 2027. Four phases: Base (weeks 1-4), Development (5-8), Specific (9-11), then Taper and Competition (12). Six training days a week across 72 training days and 12 rest days, 24 of them doubled AM and PM. Trains all three competition zones — Strength, Endurance and MetCon X — and carries the plan's own fuelling, hydration, recovery, teaching and daily log prompts on each day.","hybrid","","76","Full Competition Simulation","cardio","CARDIO_TRAINING","Note","Rehearse the whole day: warm-up timing before each zone, what you eat and drink in the gaps, kit changes and chalk. The logistics are as much a part of the test as the sessions.

Zone order on competition day is set by the event. If you can confirm it in advance, run the simulation in that order.","","","","","","","","","","","",""
"","ATHX 2027 — Women's Pro Division","Twelve-week preparation plan for ATHX 2027 — Women's edition, Pro division loads. Starts Monday 2 November 2026 and runs to competition weekend, ATHX London on 23-24 January 2027. Four phases: Base (weeks 1-4), Development (5-8), Specific (9-11), then Taper and Competition (12). Six training days a week across 72 training days and 12 rest days, 24 of them doubled AM and PM. Trains all three competition zones — Strength, Endurance and MetCon X — and carries the plan's own fuelling, hydration, recovery, teaching and daily log prompts on each day.","hybrid","","76","Full Competition Simulation","cardio","CARDIO_TRAINING","Note · Why this session","All three zones in one session, in order, with realistic recovery between them. The purpose is to find the problems rather than to post good scores.","","","","","","","","","","","",""
"","ATHX 2027 — Women's Pro Division","Twelve-week preparation plan for ATHX 2027 — Women's edition, Pro division loads. Starts Monday 2 November 2026 and runs to competition weekend, ATHX London on 23-24 January 2027. Four phases: Base (weeks 1-4), Development (5-8), Specific (9-11), then Taper and Competition (12). Six training days a week across 72 training days and 12 rest days, 24 of them doubled AM and PM. Trains all three competition zones — Strength, Endurance and MetCon X — and carries the plan's own fuelling, hydration, recovery, teaching and daily log prompts on each day.","hybrid","","76","Full Competition Simulation","cardio","CARDIO_TRAINING","Note · Kit - Two of everything","Spare shoes, spare chalk and spare food. Venue conditions vary and so do plans. It is also worth knowing where the venue is, when you need to arrive and what the parking is like, since the day starts well before the first zone.","","","","","","","","","","","",""
"","ATHX 2027 — Women's Pro Division","Twelve-week preparation plan for ATHX 2027 — Women's edition, Pro division loads. Starts Monday 2 November 2026 and runs to competition weekend, ATHX London on 23-24 January 2027. Four phases: Base (weeks 1-4), Development (5-8), Specific (9-11), then Taper and Competition (12). Six training days a week across 72 training days and 12 rest days, 24 of them doubled AM and PM. Trains all three competition zones — Strength, Endurance and MetCon X — and carries the plan's own fuelling, hydration, recovery, teaching and daily log prompts on each day.","hybrid","","76","Full Competition Simulation","cardio","CARDIO_TRAINING","Note · Fuel and hydration","Pre: 40-50 g carbohydrate, 90 min before. Under-fuel this and the data is meaningless.
Post: 30-40 g protein plus 1.0 g/kg carbohydrate.
Daily macros: Day: carbs 5-6 g/kg protein 1.8-2.2 g/kg
Hydration: Session: sweat rate x 1.1
Electrolytes: yes. Sip between rounds.","","","","","","","","","","","",""
"","ATHX 2027 — Women's Pro Division","Twelve-week preparation plan for ATHX 2027 — Women's edition, Pro division loads. Starts Monday 2 November 2026 and runs to competition weekend, ATHX London on 23-24 January 2027. Four phases: Base (weeks 1-4), Development (5-8), Specific (9-11), then Taper and Competition (12). Six training days a week across 72 training days and 12 rest days, 24 of them doubled AM and PM. Trains all three competition zones — Strength, Endurance and MetCon X — and carries the plan's own fuelling, hydration, recovery, teaching and daily log prompts on each day.","hybrid","","76","Full Competition Simulation","cardio","CARDIO_TRAINING","Note · Recovery","High metabolic · moderate mechanical
Tomorrow's easy aerobic is your recovery, which is why it sits there. Sleep is tonight's priority. Legs beaten up in the morning? Take Sunday as a walk.","","","","","","","","","","","",""
"","ATHX 2027 — Women's Pro Division","Twelve-week preparation plan for ATHX 2027 — Women's edition, Pro division loads. Starts Monday 2 November 2026 and runs to competition weekend, ATHX London on 23-24 January 2027. Four phases: Base (weeks 1-4), Development (5-8), Specific (9-11), then Taper and Competition (12). Six training days a week across 72 training days and 12 rest days, 24 of them doubled AM and PM. Trains all three competition zones — Strength, Endurance and MetCon X — and carries the plan's own fuelling, hydration, recovery, teaching and daily log prompts on each day.","hybrid","","76","Full Competition Simulation","cardio","CARDIO_TRAINING","Note · Log today","- Ski metres per round, or 500 m splits if rehearsing the full zone
- Final round as a percentage of the first, target within 5%
- How the first thirty seconds of each ski felt","","","","","","","","","","","",""
"","ATHX 2027 — Women's Pro Division","Twelve-week preparation plan for ATHX 2027 — Women's edition, Pro division loads. Starts Monday 2 November 2026 and runs to competition weekend, ATHX London on 23-24 January 2027. Four phases: Base (weeks 1-4), Development (5-8), Specific (9-11), then Taper and Competition (12). Six training days a week across 72 training days and 12 rest days, 24 of them doubled AM and PM. Trains all three competition zones — Strength, Endurance and MetCon X — and carries the plan's own fuelling, hydration, recovery, teaching and daily log prompts on each day.","hybrid","","76","Full Competition Simulation","cardio","CARDIO_TRAINING","Note · Day at a glance","Session: Full Competition Simulation
Type: Run to ski transition
Shape: Single
Relative load: Highest","","","","","","","","","","","",""
"","ATHX 2027 — Women's Pro Division","Twelve-week preparation plan for ATHX 2027 — Women's edition, Pro division loads. Starts Monday 2 November 2026 and runs to competition weekend, ATHX London on 23-24 January 2027. Four phases: Base (weeks 1-4), Development (5-8), Specific (9-11), then Taper and Competition (12). Six training days a week across 72 training days and 12 rest days, 24 of them doubled AM and PM. Trains all three competition zones — Strength, Endurance and MetCon X — and carries the plan's own fuelling, hydration, recovery, teaching and daily log prompts on each day.","hybrid","","77","Easy Aerobic","cardio","RUNNING","Easy Aerobic","50-60 min — Zone 2 run / bike","","","","","","","","","","","",""
"","ATHX 2027 — Women's Pro Division","Twelve-week preparation plan for ATHX 2027 — Women's edition, Pro division loads. Starts Monday 2 November 2026 and runs to competition weekend, ATHX London on 23-24 January 2027. Four phases: Base (weeks 1-4), Development (5-8), Specific (9-11), then Taper and Competition (12). Six training days a week across 72 training days and 12 rest days, 24 of them doubled AM and PM. Trains all three competition zones — Strength, Endurance and MetCon X — and carries the plan's own fuelling, hydration, recovery, teaching and daily log prompts on each day.","hybrid","","77","Easy Aerobic","cardio","RUNNING","Note","If Saturday was a full simulation, take today as a walk regardless of what the table says.","","","","","","","","","","","",""
"","ATHX 2027 — Women's Pro Division","Twelve-week preparation plan for ATHX 2027 — Women's edition, Pro division loads. Starts Monday 2 November 2026 and runs to competition weekend, ATHX London on 23-24 January 2027. Four phases: Base (weeks 1-4), Development (5-8), Specific (9-11), then Taper and Competition (12). Six training days a week across 72 training days and 12 rest days, 24 of them doubled AM and PM. Trains all three competition zones — Strength, Endurance and MetCon X — and carries the plan's own fuelling, hydration, recovery, teaching and daily log prompts on each day.","hybrid","","77","Easy Aerobic","cardio","RUNNING","Note · Why this session","Recovery from the most demanding week of the plan. Keep it easy and let the specific work settle.","","","","","","","","","","","",""
"","ATHX 2027 — Women's Pro Division","Twelve-week preparation plan for ATHX 2027 — Women's edition, Pro division loads. Starts Monday 2 November 2026 and runs to competition weekend, ATHX London on 23-24 January 2027. Four phases: Base (weeks 1-4), Development (5-8), Specific (9-11), then Taper and Competition (12). Six training days a week across 72 training days and 12 rest days, 24 of them doubled AM and PM. Trains all three competition zones — Strength, Endurance and MetCon X — and carries the plan's own fuelling, hydration, recovery, teaching and daily log prompts on each day.","hybrid","","77","Easy Aerobic","cardio","RUNNING","Note · Unload begins","From tomorrow, volume comes down while intensity stays. That will feel like less work, which is the intention. The work is already banked, and the taper is what lets it show.","","","","","","","","","","","",""
"","ATHX 2027 — Women's Pro Division","Twelve-week preparation plan for ATHX 2027 — Women's edition, Pro division loads. Starts Monday 2 November 2026 and runs to competition weekend, ATHX London on 23-24 January 2027. Four phases: Base (weeks 1-4), Development (5-8), Specific (9-11), then Taper and Competition (12). Six training days a week across 72 training days and 12 rest days, 24 of them doubled AM and PM. Trains all three competition zones — Strength, Endurance and MetCon X — and carries the plan's own fuelling, hydration, recovery, teaching and daily log prompts on each day.","hybrid","","77","Easy Aerobic","cardio","RUNNING","Note · Fuel and hydration","Pre: Optional. Small carbohydrate serving if you prefer not to train empty.
Post: Normal meal within a couple of hours.
Daily macros: Day: carbs 4-5 g/kg protein 1.8-2.2 g/kg
Hydration: Session: sweat rate x 0.8
Electrolytes: only if over 60 min or hot.","","","","","","","","","","","",""
"","ATHX 2027 — Women's Pro Division","Twelve-week preparation plan for ATHX 2027 — Women's edition, Pro division loads. Starts Monday 2 November 2026 and runs to competition weekend, ATHX London on 23-24 January 2027. Four phases: Base (weeks 1-4), Development (5-8), Specific (9-11), then Taper and Competition (12). Six training days a week across 72 training days and 12 rest days, 24 of them doubled AM and PM. Trains all three competition zones — Strength, Endurance and MetCon X — and carries the plan's own fuelling, hydration, recovery, teaching and daily log prompts on each day.","hybrid","","77","Easy Aerobic","cardio","RUNNING","Note · Recovery","Minimal · this session is the recovery
Low mechanical load, sustained blood flow, negligible metabolic cost. After it, take the rest of the day genuinely off.","","","","","","","","","","","",""
"","ATHX 2027 — Women's Pro Division","Twelve-week preparation plan for ATHX 2027 — Women's edition, Pro division loads. Starts Monday 2 November 2026 and runs to competition weekend, ATHX London on 23-24 January 2027. Four phases: Base (weeks 1-4), Development (5-8), Specific (9-11), then Taper and Competition (12). Six training days a week across 72 training days and 12 rest days, 24 of them doubled AM and PM. Trains all three competition zones — Strength, Endurance and MetCon X — and carries the plan's own fuelling, hydration, recovery, teaching and daily log prompts on each day.","hybrid","","77","Easy Aerobic","cardio","RUNNING","Note · Log today","- Average heart rate
- Compare to the same session in Week 1
- How the week felt overall","","","","","","","","","","","",""
"","ATHX 2027 — Women's Pro Division","Twelve-week preparation plan for ATHX 2027 — Women's edition, Pro division loads. Starts Monday 2 November 2026 and runs to competition weekend, ATHX London on 23-24 January 2027. Four phases: Base (weeks 1-4), Development (5-8), Specific (9-11), then Taper and Competition (12). Six training days a week across 72 training days and 12 rest days, 24 of them doubled AM and PM. Trains all three competition zones — Strength, Endurance and MetCon X — and carries the plan's own fuelling, hydration, recovery, teaching and daily log prompts on each day.","hybrid","","77","Easy Aerobic","cardio","RUNNING","Note · Day at a glance","Session: Easy Aerobic
Type: Easy aerobic
Shape: Single
Relative load: Low","","","","","","","","","","","",""
"","ATHX 2027 — Women's Pro Division","Twelve-week preparation plan for ATHX 2027 — Women's edition, Pro division loads. Starts Monday 2 November 2026 and runs to competition weekend, ATHX London on 23-24 January 2027. Four phases: Base (weeks 1-4), Development (5-8), Specific (9-11), then Taper and Competition (12). Six training days a week across 72 training days and 12 rest days, 24 of them doubled AM and PM. Trains all three competition zones — Strength, Endurance and MetCon X — and carries the plan's own fuelling, hydration, recovery, teaching and daily log prompts on each day.","hybrid","","78","AM — Short Threshold","cardio","RUNNING","Short Threshold","3 x 4 min","","","","","","","","","","","",""
"","ATHX 2027 — Women's Pro Division","Twelve-week preparation plan for ATHX 2027 — Women's edition, Pro division loads. Starts Monday 2 November 2026 and runs to competition weekend, ATHX London on 23-24 January 2027. Four phases: Base (weeks 1-4), Development (5-8), Specific (9-11), then Taper and Competition (12). Six training days a week across 72 training days and 12 rest days, 24 of them doubled AM and PM. Trains all three competition zones — Strength, Endurance and MetCon X — and carries the plan's own fuelling, hydration, recovery, teaching and daily log prompts on each day.","hybrid","","78","AM — Short Threshold","cardio","RUNNING","Note","Warm-up 10 min easy + strides. Main set at 10 km race effort, 2 min jog. Cool-down 6 min easy. This should feel comfortably fast. If it feels hard, you are not tapered - reduce Wednesday further.","","","","","","","","","","","",""
"","ATHX 2027 — Women's Pro Division","Twelve-week preparation plan for ATHX 2027 — Women's edition, Pro division loads. Starts Monday 2 November 2026 and runs to competition weekend, ATHX London on 23-24 January 2027. Four phases: Base (weeks 1-4), Development (5-8), Specific (9-11), then Taper and Competition (12). Six training days a week across 72 training days and 12 rest days, 24 of them doubled AM and PM. Trains all three competition zones — Strength, Endurance and MetCon X — and carries the plan's own fuelling, hydration, recovery, teaching and daily log prompts on each day.","hybrid","","78","AM — Short Threshold","cardio","RUNNING","Note · Week 12 of 12 — Taper And Competition","WEEK 1 OF 1, week commencing 2027-01-18.
What changes: Volume drops sharply while intensity holds. Heavy eccentric work stops seven days out, since it is the main cause of lingering soreness. Everything this week is intended to let the previous eleven weeks show.
One priority: Doing less than you feel like doing is the aim this week. The work is already done.
If you miss a session: Miss whatever you need to this week. Nothing here builds fitness, and arriving fresh matters more than arriving complete.
Looking ahead: Nothing. This is the week. Execute what you rehearsed and take no unnecessary risk in any zone.
Volume: run 1h05 · ski 12m · 2 lift sessions · 2h30 total","","","","","","","","","","","",""
"","ATHX 2027 — Women's Pro Division","Twelve-week preparation plan for ATHX 2027 — Women's edition, Pro division loads. Starts Monday 2 November 2026 and runs to competition weekend, ATHX London on 23-24 January 2027. Four phases: Base (weeks 1-4), Development (5-8), Specific (9-11), then Taper and Competition (12). Six training days a week across 72 training days and 12 rest days, 24 of them doubled AM and PM. Trains all three competition zones — Strength, Endurance and MetCon X — and carries the plan's own fuelling, hydration, recovery, teaching and daily log prompts on each day.","hybrid","","78","AM — Short Threshold","cardio","RUNNING","Note · Why this session","Intensity maintained, volume cut by roughly two thirds. Enough stimulus to hold the adaptations, not enough to add fatigue.","","","","","","","","","","","",""
"","ATHX 2027 — Women's Pro Division","Twelve-week preparation plan for ATHX 2027 — Women's edition, Pro division loads. Starts Monday 2 November 2026 and runs to competition weekend, ATHX London on 23-24 January 2027. Four phases: Base (weeks 1-4), Development (5-8), Specific (9-11), then Taper and Competition (12). Six training days a week across 72 training days and 12 rest days, 24 of them doubled AM and PM. Trains all three competition zones — Strength, Endurance and MetCon X — and carries the plan's own fuelling, hydration, recovery, teaching and daily log prompts on each day.","hybrid","","78","AM — Short Threshold","cardio","RUNNING","Note · Trust the taper","Short, sharp sessions finished before you feel like stopping. These should feel comfortably fast rather than hard. If it feels hard, reducing Wednesday further is a better response than pushing on.","","","","","","","","","","","",""
"","ATHX 2027 — Women's Pro Division","Twelve-week preparation plan for ATHX 2027 — Women's edition, Pro division loads. Starts Monday 2 November 2026 and runs to competition weekend, ATHX London on 23-24 January 2027. Four phases: Base (weeks 1-4), Development (5-8), Specific (9-11), then Taper and Competition (12). Six training days a week across 72 training days and 12 rest days, 24 of them doubled AM and PM. Trains all three competition zones — Strength, Endurance and MetCon X — and carries the plan's own fuelling, hydration, recovery, teaching and daily log prompts on each day.","hybrid","","78","PM — Upper Primer","strength","STRENGTH_TRAINING","A Push Press","3 x 2 @ 85% · 4 RIR","","","","","3","2","","","","","",""
"","ATHX 2027 — Women's Pro Division","Twelve-week preparation plan for ATHX 2027 — Women's edition, Pro division loads. Starts Monday 2 November 2026 and runs to competition weekend, ATHX London on 23-24 January 2027. Four phases: Base (weeks 1-4), Development (5-8), Specific (9-11), then Taper and Competition (12). Six training days a week across 72 training days and 12 rest days, 24 of them doubled AM and PM. Trains all three competition zones — Strength, Endurance and MetCon X — and carries the plan's own fuelling, hydration, recovery, teaching and daily log prompts on each day.","hybrid","","78","PM — Upper Primer","strength","STRENGTH_TRAINING","B Row or Pull-Up","3 x 5 · 4 RIR","","","","","3","5","","","","","",""
"","ATHX 2027 — Women's Pro Division","Twelve-week preparation plan for ATHX 2027 — Women's edition, Pro division loads. Starts Monday 2 November 2026 and runs to competition weekend, ATHX London on 23-24 January 2027. Four phases: Base (weeks 1-4), Development (5-8), Specific (9-11), then Taper and Competition (12). Six training days a week across 72 training days and 12 rest days, 24 of them doubled AM and PM. Trains all three competition zones — Strength, Endurance and MetCon X — and carries the plan's own fuelling, hydration, recovery, teaching and daily log prompts on each day.","hybrid","","78","PM — Upper Primer","strength","STRENGTH_TRAINING","C DB Bench Press (12.5 kg)","2 x 10","","","12.5","","2","10","","","","","",""
"","ATHX 2027 — Women's Pro Division","Twelve-week preparation plan for ATHX 2027 — Women's edition, Pro division loads. Starts Monday 2 November 2026 and runs to competition weekend, ATHX London on 23-24 January 2027. Four phases: Base (weeks 1-4), Development (5-8), Specific (9-11), then Taper and Competition (12). Six training days a week across 72 training days and 12 rest days, 24 of them doubled AM and PM. Trains all three competition zones — Strength, Endurance and MetCon X — and carries the plan's own fuelling, hydration, recovery, teaching and daily log prompts on each day.","hybrid","","78","PM — Upper Primer","strength","STRENGTH_TRAINING","Note","Loads stay heavy, volume halves. This maintains neural drive without structural breakdown.","","","","","","","","","","","",""
"","ATHX 2027 — Women's Pro Division","Twelve-week preparation plan for ATHX 2027 — Women's edition, Pro division loads. Starts Monday 2 November 2026 and runs to competition weekend, ATHX London on 23-24 January 2027. Four phases: Base (weeks 1-4), Development (5-8), Specific (9-11), then Taper and Competition (12). Six training days a week across 72 training days and 12 rest days, 24 of them doubled AM and PM. Trains all three competition zones — Strength, Endurance and MetCon X — and carries the plan's own fuelling, hydration, recovery, teaching and daily log prompts on each day.","hybrid","","78","PM — Upper Primer","strength","STRENGTH_TRAINING","Note · Fuel and hydration","Pre-AM: 30-40 g carbohydrate, 60-90 min before.
Between: Inside 60 min: 1.0-1.5 g/kg carbs plus 30-40 g protein. Non-negotiable on a double day.
Post-PM: 30-40 g protein plus 0.5-1.0 g/kg carbs within two hours.
Daily macros: Day: carbs 5-6 g/kg protein 1.8-2.2 g/kg
Hydration: AM: sweat rate x 0.7 · PM: sweat rate x 0.9
Electrolytes: AM run if over 60 min or warm.","","","","","","","","","","","",""
"","ATHX 2027 — Women's Pro Division","Twelve-week preparation plan for ATHX 2027 — Women's edition, Pro division loads. Starts Monday 2 November 2026 and runs to competition weekend, ATHX London on 23-24 January 2027. Four phases: Base (weeks 1-4), Development (5-8), Specific (9-11), then Taper and Competition (12). Six training days a week across 72 training days and 12 rest days, 24 of them doubled AM and PM. Trains all three competition zones — Strength, Endurance and MetCon X — and carries the plan's own fuelling, hydration, recovery, teaching and daily log prompts on each day.","hybrid","","78","PM — Upper Primer","strength","STRENGTH_TRAINING","Note · Recovery","Moderate mechanical · moderate central
Sleep is the intervention. You have moved twice today, so more movement is not more recovery. Tomorrow is ski: trunk and lats, legs left alone.","","","","","","","","","","","",""
"","ATHX 2027 — Women's Pro Division","Twelve-week preparation plan for ATHX 2027 — Women's edition, Pro division loads. Starts Monday 2 November 2026 and runs to competition weekend, ATHX London on 23-24 January 2027. Four phases: Base (weeks 1-4), Development (5-8), Specific (9-11), then Taper and Competition (12). Six training days a week across 72 training days and 12 rest days, 24 of them doubled AM and PM. Trains all three competition zones — Strength, Endurance and MetCon X — and carries the plan's own fuelling, hydration, recovery, teaching and daily log prompts on each day.","hybrid","","78","PM — Upper Primer","strength","STRENGTH_TRAINING","Note · Log today","- Fastest and slowest interval pace, and the gap between them
- Push press top set and RIR
- How the legs felt in the PM session","","","","","","","","","","","",""
"","ATHX 2027 — Women's Pro Division","Twelve-week preparation plan for ATHX 2027 — Women's edition, Pro division loads. Starts Monday 2 November 2026 and runs to competition weekend, ATHX London on 23-24 January 2027. Four phases: Base (weeks 1-4), Development (5-8), Specific (9-11), then Taper and Competition (12). Six training days a week across 72 training days and 12 rest days, 24 of them doubled AM and PM. Trains all three competition zones — Strength, Endurance and MetCon X — and carries the plan's own fuelling, hydration, recovery, teaching and daily log prompts on each day.","hybrid","","78","PM — Upper Primer","strength","STRENGTH_TRAINING","Note · Day at a glance","Session: Short Threshold Run + Upper Primer
Type: Run + Upper strength
Shape: Double — the AM and PM sessions need six hours between them
Relative load: Low","","","","","","","","","","","",""
"","ATHX 2027 — Women's Pro Division","Twelve-week preparation plan for ATHX 2027 — Women's edition, Pro division loads. Starts Monday 2 November 2026 and runs to competition weekend, ATHX London on 23-24 January 2027. Four phases: Base (weeks 1-4), Development (5-8), Specific (9-11), then Taper and Competition (12). Six training days a week across 72 training days and 12 rest days, 24 of them doubled AM and PM. Trains all three competition zones — Strength, Endurance and MetCon X — and carries the plan's own fuelling, hydration, recovery, teaching and daily log prompts on each day.","hybrid","","79","Ski - Short, at Pace","cardio","CARDIO_TRAINING","Warm-up","5 min easy","","","","","","","","","","","",""
"","ATHX 2027 — Women's Pro Division","Twelve-week preparation plan for ATHX 2027 — Women's edition, Pro division loads. Starts Monday 2 November 2026 and runs to competition weekend, ATHX London on 23-24 January 2027. Four phases: Base (weeks 1-4), Development (5-8), Specific (9-11), then Taper and Competition (12). Six training days a week across 72 training days and 12 rest days, 24 of them doubled AM and PM. Trains all three competition zones — Strength, Endurance and MetCon X — and carries the plan's own fuelling, hydration, recovery, teaching and daily log prompts on each day.","hybrid","","79","Ski - Short, at Pace","cardio","CARDIO_TRAINING","Main","4 x 2 min at target competition pace, 2 min recovery between reps","","","","","","","","","","","",""
"","ATHX 2027 — Women's Pro Division","Twelve-week preparation plan for ATHX 2027 — Women's edition, Pro division loads. Starts Monday 2 November 2026 and runs to competition weekend, ATHX London on 23-24 January 2027. Four phases: Base (weeks 1-4), Development (5-8), Specific (9-11), then Taper and Competition (12). Six training days a week across 72 training days and 12 rest days, 24 of them doubled AM and PM. Trains all three competition zones — Strength, Endurance and MetCon X — and carries the plan's own fuelling, hydration, recovery, teaching and daily log prompts on each day.","hybrid","","79","Ski - Short, at Pace","cardio","CARDIO_TRAINING","Cool-down","4 min easy","","","","","","","","","","","",""
"","ATHX 2027 — Women's Pro Division","Twelve-week preparation plan for ATHX 2027 — Women's edition, Pro division loads. Starts Monday 2 November 2026 and runs to competition weekend, ATHX London on 23-24 January 2027. Four phases: Base (weeks 1-4), Development (5-8), Specific (9-11), then Taper and Competition (12). Six training days a week across 72 training days and 12 rest days, 24 of them doubled AM and PM. Trains all three competition zones — Strength, Endurance and MetCon X — and carries the plan's own fuelling, hydration, recovery, teaching and daily log prompts on each day.","hybrid","","79","Ski - Short, at Pace","cardio","CARDIO_TRAINING","Note","Check your damper setting and write it down, since venue machines vary and it saves a decision on the day.","","","","","","","","","","","",""
"","ATHX 2027 — Women's Pro Division","Twelve-week preparation plan for ATHX 2027 — Women's edition, Pro division loads. Starts Monday 2 November 2026 and runs to competition weekend, ATHX London on 23-24 January 2027. Four phases: Base (weeks 1-4), Development (5-8), Specific (9-11), then Taper and Competition (12). Six training days a week across 72 training days and 12 rest days, 24 of them doubled AM and PM. Trains all three competition zones — Strength, Endurance and MetCon X — and carries the plan's own fuelling, hydration, recovery, teaching and daily log prompts on each day.","hybrid","","79","Ski - Short, at Pace","cardio","CARDIO_TRAINING","Note · Why this session","Keep the feel of competition pace without accumulating fatigue. Short, sharp, finished well before you want to stop.","","","","","","","","","","","",""
"","ATHX 2027 — Women's Pro Division","Twelve-week preparation plan for ATHX 2027 — Women's edition, Pro division loads. Starts Monday 2 November 2026 and runs to competition weekend, ATHX London on 23-24 January 2027. Four phases: Base (weeks 1-4), Development (5-8), Specific (9-11), then Taper and Competition (12). Six training days a week across 72 training days and 12 rest days, 24 of them doubled AM and PM. Trains all three competition zones — Strength, Endurance and MetCon X — and carries the plan's own fuelling, hydration, recovery, teaching and daily log prompts on each day.","hybrid","","79","Ski - Short, at Pace","cardio","CARDIO_TRAINING","Note · Kit - Damper setting","Write your ski damper number down today and put it with your attempt card. Venue machines vary, and knowing your setting saves time at the start of a scored zone.","","","","","","","","","","","",""
"","ATHX 2027 — Women's Pro Division","Twelve-week preparation plan for ATHX 2027 — Women's edition, Pro division loads. Starts Monday 2 November 2026 and runs to competition weekend, ATHX London on 23-24 January 2027. Four phases: Base (weeks 1-4), Development (5-8), Specific (9-11), then Taper and Competition (12). Six training days a week across 72 training days and 12 rest days, 24 of them doubled AM and PM. Trains all three competition zones — Strength, Endurance and MetCon X — and carries the plan's own fuelling, hydration, recovery, teaching and daily log prompts on each day.","hybrid","","79","Ski - Short, at Pace","cardio","CARDIO_TRAINING","Note · Fuel and hydration","Pre: 30-50 g carbohydrate, 60-90 min before.
Post: 30-40 g protein plus 0.5 g/kg carbohydrate.
Daily macros: Day: carbs 4-5 g/kg protein 1.8-2.2 g/kg
Hydration: Session: sweat rate x 1.0
Electrolytes: if total session exceeds 60 min.","","","","","","","","","","","",""
"","ATHX 2027 — Women's Pro Division","Twelve-week preparation plan for ATHX 2027 — Women's edition, Pro division loads. Starts Monday 2 November 2026 and runs to competition weekend, ATHX London on 23-24 January 2027. Four phases: Base (weeks 1-4), Development (5-8), Specific (9-11), then Taper and Competition (12). Six training days a week across 72 training days and 12 rest days, 24 of them doubled AM and PM. Trains all three competition zones — Strength, Endurance and MetCon X — and carries the plan's own fuelling, hydration, recovery, teaching and daily log prompts on each day.","hybrid","","79","Ski - Short, at Pace","cardio","CARDIO_TRAINING","Note · Recovery","High metabolic · low mechanical
Hard work, little muscle damage. Active recovery helps here: twenty to thirty minutes of easy walking tonight. Legs should be fresh tomorrow.","","","","","","","","","","","",""
"","ATHX 2027 — Women's Pro Division","Twelve-week preparation plan for ATHX 2027 — Women's edition, Pro division loads. Starts Monday 2 November 2026 and runs to competition weekend, ATHX London on 23-24 January 2027. Four phases: Base (weeks 1-4), Development (5-8), Specific (9-11), then Taper and Competition (12). Six training days a week across 72 training days and 12 rest days, 24 of them doubled AM and PM. Trains all three competition zones — Strength, Endurance and MetCon X — and carries the plan's own fuelling, hydration, recovery, teaching and daily log prompts on each day.","hybrid","","79","Ski - Short, at Pace","cardio","CARDIO_TRAINING","Note · Log today","- Metres for each ski interval
- Drop from first interval to last, target under 3%
- Grip: farmer carry load, dead hang time","","","","","","","","","","","",""
"","ATHX 2027 — Women's Pro Division","Twelve-week preparation plan for ATHX 2027 — Women's edition, Pro division loads. Starts Monday 2 November 2026 and runs to competition weekend, ATHX London on 23-24 January 2027. Four phases: Base (weeks 1-4), Development (5-8), Specific (9-11), then Taper and Competition (12). Six training days a week across 72 training days and 12 rest days, 24 of them doubled AM and PM. Trains all three competition zones — Strength, Endurance and MetCon X — and carries the plan's own fuelling, hydration, recovery, teaching and daily log prompts on each day.","hybrid","","79","Ski - Short, at Pace","cardio","CARDIO_TRAINING","Note · Day at a glance","Session: Ski - Short, at Pace
Type: Ski erg + Grip
Shape: Single
Relative load: Low","","","","","","","","","","","",""
"","ATHX 2027 — Women's Pro Division","Twelve-week preparation plan for ATHX 2027 — Women's edition, Pro division loads. Starts Monday 2 November 2026 and runs to competition weekend, ATHX London on 23-24 January 2027. Four phases: Base (weeks 1-4), Development (5-8), Specific (9-11), then Taper and Competition (12). Six training days a week across 72 training days and 12 rest days, 24 of them doubled AM and PM. Trains all three competition zones — Strength, Endurance and MetCon X — and carries the plan's own fuelling, hydration, recovery, teaching and daily log prompts on each day.","hybrid","","80","Strength Primer - Concentric Only","strength","STRENGTH_TRAINING","Note · Primer","40 min.","","","","","","","","","","","",""
"","ATHX 2027 — Women's Pro Division","Twelve-week preparation plan for ATHX 2027 — Women's edition, Pro division loads. Starts Monday 2 November 2026 and runs to competition weekend, ATHX London on 23-24 January 2027. Four phases: Base (weeks 1-4), Development (5-8), Specific (9-11), then Taper and Competition (12). Six training days a week across 72 training days and 12 rest days, 24 of them doubled AM and PM. Trains all three competition zones — Strength, Endurance and MetCon X — and carries the plan's own fuelling, hydration, recovery, teaching and daily log prompts on each day.","hybrid","","80","Strength Primer - Concentric Only","strength","STRENGTH_TRAINING","A Back Squat - to a comfortable double","1 x 2 @ 85% · 4 RIR","","","","","1","2","","","","","",""
"","ATHX 2027 — Women's Pro Division","Twelve-week preparation plan for ATHX 2027 — Women's edition, Pro division loads. Starts Monday 2 November 2026 and runs to competition weekend, ATHX London on 23-24 January 2027. Four phases: Base (weeks 1-4), Development (5-8), Specific (9-11), then Taper and Competition (12). Six training days a week across 72 training days and 12 rest days, 24 of them doubled AM and PM. Trains all three competition zones — Strength, Endurance and MetCon X — and carries the plan's own fuelling, hydration, recovery, teaching and daily log prompts on each day.","hybrid","","80","Strength Primer - Concentric Only","strength","STRENGTH_TRAINING","B Deadlift - single window rehearsal","1 x 3 @ 85% · 4 RIR","","","","","1","3","","","","","",""
"","ATHX 2027 — Women's Pro Division","Twelve-week preparation plan for ATHX 2027 — Women's edition, Pro division loads. Starts Monday 2 November 2026 and runs to competition weekend, ATHX London on 23-24 January 2027. Four phases: Base (weeks 1-4), Development (5-8), Specific (9-11), then Taper and Competition (12). Six training days a week across 72 training days and 12 rest days, 24 of them doubled AM and PM. Trains all three competition zones — Strength, Endurance and MetCon X — and carries the plan's own fuelling, hydration, recovery, teaching and daily log prompts on each day.","hybrid","","80","Strength Primer - Concentric Only","strength","STRENGTH_TRAINING","C Shoulder to Overhead","2 x 2 @ 85% · 4 RIR","","","","","2","2","","","","","",""
"","ATHX 2027 — Women's Pro Division","Twelve-week preparation plan for ATHX 2027 — Women's edition, Pro division loads. Starts Monday 2 November 2026 and runs to competition weekend, ATHX London on 23-24 January 2027. Four phases: Base (weeks 1-4), Development (5-8), Specific (9-11), then Taper and Competition (12). Six training days a week across 72 training days and 12 rest days, 24 of them doubled AM and PM. Trains all three competition zones — Strength, Endurance and MetCon X — and carries the plan's own fuelling, hydration, recovery, teaching and daily log prompts on each day.","hybrid","","80","Strength Primer - Concentric Only","strength","STRENGTH_TRAINING","Note","No back-off sets and no accessories. Lower under control, without chasing slow eccentrics.

Rehearse the deadlift as three singles with your hands staying in contact with the bar between reps. This is the last chance to make that automatic.","","","","","","","","","","","",""
"","ATHX 2027 — Women's Pro Division","Twelve-week preparation plan for ATHX 2027 — Women's edition, Pro division loads. Starts Monday 2 November 2026 and runs to competition weekend, ATHX London on 23-24 January 2027. Four phases: Base (weeks 1-4), Development (5-8), Specific (9-11), then Taper and Competition (12). Six training days a week across 72 training days and 12 rest days, 24 of them doubled AM and PM. Trains all three competition zones — Strength, Endurance and MetCon X — and carries the plan's own fuelling, hydration, recovery, teaching and daily log prompts on each day.","hybrid","","80","Strength Primer - Concentric Only","strength","STRENGTH_TRAINING","Note · Why this session","Heavy eccentric loading is the primary driver of microtrauma and lingering soreness, so it stops here. What remains is enough to keep neural firing rates alert.","","","","","","","","","","","",""
"","ATHX 2027 — Women's Pro Division","Twelve-week preparation plan for ATHX 2027 — Women's edition, Pro division loads. Starts Monday 2 November 2026 and runs to competition weekend, ATHX London on 23-24 January 2027. Four phases: Base (weeks 1-4), Development (5-8), Specific (9-11), then Taper and Competition (12). Six training days a week across 72 training days and 12 rest days, 24 of them doubled AM and PM. Trains all three competition zones — Strength, Endurance and MetCon X — and carries the plan's own fuelling, hydration, recovery, teaching and daily log prompts on each day.","hybrid","","80","Strength Primer - Concentric Only","strength","STRENGTH_TRAINING","Note · The standard - No eccentric work","Heavy eccentric loading is the main cause of microtrauma and lingering soreness, so it stops seven days out. Lower under control today, without chasing slow negatives. The focus is concentric.","","","","","","","","","","","",""
"","ATHX 2027 — Women's Pro Division","Twelve-week preparation plan for ATHX 2027 — Women's edition, Pro division loads. Starts Monday 2 November 2026 and runs to competition weekend, ATHX London on 23-24 January 2027. Four phases: Base (weeks 1-4), Development (5-8), Specific (9-11), then Taper and Competition (12). Six training days a week across 72 training days and 12 rest days, 24 of them doubled AM and PM. Trains all three competition zones — Strength, Endurance and MetCon X — and carries the plan's own fuelling, hydration, recovery, teaching and daily log prompts on each day.","hybrid","","80","Strength Primer - Concentric Only","strength","STRENGTH_TRAINING","Note · Fuel and hydration","Pre-AM: 20-30 g carbohydrate, or fasted if you tolerate it.
Between: Inside 60 min: 1.0-1.5 g/kg carbs plus 30-40 g protein.
Post-PM: 40 g protein plus 1.0 g/kg carbs within two hours.
Daily macros: Day: carbs 5-6 g/kg protein 2.0-2.2 g/kg
Hydration: AM: sweat rate x 0.8 · PM: sweat rate x 1.0
Electrolytes: PM session. Dehydration cuts force and spinal stability.","","","","","","","","","","","",""
"","ATHX 2027 — Women's Pro Division","Twelve-week preparation plan for ATHX 2027 — Women's edition, Pro division loads. Starts Monday 2 November 2026 and runs to competition weekend, ATHX London on 23-24 January 2027. Four phases: Base (weeks 1-4), Development (5-8), Specific (9-11), then Taper and Competition (12). Six training days a week across 72 training days and 12 rest days, 24 of them doubled AM and PM. Trains all three competition zones — Strength, Endurance and MetCon X — and carries the plan's own fuelling, hydration, recovery, teaching and daily log prompts on each day.","hybrid","","80","Strength Primer - Concentric Only","strength","STRENGTH_TRAINING","Note · Recovery","Highest central load of the week
Complete rest tonight. After high central load, light cardio does not speed neural recovery; sleep, downregulation and food do. Tomorrow is rest for the same reason.","","","","","","","","","","","",""
"","ATHX 2027 — Women's Pro Division","Twelve-week preparation plan for ATHX 2027 — Women's edition, Pro division loads. Starts Monday 2 November 2026 and runs to competition weekend, ATHX London on 23-24 January 2027. Four phases: Base (weeks 1-4), Development (5-8), Specific (9-11), then Taper and Competition (12). Six training days a week across 72 training days and 12 rest days, 24 of them doubled AM and PM. Trains all three competition zones — Strength, Endurance and MetCon X — and carries the plan's own fuelling, hydration, recovery, teaching and daily log prompts on each day.","hybrid","","80","Strength Primer - Concentric Only","strength","STRENGTH_TRAINING","Note · Log today","- Back squat top set and RIR
- Deadlift - triple 1 / triple 2, each round
- The gap between the two triples","","","","","","","","","","","",""
"","ATHX 2027 — Women's Pro Division","Twelve-week preparation plan for ATHX 2027 — Women's edition, Pro division loads. Starts Monday 2 November 2026 and runs to competition weekend, ATHX London on 23-24 January 2027. Four phases: Base (weeks 1-4), Development (5-8), Specific (9-11), then Taper and Competition (12). Six training days a week across 72 training days and 12 rest days, 24 of them doubled AM and PM. Trains all three competition zones — Strength, Endurance and MetCon X — and carries the plan's own fuelling, hydration, recovery, teaching and daily log prompts on each day.","hybrid","","80","Strength Primer - Concentric Only","strength","STRENGTH_TRAINING","Note · Day at a glance","Session: Strength Primer - Concentric Only
Type: Aerobic + Lower strength
Shape: Double in the plan schedule, one session in the session list
Relative load: Low","","","","","","","","","","","",""
"","ATHX 2027 — Women's Pro Division","Twelve-week preparation plan for ATHX 2027 — Women's edition, Pro division loads. Starts Monday 2 November 2026 and runs to competition weekend, ATHX London on 23-24 January 2027. Four phases: Base (weeks 1-4), Development (5-8), Specific (9-11), then Taper and Competition (12). Six training days a week across 72 training days and 12 rest days, 24 of them doubled AM and PM. Trains all three competition zones — Strength, Endurance and MetCon X — and carries the plan's own fuelling, hydration, recovery, teaching and daily log prompts on each day.","hybrid","","81","Complete Rest","cardio","GENERIC","Note","Optional, ten to fifteen minutes: thoracic rotation, hip flexor lengthening, ankle dorsiflexion. Nothing that raises the heart rate. If it starts to feel like a session, stop.

Feeling good on a rest day is a sign the rest day is doing its job rather than a reason to add a session.

More progress tends to be lost to training through fatigue than to taking a day off.","","","","","","","","","","","",""
"","ATHX 2027 — Women's Pro Division","Twelve-week preparation plan for ATHX 2027 — Women's edition, Pro division loads. Starts Monday 2 November 2026 and runs to competition weekend, ATHX London on 23-24 January 2027. Four phases: Base (weeks 1-4), Development (5-8), Specific (9-11), then Taper and Competition (12). Six training days a week across 72 training days and 12 rest days, 24 of them doubled AM and PM. Trains all three competition zones — Strength, Endurance and MetCon X — and carries the plan's own fuelling, hydration, recovery, teaching and daily log prompts on each day.","hybrid","","81","Complete Rest","cardio","GENERIC","Note · Why this session","Yesterday carried the heaviest central nervous system load of the week, and the weekend holds the most specific sessions. This day is part of the programme rather than a gap in it, and it is what allows Friday and Saturday to be productive.","","","","","","","","","","","",""
"","ATHX 2027 — Women's Pro Division","Twelve-week preparation plan for ATHX 2027 — Women's edition, Pro division loads. Starts Monday 2 November 2026 and runs to competition weekend, ATHX London on 23-24 January 2027. Four phases: Base (weeks 1-4), Development (5-8), Specific (9-11), then Taper and Competition (12). Six training days a week across 72 training days and 12 rest days, 24 of them doubled AM and PM. Trains all three competition zones — Strength, Endurance and MetCon X — and carries the plan's own fuelling, hydration, recovery, teaching and daily log prompts on each day.","hybrid","","81","Complete Rest","cardio","GENERIC","Note · The day before the day before","Rest is the session today, and there is nothing to gain from testing yourself. Nothing done today will improve Sunday, and a hard session could affect it.","","","","","","","","","","","",""
"","ATHX 2027 — Women's Pro Division","Twelve-week preparation plan for ATHX 2027 — Women's edition, Pro division loads. Starts Monday 2 November 2026 and runs to competition weekend, ATHX London on 23-24 January 2027. Four phases: Base (weeks 1-4), Development (5-8), Specific (9-11), then Taper and Competition (12). Six training days a week across 72 training days and 12 rest days, 24 of them doubled AM and PM. Trains all three competition zones — Strength, Endurance and MetCon X — and carries the plan's own fuelling, hydration, recovery, teaching and daily log prompts on each day.","hybrid","","81","Complete Rest","cardio","GENERIC","Note · Fuel and hydration","All day: Carbs come down because you are not training. Protein does not - rest days are when repair happens.
Intake: Eat at roughly maintenance. A build block is not the place for a deficit.
Daily macros: Day: carbs 3-4 g/kg protein 1.8-2.2 g/kg
Hydration: Session: none - baseline only, and still drink it
Electrolytes: not required today.","","","","","","","","","","","",""
"","ATHX 2027 — Women's Pro Division","Twelve-week preparation plan for ATHX 2027 — Women's edition, Pro division loads. Starts Monday 2 November 2026 and runs to competition weekend, ATHX London on 23-24 January 2027. Four phases: Base (weeks 1-4), Development (5-8), Specific (9-11), then Taper and Competition (12). Six training days a week across 72 training days and 12 rest days, 24 of them doubled AM and PM. Trains all three competition zones — Strength, Endurance and MetCon X — and carries the plan's own fuelling, hydration, recovery, teaching and daily log prompts on each day.","hybrid","","81","Complete Rest","cardio","GENERIC","Note · Recovery","Clearing central nervous system load
A working day for your nervous system even though it does not look like one. Sleep, downregulation and nutrition do the work. Get to bed thirty minutes earlier.","","","","","","","","","","","",""
"","ATHX 2027 — Women's Pro Division","Twelve-week preparation plan for ATHX 2027 — Women's edition, Pro division loads. Starts Monday 2 November 2026 and runs to competition weekend, ATHX London on 23-24 January 2027. Four phases: Base (weeks 1-4), Development (5-8), Specific (9-11), then Taper and Competition (12). Six training days a week across 72 training days and 12 rest days, 24 of them doubled AM and PM. Trains all three competition zones — Strength, Endurance and MetCon X — and carries the plan's own fuelling, hydration, recovery, teaching and daily log prompts on each day.","hybrid","","81","Complete Rest","cardio","GENERIC","Note · Log today","- Morning resting heart rate
- HRV if you track it
- If elevated two days running, reduce Friday volume by a third","","","","","","","","","","","",""
"","ATHX 2027 — Women's Pro Division","Twelve-week preparation plan for ATHX 2027 — Women's edition, Pro division loads. Starts Monday 2 November 2026 and runs to competition weekend, ATHX London on 23-24 January 2027. Four phases: Base (weeks 1-4), Development (5-8), Specific (9-11), then Taper and Competition (12). Six training days a week across 72 training days and 12 rest days, 24 of them doubled AM and PM. Trains all three competition zones — Strength, Endurance and MetCon X — and carries the plan's own fuelling, hydration, recovery, teaching and daily log prompts on each day.","hybrid","","81","Complete Rest","cardio","GENERIC","Note · Day at a glance","Session: Complete Rest
Type: Rest
Shape: Rest
Relative load: not rated","","","","","","","","","","","",""
"","ATHX 2027 — Women's Pro Division","Twelve-week preparation plan for ATHX 2027 — Women's edition, Pro division loads. Starts Monday 2 November 2026 and runs to competition weekend, ATHX London on 23-24 January 2027. Four phases: Base (weeks 1-4), Development (5-8), Specific (9-11), then Taper and Competition (12). Six training days a week across 72 training days and 12 rest days, 24 of them doubled AM and PM. Trains all three competition zones — Strength, Endurance and MetCon X — and carries the plan's own fuelling, hydration, recovery, teaching and daily log prompts on each day.","hybrid","","82","Shakeout + Movement Rehearsal","cardio","RUNNING","Note · Shakeout","20 min total.","","","","","","","","","","","",""
"","ATHX 2027 — Women's Pro Division","Twelve-week preparation plan for ATHX 2027 — Women's edition, Pro division loads. Starts Monday 2 November 2026 and runs to competition weekend, ATHX London on 23-24 January 2027. Four phases: Base (weeks 1-4), Development (5-8), Specific (9-11), then Taper and Competition (12). Six training days a week across 72 training days and 12 rest days, 24 of them doubled AM and PM. Trains all three competition zones — Strength, Endurance and MetCon X — and carries the plan's own fuelling, hydration, recovery, teaching and daily log prompts on each day.","hybrid","","82","Shakeout + Movement Rehearsal","cardio","RUNNING","Shakeout · Run","15 min easy","","","","","","","","","","","",""
"","ATHX 2027 — Women's Pro Division","Twelve-week preparation plan for ATHX 2027 — Women's edition, Pro division loads. Starts Monday 2 November 2026 and runs to competition weekend, ATHX London on 23-24 January 2027. Four phases: Base (weeks 1-4), Development (5-8), Specific (9-11), then Taper and Competition (12). Six training days a week across 72 training days and 12 rest days, 24 of them doubled AM and PM. Trains all three competition zones — Strength, Endurance and MetCon X — and carries the plan's own fuelling, hydration, recovery, teaching and daily log prompts on each day.","hybrid","","82","Shakeout + Movement Rehearsal","cardio","RUNNING","Shakeout · Strides","4 x 15 s","","","","","","","","","","","",""
"","ATHX 2027 — Women's Pro Division","Twelve-week preparation plan for ATHX 2027 — Women's edition, Pro division loads. Starts Monday 2 November 2026 and runs to competition weekend, ATHX London on 23-24 January 2027. Four phases: Base (weeks 1-4), Development (5-8), Specific (9-11), then Taper and Competition (12). Six training days a week across 72 training days and 12 rest days, 24 of them doubled AM and PM. Trains all three competition zones — Strength, Endurance and MetCon X — and carries the plan's own fuelling, hydration, recovery, teaching and daily log prompts on each day.","hybrid","","82","Shakeout + Movement Rehearsal","cardio","RUNNING","Shakeout · Ski","4 min easy","","","","","","","","","","","",""
"","ATHX 2027 — Women's Pro Division","Twelve-week preparation plan for ATHX 2027 — Women's edition, Pro division loads. Starts Monday 2 November 2026 and runs to competition weekend, ATHX London on 23-24 January 2027. Four phases: Base (weeks 1-4), Development (5-8), Specific (9-11), then Taper and Competition (12). Six training days a week across 72 training days and 12 rest days, 24 of them doubled AM and PM. Trains all three competition zones — Strength, Endurance and MetCon X — and carries the plan's own fuelling, hydration, recovery, teaching and daily log prompts on each day.","hybrid","","82","Shakeout + Movement Rehearsal","cardio","CARDIO_TRAINING","Note · Movement Rehearsal","Light.","","","","","","","","","","","",""
"","ATHX 2027 — Women's Pro Division","Twelve-week preparation plan for ATHX 2027 — Women's edition, Pro division loads. Starts Monday 2 November 2026 and runs to competition weekend, ATHX London on 23-24 January 2027. Four phases: Base (weeks 1-4), Development (5-8), Specific (9-11), then Taper and Competition (12). Six training days a week across 72 training days and 12 rest days, 24 of them doubled AM and PM. Trains all three competition zones — Strength, Endurance and MetCon X — and carries the plan's own fuelling, hydration, recovery, teaching and daily log prompts on each day.","hybrid","","82","Shakeout + Movement Rehearsal","cardio","CARDIO_TRAINING","Note · Movement Rehearsal","Five reps each of ground to overhead and burpee over bench, at light load. Movement patterns only. Stop while it still feels easy.

Pack your kit tonight. Chalk, knee sleeves (one pair, unrolled), belt, lifting shoes. No straps, no hand grips, no headphones - all banned on the floor.","","","","","","","","","","","",""
"","ATHX 2027 — Women's Pro Division","Twelve-week preparation plan for ATHX 2027 — Women's edition, Pro division loads. Starts Monday 2 November 2026 and runs to competition weekend, ATHX London on 23-24 January 2027. Four phases: Base (weeks 1-4), Development (5-8), Specific (9-11), then Taper and Competition (12). Six training days a week across 72 training days and 12 rest days, 24 of them doubled AM and PM. Trains all three competition zones — Strength, Endurance and MetCon X — and carries the plan's own fuelling, hydration, recovery, teaching and daily log prompts on each day.","hybrid","","82","Shakeout + Movement Rehearsal","cardio","RUNNING","Note · Why this session","Blood flow and familiarity, nothing more. You cannot gain fitness today and you can easily lose freshness.","","","","","","","","","","","",""
"","ATHX 2027 — Women's Pro Division","Twelve-week preparation plan for ATHX 2027 — Women's edition, Pro division loads. Starts Monday 2 November 2026 and runs to competition weekend, ATHX London on 23-24 January 2027. Four phases: Base (weeks 1-4), Development (5-8), Specific (9-11), then Taper and Competition (12). Six training days a week across 72 training days and 12 rest days, 24 of them doubled AM and PM. Trains all three competition zones — Strength, Endurance and MetCon X — and carries the plan's own fuelling, hydration, recovery, teaching and daily log prompts on each day.","hybrid","","82","Shakeout + Movement Rehearsal","cardio","RUNNING","Note · From the floor - Shakeout","Twenty minutes in total, all of it easy, finishing while you still feel fresh. The purpose is blood flow and familiarity rather than fitness, so keeping it easy matters.","","","","","","","","","","","",""
"","ATHX 2027 — Women's Pro Division","Twelve-week preparation plan for ATHX 2027 — Women's edition, Pro division loads. Starts Monday 2 November 2026 and runs to competition weekend, ATHX London on 23-24 January 2027. Four phases: Base (weeks 1-4), Development (5-8), Specific (9-11), then Taper and Competition (12). Six training days a week across 72 training days and 12 rest days, 24 of them doubled AM and PM. Trains all three competition zones — Strength, Endurance and MetCon X — and carries the plan's own fuelling, hydration, recovery, teaching and daily log prompts on each day.","hybrid","","82","Shakeout + Movement Rehearsal","cardio","RUNNING","Note · Fuel and hydration","Pre: 40-50 g carbohydrate, 90 min before.
Intra: Electrolyte drink between rounds, not during them.
Post: 40 g protein plus 1.0 g/kg carbs within two hours.
Daily macros: Day: carbs 5-6 g/kg protein 1.8-2.2 g/kg
Hydration: Session: sweat rate x 1.2
Electrolytes: required. Highest sweat rate of your week.","","","","","","","","","","","",""
"","ATHX 2027 — Women's Pro Division","Twelve-week preparation plan for ATHX 2027 — Women's edition, Pro division loads. Starts Monday 2 November 2026 and runs to competition weekend, ATHX London on 23-24 January 2027. Four phases: Base (weeks 1-4), Development (5-8), Specific (9-11), then Taper and Competition (12). Six training days a week across 72 training days and 12 rest days, 24 of them doubled AM and PM. Trains all three competition zones — Strength, Endurance and MetCon X — and carries the plan's own fuelling, hydration, recovery, teaching and daily log prompts on each day.","hybrid","","82","Shakeout + Movement Rehearsal","cardio","RUNNING","Note · Recovery","High metabolic · moderate mechanical
Loaded squatting and grip, no heavy eccentrics. Twenty minutes of easy walking or light cycling tonight. Not running - tomorrow needs your legs.","","","","","","","","","","","",""
"","ATHX 2027 — Women's Pro Division","Twelve-week preparation plan for ATHX 2027 — Women's edition, Pro division loads. Starts Monday 2 November 2026 and runs to competition weekend, ATHX London on 23-24 January 2027. Four phases: Base (weeks 1-4), Development (5-8), Specific (9-11), then Taper and Competition (12). Six training days a week across 72 training days and 12 rest days, 24 of them doubled AM and PM. Trains all three competition zones — Strength, Endurance and MetCon X — and carries the plan's own fuelling, hydration, recovery, teaching and daily log prompts on each day.","hybrid","","82","Shakeout + Movement Rehearsal","cardio","RUNNING","Note · Log today","- Time for each round
- Drop from round one to the final round, target within 10%
- Where the sandbag block broke down","","","","","","","","","","","",""
"","ATHX 2027 — Women's Pro Division","Twelve-week preparation plan for ATHX 2027 — Women's edition, Pro division loads. Starts Monday 2 November 2026 and runs to competition weekend, ATHX London on 23-24 January 2027. Four phases: Base (weeks 1-4), Development (5-8), Specific (9-11), then Taper and Competition (12). Six training days a week across 72 training days and 12 rest days, 24 of them doubled AM and PM. Trains all three competition zones — Strength, Endurance and MetCon X — and carries the plan's own fuelling, hydration, recovery, teaching and daily log prompts on each day.","hybrid","","82","Shakeout + Movement Rehearsal","cardio","RUNNING","Note · Day at a glance","Session: Shakeout + Movement Rehearsal
Type: MetCon circuit
Shape: Single
Relative load: Very low","","","","","","","","","","","",""
"","ATHX 2027 — Women's Pro Division","Twelve-week preparation plan for ATHX 2027 — Women's edition, Pro division loads. Starts Monday 2 November 2026 and runs to competition weekend, ATHX London on 23-24 January 2027. Four phases: Base (weeks 1-4), Development (5-8), Specific (9-11), then Taper and Competition (12). Six training days a week across 72 training days and 12 rest days, 24 of them doubled AM and PM. Trains all three competition zones — Strength, Endurance and MetCon X — and carries the plan's own fuelling, hydration, recovery, teaching and daily log prompts on each day.","hybrid","","83","Rest or Travel","cardio","GENERIC","Note","Complete rest. A twenty minute walk is permitted and often helps if you are travelling or sitting for long periods.

Confirm your zone order and start times. Write your deadlift attempt weights on paper and put it in your bag.

Eat normally. There is no loading protocol for this event - total working time across the three zones is around sixty-nine minutes spread over two and a half hours, so glycogen is not your limiter. Loading buys water weight and a heavy gut for no return.","","","","","","","","","","","",""
"","ATHX 2027 — Women's Pro Division","Twelve-week preparation plan for ATHX 2027 — Women's edition, Pro division loads. Starts Monday 2 November 2026 and runs to competition weekend, ATHX London on 23-24 January 2027. Four phases: Base (weeks 1-4), Development (5-8), Specific (9-11), then Taper and Competition (12). Six training days a week across 72 training days and 12 rest days, 24 of them doubled AM and PM. Trains all three competition zones — Strength, Endurance and MetCon X — and carries the plan's own fuelling, hydration, recovery, teaching and daily log prompts on each day.","hybrid","","83","Rest or Travel","cardio","GENERIC","Note · Why this session","Nothing physical. Use the day for logistics so competition morning holds no decisions.","","","","","","","","","","","",""
"","ATHX 2027 — Women's Pro Division","Twelve-week preparation plan for ATHX 2027 — Women's edition, Pro division loads. Starts Monday 2 November 2026 and runs to competition weekend, ATHX London on 23-24 January 2027. Four phases: Base (weeks 1-4), Development (5-8), Specific (9-11), then Taper and Competition (12). Six training days a week across 72 training days and 12 rest days, 24 of them doubled AM and PM. Trains all three competition zones — Strength, Endurance and MetCon X — and carries the plan's own fuelling, hydration, recovery, teaching and daily log prompts on each day.","hybrid","","83","Rest or Travel","cardio","GENERIC","Note · From the floor - The night before","Pack the bag, write the card and set two alarms. Eat normally, since there is no loading protocol for this event. Then leave it there. The work is done.","","","","","","","","","","","",""
"","ATHX 2027 — Women's Pro Division","Twelve-week preparation plan for ATHX 2027 — Women's edition, Pro division loads. Starts Monday 2 November 2026 and runs to competition weekend, ATHX London on 23-24 January 2027. Four phases: Base (weeks 1-4), Development (5-8), Specific (9-11), then Taper and Competition (12). Six training days a week across 72 training days and 12 rest days, 24 of them doubled AM and PM. Trains all three competition zones — Strength, Endurance and MetCon X — and carries the plan's own fuelling, hydration, recovery, teaching and daily log prompts on each day.","hybrid","","83","Rest or Travel","cardio","GENERIC","Note · Fuel and hydration","Pre: 40-50 g carbohydrate, 90 min before. Under-fuel this and the data is meaningless.
Post: 30-40 g protein plus 1.0 g/kg carbohydrate.
Daily macros: Day: carbs 5-6 g/kg protein 1.8-2.2 g/kg
Hydration: Session: sweat rate x 1.1
Electrolytes: yes. Sip between rounds.","","","","","","","","","","","",""
"","ATHX 2027 — Women's Pro Division","Twelve-week preparation plan for ATHX 2027 — Women's edition, Pro division loads. Starts Monday 2 November 2026 and runs to competition weekend, ATHX London on 23-24 January 2027. Four phases: Base (weeks 1-4), Development (5-8), Specific (9-11), then Taper and Competition (12). Six training days a week across 72 training days and 12 rest days, 24 of them doubled AM and PM. Trains all three competition zones — Strength, Endurance and MetCon X — and carries the plan's own fuelling, hydration, recovery, teaching and daily log prompts on each day.","hybrid","","83","Rest or Travel","cardio","GENERIC","Note · Recovery","High metabolic · moderate mechanical
Tomorrow's easy aerobic is your recovery, which is why it sits there. Sleep is tonight's priority. Legs beaten up in the morning? Take Sunday as a walk.","","","","","","","","","","","",""
"","ATHX 2027 — Women's Pro Division","Twelve-week preparation plan for ATHX 2027 — Women's edition, Pro division loads. Starts Monday 2 November 2026 and runs to competition weekend, ATHX London on 23-24 January 2027. Four phases: Base (weeks 1-4), Development (5-8), Specific (9-11), then Taper and Competition (12). Six training days a week across 72 training days and 12 rest days, 24 of them doubled AM and PM. Trains all three competition zones — Strength, Endurance and MetCon X — and carries the plan's own fuelling, hydration, recovery, teaching and daily log prompts on each day.","hybrid","","83","Rest or Travel","cardio","GENERIC","Note · Log today","- Ski metres per round, or 500 m splits if rehearsing the full zone
- Final round as a percentage of the first, target within 5%
- How the first thirty seconds of each ski felt","","","","","","","","","","","",""
"","ATHX 2027 — Women's Pro Division","Twelve-week preparation plan for ATHX 2027 — Women's edition, Pro division loads. Starts Monday 2 November 2026 and runs to competition weekend, ATHX London on 23-24 January 2027. Four phases: Base (weeks 1-4), Development (5-8), Specific (9-11), then Taper and Competition (12). Six training days a week across 72 training days and 12 rest days, 24 of them doubled AM and PM. Trains all three competition zones — Strength, Endurance and MetCon X — and carries the plan's own fuelling, hydration, recovery, teaching and daily log prompts on each day.","hybrid","","83","Rest or Travel","cardio","GENERIC","Note · Day at a glance","Session: Rest or Travel
Type: Run to ski transition
Shape: Single
Relative load: not rated","","","","","","","","","","","",""
"","ATHX 2027 — Women's Pro Division","Twelve-week preparation plan for ATHX 2027 — Women's edition, Pro division loads. Starts Monday 2 November 2026 and runs to competition weekend, ATHX London on 23-24 January 2027. Four phases: Base (weeks 1-4), Development (5-8), Specific (9-11), then Taper and Competition (12). Six training days a week across 72 training days and 12 rest days, 24 of them doubled AM and PM. Trains all three competition zones — Strength, Endurance and MetCon X — and carries the plan's own fuelling, hydration, recovery, teaching and daily log prompts on each day.","hybrid","","84","Competition","cardio","GENERIC","Note","STRENGTH: arrive warm. Open the deadlift at a weight you are certain of - a miss costs half the component and can drop your Strength placing by dozens of positions.

ENDURANCE: one twenty-four minute effort, not two events. Run the buy-in at your rehearsed pace from the gun. Every second saved is roughly four metres of ski score.

METCON X: control the opening row. The sandbag squat into carry is the crux - one full exhale per ascent, no breath holding, and do not set the bag down.

Lowest total placing wins, so consistency across the three zones matters more than an outstanding result in one.","","","","","","","","","","","",""
"","ATHX 2027 — Women's Pro Division","Twelve-week preparation plan for ATHX 2027 — Women's edition, Pro division loads. Starts Monday 2 November 2026 and runs to competition weekend, ATHX London on 23-24 January 2027. Four phases: Base (weeks 1-4), Development (5-8), Specific (9-11), then Taper and Competition (12). Six training days a week across 72 training days and 12 rest days, 24 of them doubled AM and PM. Trains all three competition zones — Strength, Endurance and MetCon X — and carries the plan's own fuelling, hydration, recovery, teaching and daily log prompts on each day.","hybrid","","84","Competition","cardio","GENERIC","Note · Why this session","Twelve weeks of work come together today. The aim is to execute what you have rehearsed and avoid unnecessary risk in any zone.","","","","","","","","","","","",""
"","ATHX 2027 — Women's Pro Division","Twelve-week preparation plan for ATHX 2027 — Women's edition, Pro division loads. Starts Monday 2 November 2026 and runs to competition weekend, ATHX London on 23-24 January 2027. Four phases: Base (weeks 1-4), Development (5-8), Specific (9-11), then Taper and Competition (12). Six training days a week across 72 training days and 12 rest days, 24 of them doubled AM and PM. Trains all three competition zones — Strength, Endurance and MetCon X — and carries the plan's own fuelling, hydration, recovery, teaching and daily log prompts on each day.","hybrid","","84","Competition","cardio","GENERIC","Note · Score impact","Lowest total placing wins, so three solid zones will usually finish ahead of two excellent ones and a poor one. Open the deadlift conservatively, run the buy-in at your rehearsed pace, control the opening row, and race the rest.","","","","","","","","","","","",""
"","ATHX 2027 — Women's Pro Division","Twelve-week preparation plan for ATHX 2027 — Women's edition, Pro division loads. Starts Monday 2 November 2026 and runs to competition weekend, ATHX London on 23-24 January 2027. Four phases: Base (weeks 1-4), Development (5-8), Specific (9-11), then Taper and Competition (12). Six training days a week across 72 training days and 12 rest days, 24 of them doubled AM and PM. Trains all three competition zones — Strength, Endurance and MetCon X — and carries the plan's own fuelling, hydration, recovery, teaching and daily log prompts on each day.","hybrid","","84","Competition","cardio","GENERIC","Note · Fuel and hydration","Pre: Optional. Small carbohydrate serving if you prefer not to train empty.
Post: Normal meal within a couple of hours.
Daily macros: Day: carbs 4-5 g/kg protein 1.8-2.2 g/kg
Hydration: Session: sweat rate x 0.8
Electrolytes: only if over 60 min or hot.","","","","","","","","","","","",""
"","ATHX 2027 — Women's Pro Division","Twelve-week preparation plan for ATHX 2027 — Women's edition, Pro division loads. Starts Monday 2 November 2026 and runs to competition weekend, ATHX London on 23-24 January 2027. Four phases: Base (weeks 1-4), Development (5-8), Specific (9-11), then Taper and Competition (12). Six training days a week across 72 training days and 12 rest days, 24 of them doubled AM and PM. Trains all three competition zones — Strength, Endurance and MetCon X — and carries the plan's own fuelling, hydration, recovery, teaching and daily log prompts on each day.","hybrid","","84","Competition","cardio","GENERIC","Note · Recovery","Minimal · this session is the recovery
Low mechanical load, sustained blood flow, negligible metabolic cost. After it, take the rest of the day genuinely off.","","","","","","","","","","","",""
"","ATHX 2027 — Women's Pro Division","Twelve-week preparation plan for ATHX 2027 — Women's edition, Pro division loads. Starts Monday 2 November 2026 and runs to competition weekend, ATHX London on 23-24 January 2027. Four phases: Base (weeks 1-4), Development (5-8), Specific (9-11), then Taper and Competition (12). Six training days a week across 72 training days and 12 rest days, 24 of them doubled AM and PM. Trains all three competition zones — Strength, Endurance and MetCon X — and carries the plan's own fuelling, hydration, recovery, teaching and daily log prompts on each day.","hybrid","","84","Competition","cardio","GENERIC","Note · Log today","- Average heart rate
- Compare to the same session in Week 1
- How the week felt overall","","","","","","","","","","","",""
"","ATHX 2027 — Women's Pro Division","Twelve-week preparation plan for ATHX 2027 — Women's edition, Pro division loads. Starts Monday 2 November 2026 and runs to competition weekend, ATHX London on 23-24 January 2027. Four phases: Base (weeks 1-4), Development (5-8), Specific (9-11), then Taper and Competition (12). Six training days a week across 72 training days and 12 rest days, 24 of them doubled AM and PM. Trains all three competition zones — Strength, Endurance and MetCon X — and carries the plan's own fuelling, hydration, recovery, teaching and daily log prompts on each day.","hybrid","","84","Competition","cardio","GENERIC","Note · Day at a glance","Session: Competition
Type: Easy aerobic
Shape: Single
Relative load: not rated","","","","","","","","","","","",""
